{
"type": "FeatureCollection",
"name": "buildings_processed",
"crs": { "type": "name", "properties": { "name": "urn:ogc:def:crs:EPSG::32643" } },
"features": [
{ "type": "Feature", "properties": { "name": "Building (Unlabeled)", "building": "stadium", "building:levels": null, "height": null, "addr:street": null, "footprint_area_sqm": 8385.6853108131836, "perimeter_m": 676.10250555622395, "length_m": 239.69, "breadth_m": 117.91, "floors": 4.0, "height_m": 12.8 }, "geometry": { "type": "Polygon", "coordinates": [ [ [ 270844.089784607407637, 2094701.628506332403049 ], [ 270840.13396093522897, 2094715.794997805496678 ], [ 270843.148415863746777, 2094733.817451594164595 ], [ 270874.231837856466882, 2094807.300426982110366 ], [ 270884.703781680960674, 2094818.27728775003925 ], [ 270902.116085042303894, 2094825.558902176795527 ], [ 270923.046475309762172, 2094824.19366900017485 ], [ 271000.140727843507193, 2094789.682307434501126 ], [ 271007.14938358636573, 2094779.553011288167909 ], [ 271030.6041129976511, 2094796.637166402069852 ], [ 271017.629172522225417, 2094811.700872184708714 ], [ 270950.972192906425335, 2094839.838536161929369 ], [ 270953.210810834541917, 2094848.77985303173773 ], [ 270902.150961587147322, 2094854.89011510158889 ], [ 270876.42707965162117, 2094847.766320555238053 ], [ 270854.887466245796531, 2094826.2075043565128 ], [ 270816.60855455941055, 2094742.570996123598889 ], [ 270811.840338302310556, 2094718.192275313893333 ], [ 270814.182082381681539, 2094693.615166345611215 ], [ 270844.089784607407637, 2094701.628506332403049 ] ] ] } },
{ "type": "Feature", "properties": { "name": "Taj Mahal Palace", "building": "yes", "building:levels": "6", "height": null, "addr:street": "Prem J. Ramchandani Road", "footprint_area_sqm": 7394.7470012350814, "perimeter_m": 582.88481430274555, "length_m": 153.75, "breadth_m": 75.34, "floors": 6.0, "height_m": 19.2 }, "geometry": { "type": "Polygon", "coordinates": [ [ [ 271717.099241184769198, 2093531.623948271153495 ], [ 271728.212490780861117, 2093556.21278296969831 ], [ 271773.423366873757914, 2093536.015094987582415 ], [ 271797.307309407740831, 2093588.892890735995024 ], [ 271762.586845279613044, 2093604.388795568374917 ], [ 271777.084047915646806, 2093636.830921204760671 ], [ 271786.126275237184018, 2093656.67287889868021 ], [ 271776.893786374595948, 2093660.827683991519734 ], [ 271781.593629887676798, 2093671.145084231626242 ], [ 271816.658125133719295, 2093655.357091381214559 ], [ 271812.131762588745914, 2093645.436171090463176 ], [ 271841.538748380029574, 2093632.308644521050155 ], [ 271832.732573998626322, 2093612.807022131280974 ], [ 271819.695503355353139, 2093618.636154450010508 ], [ 271815.590357500012033, 2093609.551586249377578 ], [ 271831.7296168684843, 2093602.344605139922351 ], [ 271785.890485099691432, 2093500.905780864180997 ], [ 271717.099241184769198, 2093531.623948271153495 ] ] ] } },
{ "type": "Feature", "properties": { "name": "Maharashtra Vidhan Bhavan", "building": "apartments", "building:levels": null, "height": null, "addr:street": null, "footprint_area_sqm": 4498.3515175717002, "perimeter_m": 255.07173999033563, "length_m": 75.19, "breadth_m": 65.37, "floors": 4.0, "height_m": 12.8 }, "geometry": { "type": "Polygon", "coordinates": [ [ [ 270825.34735055314377, 2094079.539315478643402 ], [ 270832.833754392806441, 2094089.346060139825568 ], [ 270843.345637715072371, 2094095.837996592512354 ], [ 270855.492327441694215, 2094098.179668402299285 ], [ 270867.679128333576955, 2094096.080694136209786 ], [ 270878.318167655495927, 2094089.804240216501057 ], [ 270886.01803159120027, 2094080.164684363873675 ], [ 270889.772585169645026, 2094068.458854605443776 ], [ 270880.926597491372377, 2094017.577996611362323 ], [ 270816.501184507738799, 2094028.658469587331638 ], [ 270825.34735055314377, 2094079.539315478643402 ] ] ] } },
{ "type": "Feature", "properties": { "name": "Bombay Stock Exchange", "building": "apartments", "building:levels": null, "height": null, "addr:street": null, "footprint_area_sqm": 3827.1531401097977, "perimeter_m": 277.25085149260519, "length_m": 103.46, "breadth_m": 57.66, "floors": 4.0, "height_m": 12.8 }, "geometry": { "type": "Polygon", "coordinates": [ [ [ 271771.851677720318548, 2094454.533036618959159 ], [ 271771.454791573225521, 2094457.394654561299831 ], [ 271771.485643153544515, 2094459.907769127981737 ], [ 271772.245545185636729, 2094461.725428925827146 ], [ 271793.008778273593634, 2094470.749432702315971 ], [ 271793.296553112799302, 2094473.591572913574055 ], [ 271799.214837964915205, 2094476.741068891948089 ], [ 271803.86133781215176, 2094478.433513957774267 ], [ 271807.243984374566935, 2094483.607214319519699 ], [ 271804.128774872748181, 2094500.221217931248248 ], [ 271807.53643724496942, 2094503.999456301564351 ], [ 271858.99560017476324, 2094503.73328544292599 ], [ 271861.84172706422396, 2094501.2513024401851 ], [ 271858.104961598408408, 2094469.795464077033103 ], [ 271855.33297252911143, 2094464.581044107908383 ], [ 271838.341699363663793, 2094457.249087992589921 ], [ 271837.052045656950213, 2094455.194329342106357 ], [ 271829.83281959744636, 2094450.787432678742334 ], [ 271815.257306290674023, 2094446.260446160566062 ], [ 271808.289281370001845, 2094443.433863354614004 ], [ 271804.894303287379444, 2094443.265153714688495 ], [ 271805.375550201511942, 2094439.549907247303054 ], [ 271801.200959827867337, 2094437.674505805363879 ], [ 271788.394966391439084, 2094433.092600531643257 ], [ 271786.437291193869896, 2094431.555386864347383 ], [ 271783.273208804661408, 2094430.453743432182819 ], [ 271781.8168772739009, 2094430.272312751272693 ], [ 271780.408596142660826, 2094431.430083807324991 ], [ 271776.16103590989951, 2094439.919590309029445 ], [ 271775.822538854903542, 2094441.529280954040587 ], [ 271776.219410239020362, 2094443.816449054516852 ], [ 271776.030855103745125, 2094445.623606869485229 ], [ 271771.851677720318548, 2094454.533036618959159 ] ] ] } },
{ "type": "Feature", "properties": { "name": "Hotel Marine Plaza", "building": "yes", "building:levels": "6", "height": null, "addr:street": null, "footprint_area_sqm": 1012.9864808726138, "perimeter_m": 127.45616058775485, "length_m": 33.54, "breadth_m": 30.34, "floors": 6.0, "height_m": 19.2 }, "geometry": { "type": "Polygon", "coordinates": [ [ [ 270736.570633985335007, 2094646.051499504828826 ], [ 270722.49918659159448, 2094615.775032874429598 ], [ 270750.07642874767771, 2094603.122049946105108 ], [ 270764.147835705778562, 2094633.398533349391073 ], [ 270736.570633985335007, 2094646.051499504828826 ] ] ] } },
{ "type": "Feature", "properties": { "name": "Cafe Leopold", "building": "yes", "building:levels": null, "height": null, "addr:street": null, "footprint_area_sqm": 445.65663077804095, "perimeter_m": 87.308220582562171, "length_m": 27.92, "breadth_m": 16.32, "floors": 4.0, "height_m": 12.8 }, "geometry": { "type": "Polygon", "coordinates": [ [ [ 271634.473934601526707, 2093690.335005393950269 ], [ 271660.384141428512521, 2093679.929688418051228 ], [ 271654.244906606385484, 2093664.81337751634419 ], [ 271629.446313182241283, 2093674.784290321869776 ], [ 271634.473934601526707, 2093690.335005393950269 ] ] ] } },
{ "type": "Feature", "properties": { "name": "Roosevelt House", "building": "apartments", "building:levels": "3", "height": null, "addr:street": "B K Boman Behram Marg, behind Taj mahal hotel, Apollo Bandar, Colaba", "footprint_area_sqm": 490.20537507469385, "perimeter_m": 91.064608756995852, "length_m": 28.14, "breadth_m": 17.47, "floors": 3.0, "height_m": 9.6 }, "geometry": { "type": "Polygon", "coordinates": [ [ [ 271729.778072457527742, 2093682.056391616351902 ], [ 271755.488222547923215, 2093670.801075880881399 ], [ 271748.411314810160547, 2093654.832583276322111 ], [ 271722.701144548598677, 2093666.087906749919057 ], [ 271729.778072457527742, 2093682.056391616351902 ] ] ] } },
{ "type": "Feature", "properties": { "name": "Bowen Memorial Methodist Church", "building": "yes", "building:levels": null, "height": null, "addr:street": "Tullock Road", "footprint_area_sqm": 354.70359152811551, "perimeter_m": 77.297436061935898, "length_m": 24.24, "breadth_m": 18.56, "floors": 4.0, "height_m": 12.8 }, "geometry": { "type": "Polygon", "coordinates": [ [ [ 271737.455902507470455, 2093760.721929227234796 ], [ 271750.827950112521648, 2093745.277551688719541 ], [ 271744.329972774372436, 2093730.973927504848689 ], [ 271728.162500832811929, 2093740.163353334646672 ], [ 271737.455902507470455, 2093760.721929227234796 ] ] ] } },
{ "type": "Feature", "properties": { "name": "Gokul Bar & Wine shop", "building": "yes", "building:levels": null, "height": null, "addr:street": null, "footprint_area_sqm": 450.23817621048545, "perimeter_m": 85.138358465208228, "length_m": 23.04, "breadth_m": 19.62, "floors": 4.0, "height_m": 12.8 }, "geometry": { "type": "Polygon", "coordinates": [ [ [ 271690.874433122109622, 2093735.31726391473785 ], [ 271708.914950216712896, 2093727.632838643854484 ], [ 271699.836368408170529, 2093706.551220341352746 ], [ 271681.785296658286825, 2093714.235781847964972 ], [ 271690.874433122109622, 2093735.31726391473785 ] ] ] } },
{ "type": "Feature", "properties": { "name": "Building (Unlabeled)", "building": "yes", "building:levels": null, "height": null, "addr:street": null, "footprint_area_sqm": 306.57895078316176, "perimeter_m": 70.59182450696126, "length_m": 19.95, "breadth_m": 15.44, "floors": 4.0, "height_m": 12.8 }, "geometry": { "type": "Polygon", "coordinates": [ [ [ 271745.368465549778193, 2093807.860747063998133 ], [ 271757.898026628303342, 2093792.459928814088926 ], [ 271745.861553302500397, 2093782.786211413796991 ], [ 271733.331993679574225, 2093798.187037984840572 ], [ 271745.368465549778193, 2093807.860747063998133 ] ] ] } },
{ "type": "Feature", "properties": { "name": "Gordon House Hotel", "building": "yes", "building:levels": null, "height": null, "addr:street": "Battery Street", "footprint_area_sqm": 363.96662418096031, "perimeter_m": 77.145217638289964, "length_m": 22.48, "breadth_m": 16.62, "floors": 4.0, "height_m": 12.8 }, "geometry": { "type": "Polygon", "coordinates": [ [ [ 271747.612017445906531, 2093811.221442360430956 ], [ 271760.79204061976634, 2093821.346175685757771 ], [ 271774.111661274917424, 2093804.208339011762291 ], [ 271761.632368591031991, 2093793.654235371155664 ], [ 271747.612017445906531, 2093811.221442360430956 ] ] ] } },
{ "type": "Feature", "properties": { "name": "Hotel Suba Palace", "building": "yes", "building:levels": null, "height": null, "addr:street": null, "footprint_area_sqm": 230.44445777740287, "perimeter_m": 61.905151533033624, "length_m": 19.05, "breadth_m": 12.5, "floors": 4.0, "height_m": 12.8 }, "geometry": { "type": "Polygon", "coordinates": [ [ [ 271763.189831556403078, 2093822.678684319369495 ], [ 271772.647473015240394, 2093830.867103957571089 ], [ 271784.028836897981819, 2093816.355133876670152 ], [ 271774.57119457970839, 2093808.166708322009072 ], [ 271763.189831556403078, 2093822.678684319369495 ] ] ] } },
{ "type": "Feature", "properties": { "name": "Apollo Hotel", "building": "yes", "building:levels": null, "height": null, "addr:street": null, "footprint_area_sqm": 185.31919477081436, "perimeter_m": 58.743133583027074, "length_m": 20.62, "breadth_m": 9.19, "floors": 4.0, "height_m": 12.8 }, "geometry": { "type": "Polygon", "coordinates": [ [ [ 271721.818939580814913, 2093808.836302411975339 ], [ 271737.735068285604939, 2093821.241620526649058 ], [ 271732.432218198198825, 2093828.758604153757915 ], [ 271716.526626956299879, 2093816.353161459090188 ], [ 271721.818939580814913, 2093808.836302411975339 ] ] ] } },
{ "type": "Feature", "properties": { "name": "LIC", "building": "apartments", "building:levels": null, "height": null, "addr:street": null, "footprint_area_sqm": 196.2892620065229, "perimeter_m": 61.441833468579482, "length_m": 22.03, "breadth_m": 9.27, "floors": 4.0, "height_m": 12.8 }, "geometry": { "type": "Polygon", "coordinates": [ [ [ 270807.046717487159185, 2094444.755034618778154 ], [ 270816.086653264763299, 2094445.540483368095011 ], [ 270828.83492921263678, 2094446.269151294836774 ], [ 270829.277008223580196, 2094437.682341314386576 ], [ 270817.059893206052948, 2094436.4488519821316 ], [ 270807.65970042522531, 2094435.501752588199452 ], [ 270807.046717487159185, 2094444.755034618778154 ] ] ] } },
{ "type": "Feature", "properties": { "name": "Keneseth Eliyahoo Synagogue", "building": "yes", "building:levels": null, "height": null, "addr:street": null, "footprint_area_sqm": 202.19558208217418, "perimeter_m": 56.990288257413781, "length_m": 15.05, "breadth_m": 14.45, "floors": 4.0, "height_m": 12.8 }, "geometry": { "type": "Polygon", "coordinates": [ [ [ 271733.545170236495323, 2094280.797184731811285 ], [ 271746.244848326256033, 2094281.859265534207225 ], [ 271748.743090883479454, 2094267.345560491317883 ], [ 271734.382534446660429, 2094265.750234508188441 ], [ 271733.545170236495323, 2094280.797184731811285 ] ] ] } },
{ "type": "Feature", "properties": { "name": "Bombay House", "building": "yes", "building:levels": null, "height": null, "addr:street": null, "footprint_area_sqm": 1755.7144349403115, "perimeter_m": 192.01770561605056, "length_m": 75.02, "breadth_m": 25.66, "floors": 4.0, "height_m": 12.8 }, "geometry": { "type": "Polygon", "coordinates": [ [ [ 271728.126696894527413, 2094680.498190298676491 ], [ 271796.449044499662705, 2094668.597734313458204 ], [ 271793.607368258177303, 2094645.690071135526523 ], [ 271789.611104205716401, 2094643.746052035829052 ], [ 271719.906170337053481, 2094659.760386614361778 ], [ 271723.774746384471655, 2094677.905265985522419 ], [ 271728.126696894527413, 2094680.498190298676491 ] ] ] } },
{ "type": "Feature", "properties": { "name": "Regal Cinema", "building": "apartments", "building:levels": null, "height": null, "addr:street": null, "footprint_area_sqm": 1255.003913391492, "perimeter_m": 137.17814781601774, "length_m": 43.02, "breadth_m": 31.24, "floors": 4.0, "height_m": 12.8 }, "geometry": { "type": "Polygon", "coordinates": [ [ [ 271750.918008283013478, 2093878.823698151856661 ], [ 271733.936783816840034, 2093899.826571809593588 ], [ 271728.568652094632853, 2093904.598343004472554 ], [ 271722.725064414786175, 2093907.548964458750561 ], [ 271715.915882062283345, 2093905.661618373123929 ], [ 271710.213567105820403, 2093901.236121183726937 ], [ 271706.467699873726815, 2093895.668269396293908 ], [ 271704.37662752403412, 2093886.702943358104676 ], [ 271726.655225674447138, 2093859.456474150530994 ], [ 271750.918008283013478, 2093878.823698151856661 ] ] ] } },
{ "type": "Feature", "properties": { "name": "New India Assurance", "building": "yes", "building:levels": null, "height": null, "addr:street": null, "footprint_area_sqm": 909.31718529782938, "perimeter_m": 142.08873902140476, "length_m": 33.21, "breadth_m": 31.36, "floors": 4.0, "height_m": 12.8 }, "geometry": { "type": "Polygon", "coordinates": [ [ [ 271481.171831792395096, 2093970.452064894605428 ], [ 271484.075708401622251, 2094003.534742922056466 ], [ 271458.823788331239484, 2094005.727430665865541 ], [ 271453.258627049508505, 2094003.891328278463334 ], [ 271451.656741044484079, 2093992.727614839561284 ], [ 271456.247397603932768, 2093989.00613884604536 ], [ 271459.799297519028187, 2093990.789476801641285 ], [ 271463.472980553749949, 2093990.478583317482844 ], [ 271462.958370214793831, 2093984.616390700219199 ], [ 271455.47444629058009, 2093985.273074686992913 ], [ 271454.383153701550327, 2093972.785437702434137 ], [ 271481.171831792395096, 2093970.452064894605428 ] ] ] } },
{ "type": "Feature", "properties": { "name": "St Anne's High Scool", "building": "yes", "building:levels": null, "height": null, "addr:street": null, "footprint_area_sqm": 991.36891560477648, "perimeter_m": 126.0820535943694, "length_m": 33.08, "breadth_m": 30.05, "floors": 4.0, "height_m": 12.8 }, "geometry": { "type": "Polygon", "coordinates": [ [ [ 271583.767466388817411, 2093941.676003107102588 ], [ 271591.610955272684805, 2093973.723607630236074 ], [ 271620.817859224393032, 2093966.665925982175395 ], [ 271612.974420664831996, 2093934.618314330233261 ], [ 271583.767466388817411, 2093941.676003107102588 ] ] ] } },
{ "type": "Feature", "properties": { "name": "Building (Unlabeled)", "building": "yes", "building:levels": null, "height": null, "addr:street": null, "footprint_area_sqm": 720.68136141153468, "perimeter_m": 112.39110437774229, "length_m": 36.41, "breadth_m": 19.81, "floors": 4.0, "height_m": 12.8 }, "geometry": { "type": "Polygon", "coordinates": [ [ [ 271473.24122657510452, 2093933.04638161486946 ], [ 271437.121283783810213, 2093937.487528331112117 ], [ 271439.565181284211576, 2093957.144706795690581 ], [ 271475.684949305490591, 2093952.692489795386791 ], [ 271473.24122657510452, 2093933.04638161486946 ] ] ] } },
{ "type": "Feature", "properties": { "name": "Campion School", "building": "yes", "building:levels": "4", "height": null, "addr:street": "Cooperage St, Dr Ambedkar Statue Chowk Area, Colaba", "footprint_area_sqm": 1302.2157308053447, "perimeter_m": 213.55518124618823, "length_m": 47.39, "breadth_m": 37.35, "floors": 4.0, "height_m": 12.8 }, "geometry": { "type": "Polygon", "coordinates": [ [ [ 271432.827069476479664, 2093931.893244258128107 ], [ 271462.328228440950625, 2093928.197791120735928 ], [ 271461.818380559561774, 2093922.723083704244345 ], [ 271456.210526777547784, 2093922.55947608477436 ], [ 271456.249912592116743, 2093918.905009798472747 ], [ 271466.251490005059168, 2093918.184171098982915 ], [ 271465.083981959847733, 2093909.783287600846961 ], [ 271456.52660925721284, 2093910.552813538582996 ], [ 271455.843059527454898, 2093902.090619078604504 ], [ 271459.686692365910858, 2093901.888365023303777 ], [ 271459.083850571885705, 2093895.706149429548532 ], [ 271451.462653930298984, 2093896.342372454004362 ], [ 271450.81968941364903, 2093888.610475637251511 ], [ 271459.073032911808696, 2093887.966483994619921 ], [ 271458.963542262732517, 2093882.486856505041942 ], [ 271426.96431099268375, 2093885.271832966478541 ], [ 271427.38776373793371, 2093889.717843644786626 ], [ 271425.226833815744612, 2093893.940947986207902 ], [ 271425.8444206090644, 2093898.749970821896568 ], [ 271431.008091582683846, 2093899.638753490755334 ], [ 271431.312598896678537, 2093904.695223262999207 ], [ 271435.799454694497399, 2093904.529349032323807 ], [ 271436.280521881184541, 2093912.805797037435696 ], [ 271430.039102407696191, 2093913.391853197012097 ], [ 271432.827069476479664, 2093931.893244258128107 ] ] ] } },
{ "type": "Feature", "properties": { "name": "YWCA International Centre", "building": "yes", "building:levels": "3", "height": null, "addr:street": "Madame Came Road, Kala Ghoda Fort", "footprint_area_sqm": 990.07398235101368, "perimeter_m": 126.03401104023992, "length_m": 33.25, "breadth_m": 29.86, "floors": 3.0, "height_m": 9.6 }, "geometry": { "type": "Polygon", "coordinates": [ [ [ 271551.944995502009988, 2093979.426086989231408 ], [ 271584.177996856276877, 2093971.666809922084212 ], [ 271577.098854242940433, 2093942.654801154276356 ], [ 271544.865802599058952, 2093950.414085305295885 ], [ 271551.944995502009988, 2093979.426086989231408 ] ] ] } },
{ "type": "Feature", "properties": { "name": "Beryl House", "building": "apartments", "building:levels": "4", "height": null, "addr:street": "Nathalal Parikh Marg, Scindia Society, Police Colony, Apollo Bandar, Colaba", "footprint_area_sqm": 816.45156288033945, "perimeter_m": 116.17999786672723, "length_m": 34.38, "breadth_m": 23.84, "floors": 4.0, "height_m": 12.8 }, "geometry": { "type": "Polygon", "coordinates": [ [ [ 271465.464693502930459, 2093809.570926338899881 ], [ 271485.481350696238223, 2093781.776157884160057 ], [ 271504.902978847385384, 2093795.599817082984373 ], [ 271484.875776896427851, 2093823.394692999077961 ], [ 271465.464693502930459, 2093809.570926338899881 ] ] ] } },
{ "type": "Feature", "properties": { "name": "Rafiya Manzil", "building": "yes", "building:levels": "4", "height": null, "addr:street": "Convent Rd, Dr Ambedkar Statue Chowk Area, Colaba", "footprint_area_sqm": 915.12176307058166, "perimeter_m": 153.614046150967, "length_m": 38.25, "breadth_m": 27.3, "floors": 4.0, "height_m": 12.8 }, "geometry": { "type": "Polygon", "coordinates": [ [ [ 271508.71207317407243, 2093820.887283035553992 ], [ 271518.303469427744858, 2093827.944531321292743 ], [ 271512.363462693872862, 2093835.912323014577851 ], [ 271503.229185924166813, 2093829.181641532573849 ], [ 271495.4958827967057, 2093839.563169916626066 ], [ 271516.964793855906464, 2093855.354759552981704 ], [ 271539.812236250843853, 2093824.67959744320251 ], [ 271517.896732918336056, 2093808.561286809155717 ], [ 271508.71207317407243, 2093820.887283035553992 ] ] ] } },
{ "type": "Feature", "properties": { "name": "YMCA-Young Men Christian Association", "building": "yes", "building:levels": "3", "height": null, "addr:street": "Nathalal Parikh Marg, Scindia Society, Police Colony, Apollo Bandar, Colaba", "footprint_area_sqm": 670.0246524319831, "perimeter_m": 117.11751034563652, "length_m": 30.49, "breadth_m": 28.11, "floors": 3.0, "height_m": 9.6 }, "geometry": { "type": "Polygon", "coordinates": [ [ [ 271552.359212012088392, 2093833.870795902097598 ], [ 271574.043553612660617, 2093851.763606162974611 ], [ 271554.530994287808426, 2093875.134088632883504 ], [ 271548.505754719604738, 2093870.158969012321904 ], [ 271551.776774487458169, 2093866.232280613388866 ], [ 271541.046453605464194, 2093857.384165392257273 ], [ 271549.291878974414431, 2093847.516782053047791 ], [ 271544.363100075861439, 2093843.447224810486659 ], [ 271552.359212012088392, 2093833.870795902097598 ] ] ] } },
{ "type": "Feature", "properties": { "name": "Railway Officers Residencce", "building": "apartments", "building:levels": "3", "height": null, "addr:street": "Nathalal M. Parikh Road", "footprint_area_sqm": 1146.3647887439001, "perimeter_m": 160.55291313220627, "length_m": 39.29, "breadth_m": 33.18, "floors": 3.0, "height_m": 9.6 }, "geometry": { "type": "Polygon", "coordinates": [ [ [ 271571.30378272687085, 2093868.915598701452836 ], [ 271579.410744434921071, 2093875.227093100547791 ], [ 271571.826213594409637, 2093884.85381899937056 ], [ 271565.58122778730467, 2093880.003193250857294 ], [ 271558.370279766677413, 2093889.160284788813442 ], [ 271582.627109196619131, 2093908.029109529452398 ], [ 271606.92632893146947, 2093877.159038786543533 ], [ 271580.807788154226728, 2093856.851456288481131 ], [ 271571.30378272687085, 2093868.915598701452836 ] ] ] } },
{ "type": "Feature", "properties": { "name": "Clark House", "building": "yes", "building:levels": "3", "height": null, "addr:street": "Wode House Road, Kala Ghoda Fort", "footprint_area_sqm": 798.58656705830185, "perimeter_m": 146.2385681548503, "length_m": 35.93, "breadth_m": 25.37, "floors": 3.0, "height_m": 9.6 }, "geometry": { "type": "Polygon", "coordinates": [ [ [ 271616.543691209284589, 2093885.478294832166284 ], [ 271636.57658792467555, 2093901.044042033609003 ], [ 271616.16855602292344, 2093927.005384899908677 ], [ 271609.444866821111646, 2093921.784155772067606 ], [ 271616.842610350111499, 2093912.392265183385462 ], [ 271612.235917375248391, 2093908.805935049662367 ], [ 271603.136833872762509, 2093920.377892423653975 ], [ 271594.423652882920578, 2093913.608784540789202 ], [ 271616.543691209284589, 2093885.478294832166284 ] ] ] } },
{ "type": "Feature", "properties": { "name": "Indian Trade Promotion Organization", "building": "yes", "building:levels": null, "height": null, "addr:street": "Cooperage Road", "footprint_area_sqm": 574.08260234066097, "perimeter_m": 101.76101519907407, "length_m": 34.0, "breadth_m": 16.89, "floors": 4.0, "height_m": 12.8 }, "geometry": { "type": "Polygon", "coordinates": [ [ [ 271425.504699709650595, 2093876.254470376763493 ], [ 271459.391612138482742, 2093873.590239573968574 ], [ 271458.05721251189243, 2093856.754030638607219 ], [ 271424.170269033289514, 2093859.418260631384328 ], [ 271425.504699709650595, 2093876.254470376763493 ] ] ] } },
{ "type": "Feature", "properties": { "name": "Jhansi Castle", "building": "yes", "building:levels": "4", "height": null, "addr:street": "Cooperage St, Dr Ambedkar Statue Chowk Area, Colaba", "footprint_area_sqm": 437.96021585359455, "perimeter_m": 88.085987815584076, "length_m": 28.89, "breadth_m": 15.17, "floors": 4.0, "height_m": 12.8 }, "geometry": { "type": "Polygon", "coordinates": [ [ [ 271422.841709183645435, 2093844.774368465645239 ], [ 271451.659970410168171, 2093842.947517335414886 ], [ 271450.683662316005211, 2093827.812099260045215 ], [ 271421.865377387730405, 2093829.638949426123872 ], [ 271422.841709183645435, 2093844.774368465645239 ] ] ] } },
{ "type": "Feature", "properties": { "name": "Building (Unlabeled)", "building": "yes", "building:levels": "4", "height": null, "addr:street": "Cooperage St, Dr Ambedkar Statue Chowk Area, Colaba", "footprint_area_sqm": 438.45421960823415, "perimeter_m": 90.522977637923717, "length_m": 31.22, "breadth_m": 14.06, "floors": 4.0, "height_m": 12.8 }, "geometry": { "type": "Polygon", "coordinates": [ [ [ 271420.084420786821283, 2093817.624841770157218 ], [ 271432.063104830391239, 2093816.580728178843856 ], [ 271451.178646224550903, 2093814.92849785881117 ], [ 271449.952958493318874, 2093800.936630016425624 ], [ 271418.858573287841864, 2093803.621902501676232 ], [ 271420.084420786821283, 2093817.624841770157218 ] ] ] } },
{ "type": "Feature", "properties": { "name": "Building (Unlabeled)", "building": "yes", "building:levels": null, "height": null, "addr:street": null, "footprint_area_sqm": 562.0593243922732, "perimeter_m": 101.87985971978901, "length_m": 34.8, "breadth_m": 16.17, "floors": 4.0, "height_m": 12.8 }, "geometry": { "type": "Polygon", "coordinates": [ [ [ 271420.014687240938656, 2093752.795190158765763 ], [ 271436.095438794582151, 2093751.13596114423126 ], [ 271439.702846348343883, 2093785.726947878487408 ], [ 271423.63266090140678, 2093787.386047442210838 ], [ 271420.014687240938656, 2093752.795190158765763 ] ] ] } },
{ "type": "Feature", "properties": { "name": "Public Works Department", "building": "yes", "building:levels": "4", "height": null, "addr:street": null, "footprint_area_sqm": 2687.9020533527496, "perimeter_m": 426.28951766670485, "length_m": 88.68, "breadth_m": 51.78, "floors": 4.0, "height_m": 12.8 }, "geometry": { "type": "Polygon", "coordinates": [ [ [ 271535.526542711362708, 2094697.037337448680773 ], [ 271574.313115697528701, 2094691.06862834864296 ], [ 271582.001325589371845, 2094740.502225423930213 ], [ 271574.576372720999643, 2094741.645370268262923 ], [ 271573.935925902274903, 2094737.545278135221452 ], [ 271549.420869712485, 2094741.312297980301082 ], [ 271550.324585969734471, 2094747.114346518646926 ], [ 271532.151404102041852, 2094749.917636614060029 ], [ 271531.395934253057931, 2094745.032798460219055 ], [ 271505.8712765914388, 2094748.956231645308435 ], [ 271506.660808530519716, 2094754.039959080982953 ], [ 271494.797615066461731, 2094755.857763894833624 ], [ 271488.069529766624328, 2094712.54663768899627 ], [ 271503.087749201164115, 2094710.236069350503385 ], [ 271506.977291861199774, 2094735.212513627717271 ], [ 271525.53974722372368, 2094732.360124913044274 ], [ 271524.92185667832382, 2094728.381555418251082 ], [ 271548.206346001941711, 2094724.79571846476756 ], [ 271548.926940276811365, 2094729.415241159265861 ], [ 271566.97412837552838, 2094726.646736481226981 ], [ 271563.759307617146987, 2094705.980340780224651 ], [ 271552.348417371627875, 2094707.737182900542393 ], [ 271553.446062585280742, 2094714.743769831256941 ], [ 271538.627743049233686, 2094717.029695081757382 ], [ 271535.526542711362708, 2094697.037337448680773 ] ] ] } },
{ "type": "Feature", "properties": { "name": "CCI Transit House", "building": "apartments", "building:levels": null, "height": null, "addr:street": null, "footprint_area_sqm": 2280.7842035918684, "perimeter_m": 199.05598052674037, "length_m": 64.26, "breadth_m": 35.81, "floors": 4.0, "height_m": 12.8 }, "geometry": { "type": "Polygon", "coordinates": [ [ [ 270845.984576501359697, 2094603.179699388565496 ], [ 270832.0065539884381, 2094570.211344834417105 ], [ 270891.051067476160824, 2094545.035005131969228 ], [ 270904.179312106105499, 2094578.312828772468492 ], [ 270845.984576501359697, 2094603.179699388565496 ] ] ] } },
{ "type": "Feature", "properties": { "name": "Mistry Court", "building": "apartments", "building:levels": null, "height": null, "addr:street": null, "footprint_area_sqm": 870.66697752700918, "perimeter_m": 119.35963251032653, "length_m": 35.12, "breadth_m": 25.97, "floors": 4.0, "height_m": 12.8 }, "geometry": { "type": "Polygon", "coordinates": [ [ [ 270776.45592120080255, 2094630.910414700163528 ], [ 270762.394160216324963, 2094598.851095766527578 ], [ 270786.26383180229459, 2094590.584401561645791 ], [ 270800.289629586972296, 2094620.584650239441544 ], [ 270776.45592120080255, 2094630.910414700163528 ] ] ] } },
{ "type": "Feature", "properties": { "name": "Mantralaya", "building": "public", "building:levels": null, "height": null, "addr:street": "Madame Cama Road", "footprint_area_sqm": 10646.196095194489, "perimeter_m": 561.60073513849602, "length_m": 161.62, "breadth_m": 109.63, "floors": 4.0, "height_m": 12.8 }, "geometry": { "type": "Polygon", "coordinates": [ [ [ 271087.85847549024038, 2094199.954663430340588 ], [ 271178.75934211758431, 2094144.88960086228326 ], [ 271205.057291073550005, 2094192.610412853537127 ], [ 271188.229944800783414, 2094202.92685173987411 ], [ 271203.533023919386324, 2094228.87009799759835 ], [ 271195.946656703774352, 2094233.182148985797539 ], [ 271196.848400067770854, 2094237.101859190268442 ], [ 271186.185296982177533, 2094243.134826340014115 ], [ 271188.50897794199409, 2094248.720087341032922 ], [ 271182.341377266449854, 2094252.726795545546338 ], [ 271184.668781871790998, 2094257.758375477045774 ], [ 271182.42094536498189, 2094259.192271068692207 ], [ 271183.308930195285939, 2094261.993807888589799 ], [ 271115.420643706922419, 2094303.277984332991764 ], [ 271109.628279659431428, 2094292.398389875423163 ], [ 271104.310541771759745, 2094296.106775065883994 ], [ 271113.554043261683546, 2094312.568814700469375 ], [ 271097.278421591036022, 2094322.324928407557309 ], [ 271083.993951451964676, 2094299.446189324371517 ], [ 271088.90557040105341, 2094296.130342443007976 ], [ 271086.460671991691925, 2094292.683614988112822 ], [ 271129.391990985837765, 2094266.399993019644171 ], [ 271087.85847549024038, 2094199.954663430340588 ] ] ] } },
{ "type": "Feature", "properties": { "name": "St. James Court", "building": "apartments", "building:levels": "7", "height": null, "addr:street": null, "footprint_area_sqm": 961.764055066325, "perimeter_m": 124.70450714892308, "length_m": 39.32, "breadth_m": 26.18, "floors": 7.0, "height_m": 22.4 }, "geometry": { "type": "Polygon", "coordinates": [ [ [ 270764.501108765369281, 2094715.022346453974023 ], [ 270788.479462526855059, 2094704.473314193310216 ], [ 270774.267903986736201, 2094668.806129944045097 ], [ 270756.385817032190971, 2094677.27583002182655 ], [ 270755.21184588118922, 2094678.63010815018788 ], [ 270754.264168303809129, 2094680.391286710975692 ], [ 270753.720224002143368, 2094683.276904964121059 ], [ 270754.006521988543682, 2094685.986193428514525 ], [ 270764.501108765369281, 2094715.022346453974023 ] ] ] } },
{ "type": "Feature", "properties": { "name": "Framroz Court", "building": "apartments", "building:levels": "6", "height": null, "addr:street": null, "footprint_area_sqm": 950.5187370831934, "perimeter_m": 124.48233049211449, "length_m": 37.27, "breadth_m": 25.91, "floors": 6.0, "height_m": 19.2 }, "geometry": { "type": "Polygon", "coordinates": [ [ [ 270766.204528228554409, 2094720.714869161369279 ], [ 270779.223588474269491, 2094754.525460103759542 ], [ 270792.311114029551391, 2094750.311457777861506 ], [ 270803.311864321352914, 2094745.204158881679177 ], [ 270790.289842238242272, 2094711.149992296239361 ], [ 270766.204528228554409, 2094720.714869161369279 ] ] ] } },
{ "type": "Feature", "properties": { "name": "Building (Unlabeled)", "building": "yes", "building:levels": "3", "height": null, "addr:street": null, "footprint_area_sqm": 4905.679826040061, "perimeter_m": 661.07770840593378, "length_m": 157.57, "breadth_m": 76.88, "floors": 3.0, "height_m": 9.6 }, "geometry": { "type": "Polygon", "coordinates": [ [ [ 271505.821297051792499, 2094436.275497372960672 ], [ 271505.786562308552675, 2094448.024033579742536 ], [ 271505.754258010128979, 2094458.255583416670561 ], [ 271505.700749396986794, 2094474.477711918530986 ], [ 271509.936793420056347, 2094474.492084866156802 ], [ 271509.883438917575404, 2094492.441548828501254 ], [ 271582.517414809437469, 2094492.656249691499397 ], [ 271583.02634988585487, 2094335.108042868319899 ], [ 271511.024023981182836, 2094334.896578041836619 ], [ 271510.966568804811686, 2094352.513909358996898 ], [ 271565.982541228237096, 2094352.679391485173255 ], [ 271565.588563845667522, 2094477.550749547313899 ], [ 271519.687841399339959, 2094477.417229013284668 ], [ 271519.701177980809007, 2094472.50079719722271 ], [ 271515.834008582518436, 2094472.492961158975959 ], [ 271515.947734360350296, 2094436.306059937924147 ], [ 271505.821297051792499, 2094436.275497372960672 ] ] ] } },
{ "type": "Feature", "properties": { "name": "Building (Unlabeled)", "building": "yes", "building:levels": null, "height": null, "addr:street": null, "footprint_area_sqm": 887.29337289459181, "perimeter_m": 127.08975471071633, "length_m": 45.61, "breadth_m": 21.58, "floors": 4.0, "height_m": 12.8 }, "geometry": { "type": "Polygon", "coordinates": [ [ [ 271478.65498245175695, 2094385.542212193598971 ], [ 271482.996674042660743, 2094385.577428176999092 ], [ 271497.526139277732, 2094385.487429604399949 ], [ 271500.234156346006785, 2094385.487364961300045 ], [ 271500.220360244740732, 2094349.213449310744181 ], [ 271497.30040403251769, 2094349.116464046295732 ], [ 271497.253130854980554, 2094346.127422645455226 ], [ 271496.058988526696339, 2094343.274276020936668 ], [ 271493.711250923806801, 2094340.867141920840368 ], [ 271490.41261879337253, 2094339.966506323777139 ], [ 271487.211002723313868, 2094340.958106499165297 ], [ 271484.859514475858305, 2094343.389779013814405 ], [ 271483.446363736060448, 2094345.865282154874876 ], [ 271482.781445831176825, 2094349.20633032056503 ], [ 271478.640599974081852, 2094349.224008126882836 ], [ 271478.65498245175695, 2094385.542212193598971 ] ] ] } },
{ "type": "Feature", "properties": { "name": "Building (Unlabeled)", "building": "yes", "building:levels": null, "height": null, "addr:street": null, "footprint_area_sqm": 972.73946442502211, "perimeter_m": 150.38401036250525, "length_m": 47.24, "breadth_m": 28.01, "floors": 4.0, "height_m": 12.8 }, "geometry": { "type": "Polygon", "coordinates": [ [ [ 271478.022570752131287, 2094479.822765051852912 ], [ 271496.7555833592196, 2094479.681087142089382 ], [ 271496.59844969084952, 2094458.323824529768899 ], [ 271505.754258010128979, 2094458.255583416670561 ], [ 271505.786562308552675, 2094448.024033579742536 ], [ 271496.082771679502912, 2094448.08793663373217 ], [ 271495.974784065969288, 2094432.443571692798287 ], [ 271477.663140488555655, 2094432.580065393354744 ], [ 271478.022570752131287, 2094479.822765051852912 ] ] ] } },
{ "type": "Feature", "properties": { "name": "Jolly Maker Chambers II", "building": "apartments", "building:levels": "15", "height": null, "addr:street": "Vinayak K Shah Marg", "footprint_area_sqm": 1001.6191201606065, "perimeter_m": 167.75686836282313, "length_m": 46.89, "breadth_m": 35.02, "floors": 15.0, "height_m": 48.0 }, "geometry": { "type": "Polygon", "coordinates": [ [ [ 270620.759285905514844, 2094024.295474374899641 ], [ 270633.708732669358142, 2094025.07692548725754 ], [ 270634.342353751126211, 2094014.937560198828578 ], [ 270645.240719103370793, 2094006.620388786075637 ], [ 270656.066604555118829, 2094007.804521493380889 ], [ 270657.480084984272253, 2093995.10881255264394 ], [ 270646.770221863931511, 2093993.934319924796 ], [ 270648.031102610460948, 2093982.536001427099109 ], [ 270634.1874783783569, 2093981.02369303163141 ], [ 270632.896910397801548, 2093992.577397854300216 ], [ 270625.887509642110672, 2093998.388459053821862 ], [ 270612.062623102334328, 2093997.540301115252078 ], [ 270611.227115509100258, 2094010.95968787628226 ], [ 270621.54046085261507, 2094011.596486428752542 ], [ 270620.759285905514844, 2094024.295474374899641 ] ] ] } },
{ "type": "Feature", "properties": { "name": "Readymoney Mansion", "building": "yes", "building:levels": null, "height": null, "addr:street": null, "footprint_area_sqm": 735.52214875958055, "perimeter_m": 111.60341651616852, "length_m": 34.99, "breadth_m": 22.12, "floors": 4.0, "height_m": 12.8 }, "geometry": { "type": "Polygon", "coordinates": [ [ [ 271724.83948840276571, 2094725.139247265411541 ], [ 271746.658097608014941, 2094721.449865685077384 ], [ 271738.830867315176874, 2094688.117610429413617 ], [ 271718.333134967833757, 2094691.259287622291595 ], [ 271724.83948840276571, 2094725.139247265411541 ] ] ] } },
{ "type": "Feature", "properties": { "name": "Building (Unlabeled)", "building": "yes", "building:levels": null, "height": null, "addr:street": null, "footprint_area_sqm": 1183.4817589940606, "perimeter_m": 144.99099425085979, "length_m": 49.98, "breadth_m": 23.88, "floors": 4.0, "height_m": 12.8 }, "geometry": { "type": "Polygon", "coordinates": [ [ [ 271660.83786167751532, 2094673.595894182333723 ], [ 271666.433621626871172, 2094696.812979462789372 ], [ 271714.992563496809453, 2094685.221419272245839 ], [ 271710.640580456878524, 2094667.182131366804242 ], [ 271709.328221069998108, 2094664.994788027135655 ], [ 271707.024935702444054, 2094663.62791878497228 ], [ 271703.713188911206089, 2094663.369628655491397 ], [ 271660.83786167751532, 2094673.595894182333723 ] ] ] } },
{ "type": "Feature", "properties": { "name": "Building (Unlabeled)", "building": "yes", "building:levels": null, "height": null, "addr:street": null, "footprint_area_sqm": 1886.5820452928767, "perimeter_m": 178.54069889523629, "length_m": 57.66, "breadth_m": 41.3, "floors": 4.0, "height_m": 12.8 }, "geometry": { "type": "Polygon", "coordinates": [ [ [ 271754.385210817796178, 2094634.213138535153121 ], [ 271791.588866089761723, 2094623.746696593239903 ], [ 271779.824734384834301, 2094570.98595545720309 ], [ 271755.111992034013383, 2094574.976553529966623 ], [ 271750.621872248244472, 2094629.7859910314437 ], [ 271754.385210817796178, 2094634.213138535153121 ] ] ] } },
{ "type": "Feature", "properties": { "name": "Building (Unlabeled)", "building": "apartments", "building:levels": null, "height": null, "addr:street": null, "footprint_area_sqm": 375.83446342915778, "perimeter_m": 77.771970398989637, "length_m": 20.95, "breadth_m": 17.96, "floors": 4.0, "height_m": 12.8 }, "geometry": { "type": "Polygon", "coordinates": [ [ [ 271778.188804690144025, 2094696.071725838119164 ], [ 271798.934417088050395, 2094693.381051009520888 ], [ 271796.608414662419818, 2094675.571552686626092 ], [ 271775.85224684944842, 2094678.262357363244519 ], [ 271778.188804690144025, 2094696.071725838119164 ] ] ] } },
{ "type": "Feature", "properties": { "name": "Central Bank Building", "building": "yes", "building:levels": null, "height": null, "addr:street": null, "footprint_area_sqm": 1774.0924347466005, "perimeter_m": 306.2712524583132, "length_m": 87.65, "breadth_m": 57.61, "floors": 4.0, "height_m": 12.8 }, "geometry": { "type": "Polygon", "coordinates": [ [ [ 271668.019106790947262, 2094656.898683480685577 ], [ 271736.610007930488791, 2094639.403020910220221 ], [ 271739.709556381159928, 2094637.825861027464271 ], [ 271740.161553653539158, 2094635.162872049957514 ], [ 271740.412158430437557, 2094586.063613031059504 ], [ 271714.454023304046132, 2094585.596204375382513 ], [ 271713.231815781036858, 2094604.479031644761562 ], [ 271722.367626159219071, 2094605.363383216084912 ], [ 271722.233604329521768, 2094620.191324680577964 ], [ 271726.324562168330885, 2094620.406832493608817 ], [ 271728.187959131202661, 2094632.287063075695187 ], [ 271721.705292161786929, 2094634.658710403135046 ], [ 271719.808864815277047, 2094628.669542462797835 ], [ 271702.789755753241479, 2094633.6508647154551 ], [ 271703.982429857423995, 2094638.96216911659576 ], [ 271687.921636146842502, 2094643.898519530892372 ], [ 271688.397748166811652, 2094638.909972438588738 ], [ 271671.809622114640661, 2094636.943469773745164 ], [ 271668.019106790947262, 2094656.898683480685577 ] ] ] } },
{ "type": "Feature", "properties": { "name": "Building (Unlabeled)", "building": "yes", "building:levels": null, "height": null, "addr:street": null, "footprint_area_sqm": 1982.9832525288552, "perimeter_m": 225.0403443370374, "length_m": 59.04, "breadth_m": 36.71, "floors": 4.0, "height_m": 12.8 }, "geometry": { "type": "Polygon", "coordinates": [ [ [ 271660.971679407230113, 2094699.072459685383365 ], [ 271668.555116676143371, 2094733.991084568900988 ], [ 271724.83948840276571, 2094725.139247265411541 ], [ 271718.333134967833757, 2094691.259287622291595 ], [ 271696.935901542543434, 2094694.943523541325703 ], [ 271699.813031346304342, 2094713.864591118413955 ], [ 271697.171948183618952, 2094714.162772261304781 ], [ 271693.734946116921492, 2094693.410518527030945 ], [ 271675.492646745871753, 2094695.738384179305285 ], [ 271660.971679407230113, 2094699.072459685383365 ] ] ] } },
{ "type": "Feature", "properties": { "name": "Standard Chartered", "building": "yes", "building:levels": "2", "height": null, "addr:street": null, "footprint_area_sqm": 1869.8988567322674, "perimeter_m": 175.51004869364812, "length_m": 53.55, "breadth_m": 37.03, "floors": 2.0, "height_m": 6.4 }, "geometry": { "type": "Polygon", "coordinates": [ [ [ 271543.149132802383974, 2094552.500601270468906 ], [ 271590.889267468999606, 2094552.279377662343904 ], [ 271591.182417394011281, 2094515.248763464624062 ], [ 271537.639377477578819, 2094515.718449896201491 ], [ 271543.149132802383974, 2094552.500601270468906 ] ] ] } },
{ "type": "Feature", "properties": { "name": "Building (Unlabeled)", "building": "yes", "building:levels": "4", "height": null, "addr:street": null, "footprint_area_sqm": 5400.7367958223958, "perimeter_m": 732.06744586309287, "length_m": 158.49, "breadth_m": 63.62, "floors": 4.0, "height_m": 12.8 }, "geometry": { "type": "Polygon", "coordinates": [ [ [ 271548.522202808992006, 2094656.185536317061633 ], [ 271532.980578680115286, 2094555.039409642806277 ], [ 271525.786784383817576, 2094556.135433825897053 ], [ 271527.607491152535658, 2094567.960820583393797 ], [ 271522.033286630408838, 2094568.804415903054178 ], [ 271527.232687417650595, 2094602.62290353840217 ], [ 271510.909632183378562, 2094605.082351655233651 ], [ 271508.195254210499115, 2094588.274171942612156 ], [ 271514.14749979134649, 2094587.326271155383438 ], [ 271508.376287176390179, 2094551.566021359525621 ], [ 271522.66797277412843, 2094549.28655986697413 ], [ 271519.212474696396384, 2094527.903400330571458 ], [ 271489.272460479289293, 2094532.678319975035265 ], [ 271491.199633422540501, 2094544.590978622669354 ], [ 271481.535062861512415, 2094546.127079379511997 ], [ 271484.76220607990399, 2094566.073595759691671 ], [ 271489.484000979806297, 2094565.317975792801008 ], [ 271494.605201593716629, 2094597.055758917238563 ], [ 271485.382461881672498, 2094598.531066549709067 ], [ 271487.024614799476694, 2094608.686672699637711 ], [ 271477.096287088468671, 2094610.192803995218128 ], [ 271478.425354951585177, 2094618.879592257319018 ], [ 271488.427425148081966, 2094617.372554650064558 ], [ 271490.092960179899819, 2094627.716109004570171 ], [ 271499.315685226581991, 2094626.240802187938243 ], [ 271504.368482604855672, 2094657.558665125863627 ], [ 271499.646711432840675, 2094658.314283773535863 ], [ 271502.49881371227093, 2094676.039802626008168 ], [ 271512.163179791532457, 2094674.492634664755315 ], [ 271514.501311133790296, 2094688.980176767334342 ], [ 271544.430399070959538, 2094684.194329776801169 ], [ 271541.065472480782773, 2094663.319399032974616 ], [ 271526.784410953288898, 2094665.598726107273251 ], [ 271520.945253496291116, 2094629.451766544952989 ], [ 271514.993021576083265, 2094630.399666571291164 ], [ 271512.312431225087494, 2094613.768234235001728 ], [ 271528.572402917663567, 2094611.320634442847222 ], [ 271533.783413580385968, 2094645.227561351144686 ], [ 271539.347059588762932, 2094644.384096622932702 ], [ 271541.328448172542267, 2094657.281558602815494 ], [ 271548.522202808992006, 2094656.185536317061633 ] ] ] } },
{ "type": "Feature", "properties": { "name": "Bank of India", "building": "office", "building:levels": "5", "height": null, "addr:street": null, "footprint_area_sqm": 2188.2484532674907, "perimeter_m": 190.1786161815653, "length_m": 51.96, "breadth_m": 43.81, "floors": 5.0, "height_m": 16.0 }, "geometry": { "type": "Polygon", "coordinates": [ [ [ 271546.941696005698759, 2094556.728046841686592 ], [ 271590.7499603224569, 2094556.377977698342875 ], [ 271591.208822713058908, 2094608.303170306840912 ], [ 271551.696775913820602, 2094608.412220564205199 ], [ 271551.312723312585149, 2094592.594088 ], [ 271548.131055885460228, 2094592.633187497965991 ], [ 271546.941696005698759, 2094556.728046841686592 ] ] ] } },
{ "type": "Feature", "properties": { "name": "HSBC", "building": "office", "building:levels": null, "height": null, "addr:street": null, "footprint_area_sqm": 2016.6601147680049, "perimeter_m": 185.61834081813942, "length_m": 63.92, "breadth_m": 38.93, "floors": 4.0, "height_m": 12.8 }, "geometry": { "type": "Polygon", "coordinates": [ [ [ 271551.696775913820602, 2094608.412220564205199 ], [ 271562.764974324731156, 2094671.368305544601753 ], [ 271582.190769634500612, 2094667.597413342446089 ], [ 271588.491426838561893, 2094661.562895666342229 ], [ 271590.845090213697404, 2094655.023244021693245 ], [ 271591.208822713058908, 2094608.303170306840912 ], [ 271551.696775913820602, 2094608.412220564205199 ] ] ] } },
{ "type": "Feature", "properties": { "name": "Building (Unlabeled)", "building": "yes", "building:levels": null, "height": null, "addr:street": null, "footprint_area_sqm": 970.46042659462694, "perimeter_m": 140.09860910305892, "length_m": 37.21, "breadth_m": 30.13, "floors": 4.0, "height_m": 12.8 }, "geometry": { "type": "Polygon", "coordinates": [ [ [ 271753.930305187415797, 2094542.2381334931124 ], [ 271755.280090047628619, 2094514.861019216943532 ], [ 271757.302406490896828, 2094512.2230428121984 ], [ 271792.334222329547629, 2094513.653184957802296 ], [ 271790.975277384510264, 2094540.28853452927433 ], [ 271784.611933175008744, 2094540.366650119656697 ], [ 271784.56395771924872, 2094536.458590881200507 ], [ 271767.708841100800782, 2094535.923644125461578 ], [ 271767.769457081914879, 2094542.577567967353389 ], [ 271753.930305187415797, 2094542.2381334931124 ] ] ] } },
{ "type": "Feature", "properties": { "name": "Building (Unlabeled)", "building": "yes", "building:levels": null, "height": null, "addr:street": null, "footprint_area_sqm": 920.08559261957976, "perimeter_m": 161.86303117765837, "length_m": 49.61, "breadth_m": 31.35, "floors": 4.0, "height_m": 12.8 }, "geometry": { "type": "Polygon", "coordinates": [ [ [ 271805.005017676157877, 2094575.039473723620176 ], [ 271787.564440950402059, 2094576.59335946966894 ], [ 271786.223709868092556, 2094561.794602083275095 ], [ 271754.279168797424063, 2094564.644914170261472 ], [ 271752.802541317942087, 2094548.220143641578034 ], [ 271767.401323614176363, 2094546.922569868387654 ], [ 271788.052080428809859, 2094545.074589140247554 ], [ 271789.052019875030965, 2094556.146044265013188 ], [ 271803.18764829490101, 2094554.887401691172272 ], [ 271805.005017676157877, 2094575.039473723620176 ] ] ] } },
{ "type": "Feature", "properties": { "name": "Chhatrapati Shivaji Maharaj Vastu Sangrahalaya", "building": "yes", "building:levels": "3", "height": null, "addr:street": "Mahatma Gandhi Road", "footprint_area_sqm": 2029.0150928199876, "perimeter_m": 245.18623327196562, "length_m": 77.74, "breadth_m": 44.95, "floors": 3.0, "height_m": 9.6 }, "geometry": { "type": "Polygon", "coordinates": [ [ [ 271708.953432988026179, 2094155.645887527382001 ], [ 271721.196199287078343, 2094170.122559723211452 ], [ 271740.168601276993286, 2094154.266124736052006 ], [ 271748.369649536442012, 2094163.964750950224698 ], [ 271768.082629288430326, 2094147.490260978927836 ], [ 271759.881586175935809, 2094137.791626547696069 ], [ 271780.773439750191756, 2094120.350436398526654 ], [ 271772.519036444544327, 2094110.597087706439197 ], [ 271768.520025196950883, 2094105.862785458331928 ], [ 271747.60750001645647, 2094123.337460236391053 ], [ 271742.389624657924287, 2094117.167607250856236 ], [ 271737.623111030552536, 2094121.156912819249555 ], [ 271734.255068938946351, 2094117.178884685505182 ], [ 271726.964362375787459, 2094123.269767464138567 ], [ 271730.321869672916364, 2094127.247923687566072 ], [ 271725.179750174866058, 2094131.540805914672092 ], [ 271730.408299876027741, 2094137.721595985116437 ], [ 271708.953432988026179, 2094155.645887527382001 ] ] ] } },
{ "type": "Feature", "properties": { "name": "Jehangir Art Gallery", "building": "commercial", "building:levels": null, "height": null, "addr:street": "Mahatma Gandhi Road", "footprint_area_sqm": 1167.8854596039562, "perimeter_m": 179.21157130605727, "length_m": 75.24, "breadth_m": 28.65, "floors": 4.0, "height_m": 12.8 }, "geometry": { "type": "Polygon", "coordinates": [ [ [ 271654.730868103215471, 2094217.554591576335952 ], [ 271644.251061440038029, 2094211.9255117373541 ], [ 271634.016617340384983, 2094203.968164012534544 ], [ 271629.95423513231799, 2094199.22359491372481 ], [ 271628.402639085310511, 2094193.861336968140677 ], [ 271628.026329777436331, 2094187.244505454786122 ], [ 271627.863904657657258, 2094149.998057431774214 ], [ 271640.299410686711781, 2094150.133217897731811 ], [ 271640.435362922085915, 2094184.368223720928654 ], [ 271658.54327101400122, 2094197.654487690655515 ], [ 271663.95746150019113, 2094206.080730610061437 ], [ 271664.878276216273662, 2094213.277725784573704 ], [ 271662.542928097536787, 2094217.02681957418099 ], [ 271654.730868103215471, 2094217.554591576335952 ] ] ] } },
{ "type": "Feature", "properties": { "name": "मुंबई शहर दिवाणी व सत्र न्यायालय", "building": "yes", "building:levels": null, "height": null, "addr:street": null, "footprint_area_sqm": 3694.6515113576029, "perimeter_m": 446.0039268550359, "length_m": 136.1, "breadth_m": 53.12, "floors": 4.0, "height_m": 12.8 }, "geometry": { "type": "Polygon", "coordinates": [ [ [ 271484.315870006976184, 2094154.264093836536631 ], [ 271526.195667641120963, 2094154.679553385823965 ], [ 271526.008150928770192, 2094172.863183971261606 ], [ 271501.116349428717513, 2094172.615428026765585 ], [ 271501.039147373347078, 2094180.909809070639312 ], [ 271505.886864900472574, 2094180.960962762590498 ], [ 271505.313466509571299, 2094237.195044598542154 ], [ 271501.19298706529662, 2094237.157100811367854 ], [ 271501.063223626639228, 2094249.748325956519693 ], [ 271505.183836344862357, 2094249.797340424731374 ], [ 271505.047753604128957, 2094262.731895958539099 ], [ 271500.200057313253637, 2094262.680744715034962 ], [ 271500.102275478770025, 2094271.872266188962385 ], [ 271524.993944598478265, 2094272.120006876066327 ], [ 271524.801487507065758, 2094290.757680290611461 ], [ 271482.911459729541093, 2094290.342385434079915 ], [ 271483.544463731348515, 2094229.534544233232737 ], [ 271472.307598719780799, 2094229.1854538989719 ], [ 271472.419014999060892, 2094218.532170323655009 ], [ 271483.654253631888423, 2094218.748409363906831 ], [ 271484.315870006976184, 2094154.264093836536631 ] ] ] } },
{ "type": "Feature", "properties": { "name": "Building (Unlabeled)", "building": "yes", "building:levels": "3", "height": null, "addr:street": null, "footprint_area_sqm": 6168.4404638796877, "perimeter_m": 780.2399957954309, "length_m": 180.15, "breadth_m": 93.71, "floors": 3.0, "height_m": 9.6 }, "geometry": { "type": "Polygon", "coordinates": [ [ [ 271452.949642668536399, 2094116.781050673220307 ], [ 271551.15880333277164, 2094116.991503997473046 ], [ 271551.975915308343247, 2094100.30602557468228 ], [ 271468.898714961484075, 2094099.289506411645561 ], [ 271470.742745595169254, 2094083.001084209419787 ], [ 271478.954126055934466, 2094068.660709602758288 ], [ 271490.489582736394368, 2094058.143853921443224 ], [ 271497.591365778818727, 2094052.97422632551752 ], [ 271583.469844902807381, 2094032.398006134433672 ], [ 271587.237280481669586, 2094038.862456074217334 ], [ 271592.805412328336388, 2094042.658421038184315 ], [ 271571.374114074278623, 2094096.812349668238312 ], [ 271571.190625517629087, 2094115.328104001004249 ], [ 271580.366228693746962, 2094112.569018106209114 ], [ 271585.624280731892213, 2094107.422073263674974 ], [ 271588.572640148806386, 2094097.819072108482942 ], [ 271607.745644832961261, 2094051.111591215943918 ], [ 271612.400356968049891, 2094052.604593448340893 ], [ 271615.554367407923564, 2094046.874506240710616 ], [ 271610.503238496021368, 2094043.991216304944828 ], [ 271612.650124953885097, 2094042.912944714771584 ], [ 271616.587300662591588, 2094034.028602567734197 ], [ 271616.708749780314974, 2094027.616038746666163 ], [ 271612.377153040491976, 2094019.829793241806328 ], [ 271605.143158447695896, 2094014.23836594959721 ], [ 271597.152579282061197, 2094013.107445126166567 ], [ 271588.60050209343899, 2094016.877542697358876 ], [ 271586.183229541114997, 2094019.963290566578507 ], [ 271585.306373241590336, 2094015.489631820237264 ], [ 271509.222135230782442, 2094033.919184107333422 ], [ 271491.086473927192856, 2094039.833391169784591 ], [ 271477.494574014795944, 2094049.356831404846162 ], [ 271468.41391932067927, 2094059.843525567092001 ], [ 271460.58335983613506, 2094071.732163531472906 ], [ 271455.207143406674732, 2094084.410017933230847 ], [ 271452.539501910796389, 2094099.700952884741127 ], [ 271452.949642668536399, 2094116.781050673220307 ] ] ] } },
{ "type": "Feature", "properties": { "name": "Building (Unlabeled)", "building": "yes", "building:levels": null, "height": null, "addr:street": null, "footprint_area_sqm": 366.05322395875089, "perimeter_m": 84.521813681504909, "length_m": 30.1, "breadth_m": 12.16, "floors": 4.0, "height_m": 12.8 }, "geometry": { "type": "Polygon", "coordinates": [ [ [ 271550.153018430341035, 2094084.870975553290918 ], [ 271562.308120305533521, 2094084.478046054253355 ], [ 271561.327385506941937, 2094054.394583265529945 ], [ 271549.172263853717595, 2094054.787511334754527 ], [ 271550.153018430341035, 2094084.870975553290918 ] ] ] } },
{ "type": "Feature", "properties": { "name": "Building (Unlabeled)", "building": "yes", "building:levels": null, "height": null, "addr:street": null, "footprint_area_sqm": 336.37863262655515, "perimeter_m": 74.310103982513169, "length_m": 21.53, "breadth_m": 15.63, "floors": 4.0, "height_m": 12.8 }, "geometry": { "type": "Polygon", "coordinates": [ [ [ 271575.63780345156556, 2094244.026456901570782 ], [ 271575.299513324105646, 2094222.494272135198116 ], [ 271590.912489529582672, 2094222.247105473652482 ], [ 271591.261297047254629, 2094243.779159200610593 ], [ 271575.63780345156556, 2094244.026456901570782 ] ] ] } },
{ "type": "Feature", "properties": { "name": "Building (Unlabeled)", "building": "yes", "building:levels": null, "height": null, "addr:street": null, "footprint_area_sqm": 882.74853339524202, "perimeter_m": 155.9678551708891, "length_m": 64.25, "breadth_m": 13.74, "floors": 4.0, "height_m": 12.8 }, "geometry": { "type": "Polygon", "coordinates": [ [ [ 271515.523737430514302, 2094130.849425751483068 ], [ 271515.566136123321485, 2094144.590090521378443 ], [ 271451.323218587902375, 2094144.77062163525261 ], [ 271451.280772441707086, 2094131.029952033190057 ], [ 271515.523737430514302, 2094130.849425751483068 ] ] ] } },
{ "type": "Feature", "properties": { "name": "Building (Unlabeled)", "building": "yes", "building:levels": null, "height": null, "addr:street": null, "footprint_area_sqm": 470.74171084556258, "perimeter_m": 93.07814983142805, "length_m": 31.77, "breadth_m": 14.86, "floors": 4.0, "height_m": 12.8 }, "geometry": { "type": "Polygon", "coordinates": [ [ [ 271672.760348576412071, 2094213.302731618983671 ], [ 271664.181692390935495, 2094201.172787584364414 ], [ 271690.143638867361005, 2094183.027000168804079 ], [ 271698.73281909734942, 2094195.156825702404603 ], [ 271672.760348576412071, 2094213.302731618983671 ] ] ] } },
{ "type": "Feature", "properties": { "name": "Building (Unlabeled)", "building": "yes", "building:levels": null, "height": null, "addr:street": null, "footprint_area_sqm": 875.06368688662997, "perimeter_m": 174.4579441147082, "length_m": 75.66, "breadth_m": 11.57, "floors": 4.0, "height_m": 12.8 }, "geometry": { "type": "Polygon", "coordinates": [ [ [ 271511.181505066691898, 2094260.253747195703909 ], [ 271522.751811118039768, 2094260.299799090018496 ], [ 271523.044360912230331, 2094184.63663424924016 ], [ 271511.484543435100932, 2094184.590447776252404 ], [ 271511.181505066691898, 2094260.253747195703909 ] ] ] } },
{ "type": "Feature", "properties": { "name": "Building (Unlabeled)", "building": "yes", "building:levels": null, "height": null, "addr:street": null, "footprint_area_sqm": 345.65393283536076, "perimeter_m": 82.186362899436944, "length_m": 29.33, "breadth_m": 11.8, "floors": 4.0, "height_m": 12.8 }, "geometry": { "type": "Polygon", "coordinates": [ [ [ 271501.363259091507643, 2094060.656601187074557 ], [ 271512.637439285637811, 2094057.174118112307042 ], [ 271521.368640420841984, 2094085.136054709320888 ], [ 271510.09447682951577, 2094088.618534195236862 ], [ 271501.363259091507643, 2094060.656601187074557 ] ] ] } },
{ "type": "Feature", "properties": { "name": "Building (Unlabeled)", "building": "yes", "building:levels": null, "height": null, "addr:street": null, "footprint_area_sqm": 1645.1234113075368, "perimeter_m": 172.41443598059965, "length_m": 57.7, "breadth_m": 28.52, "floors": 4.0, "height_m": 12.8 }, "geometry": { "type": "Polygon", "coordinates": [ [ [ 271593.266914116218686, 2094280.095017135841772 ], [ 271593.722480765194632, 2094308.601541308220476 ], [ 271536.032627196866088, 2094309.509649556130171 ], [ 271535.576971873466391, 2094281.003117505926639 ], [ 271550.926514803664759, 2094280.759148529963568 ], [ 271591.834086492774077, 2094280.112619026331231 ], [ 271593.266914116218686, 2094280.095017135841772 ] ] ] } },
{ "type": "Feature", "properties": { "name": "Building (Unlabeled)", "building": "yes", "building:levels": null, "height": null, "addr:street": null, "footprint_area_sqm": 99.739902209961613, "perimeter_m": 47.309781087367938, "length_m": 14.07, "breadth_m": 9.64, "floors": 4.0, "height_m": 12.8 }, "geometry": { "type": "Polygon", "coordinates": [ [ [ 271777.702230956347194, 2094093.337639621924609 ], [ 271766.584963869361673, 2094101.878236092161387 ], [ 271769.936006130301394, 2094106.188657790189609 ], [ 271776.637617743341252, 2094101.03512759367004 ], [ 271779.207058848987799, 2094104.336459792684764 ], [ 271783.612176742346492, 2094100.949525247793645 ], [ 271777.702230956347194, 2094093.337639621924609 ] ] ] } },
{ "type": "Feature", "properties": { "name": "Army And Navy Building", "building": "retail", "building:levels": null, "height": null, "addr:street": null, "footprint_area_sqm": 1912.0815782455568, "perimeter_m": 183.85522793884257, "length_m": 55.6, "breadth_m": 36.34, "floors": 4.0, "height_m": 12.8 }, "geometry": { "type": "Polygon", "coordinates": [ [ [ 271550.926514803664759, 2094280.759148529963568 ], [ 271550.804449181829114, 2094273.397322125500068 ], [ 271536.129036394704599, 2094273.621934287017211 ], [ 271535.667810024344362, 2094244.661492137936875 ], [ 271575.63780345156556, 2094244.026456901570782 ], [ 271591.261297047254629, 2094243.779159200610593 ], [ 271591.834086492774077, 2094280.112619026331231 ], [ 271550.926514803664759, 2094280.759148529963568 ] ] ] } },
{ "type": "Feature", "properties": { "name": "एल्फिन्स्टन कॉलेज", "building": "yes", "building:levels": null, "height": null, "addr:street": null, "footprint_area_sqm": 3527.7549195628098, "perimeter_m": 392.24888079326172, "length_m": 75.46, "breadth_m": 57.25, "floors": 4.0, "height_m": 12.8 }, "geometry": { "type": "Polygon", "coordinates": [ [ [ 271535.655647891690023, 2094204.224245433928445 ], [ 271557.146115449024364, 2094203.794107963331044 ], [ 271555.850625579420011, 2094140.374701376771554 ], [ 271568.323526202526409, 2094140.121811819262803 ], [ 271569.61897338135168, 2094203.54121480230242 ], [ 271592.889672327204607, 2094203.067102508852258 ], [ 271591.351930509204976, 2094127.636840378632769 ], [ 271534.117673088330775, 2094128.793963629053906 ], [ 271535.655647891690023, 2094204.224245433928445 ] ] ] } },
{ "type": "Feature", "properties": { "name": "Hornbill House", "building": "commercial", "building:levels": null, "height": null, "addr:street": "Shahid Bhagat Singh Road", "footprint_area_sqm": 1228.7685702138019, "perimeter_m": 159.0455042654242, "length_m": 40.55, "breadth_m": 39.04, "floors": 4.0, "height_m": 12.8 }, "geometry": { "type": "Polygon", "coordinates": [ [ [ 271780.181899703165982, 2094093.617239616578445 ], [ 271785.850414163898677, 2094100.445930703543127 ], [ 271798.042777360300533, 2094115.111503486521542 ], [ 271829.380690920981579, 2094089.381636115489528 ], [ 271822.37540711031761, 2094080.952730088727549 ], [ 271811.455803364049643, 2094067.821693742182106 ], [ 271804.461175272124819, 2094059.403734627179801 ], [ 271797.774152262485586, 2094064.889252439839765 ], [ 271804.822275121230632, 2094073.372988623334095 ], [ 271780.181899703165982, 2094093.617239616578445 ] ] ] } },
{ "type": "Feature", "properties": { "name": "Building (Unlabeled)", "building": "yes", "building:levels": "2", "height": null, "addr:street": null, "footprint_area_sqm": 930.33724591064447, "perimeter_m": 140.13053043014983, "length_m": 50.55, "breadth_m": 29.87, "floors": 2.0, "height_m": 6.4 }, "geometry": { "type": "Polygon", "coordinates": [ [ [ 271655.477105513913557, 2094630.910172570962459 ], [ 271648.331120103481226, 2094631.606948796194047 ], [ 271634.202798946760595, 2094581.134117545327172 ], [ 271664.073024187062401, 2094580.977584941312671 ], [ 271655.477105513913557, 2094630.910172570962459 ] ] ] } },
{ "type": "Feature", "properties": { "name": "Building (Unlabeled)", "building": "yes", "building:levels": "6", "height": null, "addr:street": null, "footprint_area_sqm": 1629.2802162398643, "perimeter_m": 159.95620263678532, "length_m": 48.59, "breadth_m": 38.89, "floors": 6.0, "height_m": 19.2 }, "geometry": { "type": "Polygon", "coordinates": [ [ [ 271634.459372669341974, 2094578.861068614991382 ], [ 271633.371238550927956, 2094540.031514460919425 ], [ 271642.255959395552054, 2094530.765279047656804 ], [ 271672.982966695679352, 2094533.443920859601349 ], [ 271664.14928379812045, 2094580.32336092973128 ], [ 271634.459372669341974, 2094578.861068614991382 ] ] ] } },
{ "type": "Feature", "properties": { "name": "Building (Unlabeled)", "building": "stadium", "building:levels": null, "height": null, "addr:street": null, "footprint_area_sqm": 4129.2492283615402, "perimeter_m": 349.26710629825044, "length_m": 157.34, "breadth_m": 38.15, "floors": 4.0, "height_m": 12.8 }, "geometry": { "type": "Polygon", "coordinates": [ [ [ 270968.601045873132534, 2094641.497182906605303 ], [ 270975.10606923350133, 2094632.392775625921786 ], [ 271001.099128432571888, 2094654.50587372132577 ], [ 271037.721177899336908, 2094738.849593508290127 ], [ 271039.840131879318506, 2094768.874834472779185 ], [ 271037.85001924453536, 2094776.683464755304158 ], [ 271018.800139907223638, 2094772.466893679928035 ], [ 271010.955705581000075, 2094770.348985437536612 ], [ 271010.39753024536185, 2094748.132923996308818 ], [ 270998.877547266485635, 2094720.504473023815081 ], [ 270975.872033657564316, 2094667.195956291398033 ], [ 270960.490311633329839, 2094657.109989160904661 ], [ 270968.601045873132534, 2094641.497182906605303 ] ] ] } },
{ "type": "Feature", "properties": { "name": "CCI Club", "building": "yes", "building:levels": null, "height": null, "addr:street": "Dinshaw Wachha Road", "footprint_area_sqm": 4011.6472701518842, "perimeter_m": 368.81714587839809, "length_m": 136.94, "breadth_m": 55.48, "floors": 4.0, "height_m": 12.8 }, "geometry": { "type": "Polygon", "coordinates": [ [ [ 270851.960586976609193, 2094650.320129297906533 ], [ 270914.836002529948018, 2094625.6502501424402 ], [ 270911.083567151043098, 2094616.140735945664346 ], [ 270932.216418102500029, 2094607.243597820401192 ], [ 270942.030437081237324, 2094633.232137188548222 ], [ 270961.282771017635241, 2094639.328515293775126 ], [ 270953.972053515608422, 2094658.297573949210346 ], [ 270940.80398125492502, 2094655.126939992653206 ], [ 270925.17962596466532, 2094656.991452306741849 ], [ 270866.268564506666735, 2094682.708641615696251 ], [ 270855.467442688415758, 2094690.338016977766529 ], [ 270849.160730358154979, 2094700.137612861813977 ], [ 270834.519537070184015, 2094691.149888410465792 ], [ 270848.565002696705051, 2094674.035471520386636 ], [ 270854.494860010803677, 2094678.967245319858193 ], [ 270861.955692012386862, 2094673.039952413877472 ], [ 270851.960586976609193, 2094650.320129297906533 ] ] ] } },
{ "type": "Feature", "properties": { "name": "Maker Chambers-IV", "building": "commercial", "building:levels": "14", "height": null, "addr:street": "Jamnalal Bajaj Marg", "footprint_area_sqm": 1378.5766454716436, "perimeter_m": 182.4180119613919, "length_m": 75.63, "breadth_m": 30.69, "floors": 14.0, "height_m": 44.8 }, "geometry": { "type": "Polygon", "coordinates": [ [ [ 270683.606103706872091, 2093898.874646679032594 ], [ 270680.691295358701609, 2093917.147372040431947 ], [ 270701.642200657632202, 2093919.070356361567974 ], [ 270702.385955764097162, 2093911.02238652552478 ], [ 270710.870854726992548, 2093904.373787079704925 ], [ 270719.835627441760153, 2093897.331730428384617 ], [ 270729.050944902061019, 2093890.09835375007242 ], [ 270736.952063322998583, 2093890.798181335441768 ], [ 270738.934295057260897, 2093868.672588732326403 ], [ 270717.688750069821253, 2093866.786407196195796 ], [ 270716.966192214516923, 2093874.84518644050695 ], [ 270690.304466887260787, 2093896.034940392710268 ], [ 270683.606103706872091, 2093898.874646679032594 ] ] ] } },
{ "type": "Feature", "properties": { "name": "Maker Chambers III", "building": "commercial", "building:levels": "14", "height": null, "addr:street": "Jamnalal Bajaj Marg", "footprint_area_sqm": 1404.4334820184713, "perimeter_m": 186.14886636679228, "length_m": 75.77, "breadth_m": 30.78, "floors": 14.0, "height_m": 44.8 }, "geometry": { "type": "Polygon", "coordinates": [ [ [ 270708.842737443454098, 2093929.611389572266489 ], [ 270706.8145918395021, 2093951.427521556150168 ], [ 270727.775852097198367, 2093953.339330062037334 ], [ 270728.519751573097892, 2093945.302433093078434 ], [ 270744.174316604388878, 2093933.018020046874881 ], [ 270755.184711547277402, 2093924.378434990067035 ], [ 270763.075277552823536, 2093925.078401932725683 ], [ 270765.06806680210866, 2093902.952684393152595 ], [ 270743.822566641261801, 2093901.066477361833677 ], [ 270743.089465101191308, 2093909.125384692102671 ], [ 270733.771935114695225, 2093916.614687823923305 ], [ 270730.849768199957907, 2093918.909549911273643 ], [ 270724.807168155559339, 2093923.656738316873088 ], [ 270716.427632128354162, 2093930.30403291922994 ], [ 270708.842737443454098, 2093929.611389572266489 ] ] ] } },
{ "type": "Feature", "properties": { "name": "Building (Unlabeled)", "building": "apartments", "building:levels": null, "height": null, "addr:street": null, "footprint_area_sqm": 391.12125280795715, "perimeter_m": 80.284700137456113, "length_m": 23.57, "breadth_m": 16.65, "floors": 4.0, "height_m": 12.8 }, "geometry": { "type": "Polygon", "coordinates": [ [ [ 270752.871442679432221, 2094582.835558026563376 ], [ 270767.644435552007053, 2094575.157149194041267 ], [ 270756.714069859415758, 2094554.36447453731671 ], [ 270741.940926319803111, 2094562.031819585710764 ], [ 270752.871442679432221, 2094582.835558026563376 ] ] ] } },
{ "type": "Feature", "properties": { "name": "Oceana", "building": "apartments", "building:levels": "6", "height": null, "addr:street": null, "footprint_area_sqm": 699.46487494249845, "perimeter_m": 105.86792881722533, "length_m": 27.61, "breadth_m": 25.46, "floors": 6.0, "height_m": 19.2 }, "geometry": { "type": "Polygon", "coordinates": [ [ [ 270735.372375287348405, 2094565.124608458951116 ], [ 270747.910669151577167, 2094587.281535108806565 ], [ 270723.925259433919564, 2094600.687455239472911 ], [ 270711.387078611878678, 2094578.541613461449742 ], [ 270735.372375287348405, 2094565.124608458951116 ] ] ] } },
{ "type": "Feature", "properties": { "name": "Tulisani Chambers", "building": "commercial", "building:levels": "11", "height": null, "addr:street": "Free Press Marg, Nariman Point", "footprint_area_sqm": 1865.2546332290985, "perimeter_m": 270.5869729766199, "length_m": 77.37, "breadth_m": 29.61, "floors": 11.0, "height_m": 35.2 }, "geometry": { "type": "Polygon", "coordinates": [ [ [ 270831.420668954961002, 2093840.437710933154449 ], [ 270828.007635656918865, 2093836.249991860706359 ], [ 270792.135431261791382, 2093865.082531219348311 ], [ 270795.5484689604491, 2093869.270244123181328 ], [ 270791.740025148377754, 2093872.328963048523292 ], [ 270786.326093911018688, 2093865.674550663214177 ], [ 270777.978936482220888, 2093872.387848778394982 ], [ 270783.392869349801913, 2093879.042258886853233 ], [ 270791.374681624351069, 2093888.853963368106633 ], [ 270796.66026575723663, 2093895.354940192308277 ], [ 270805.007417557353619, 2093888.641649932134897 ], [ 270799.721971467719413, 2093882.151741923065856 ], [ 270803.530277735786512, 2093879.081953492481261 ], [ 270807.392907853412908, 2093883.839908331865445 ], [ 270823.263095132890157, 2093871.087863183114678 ], [ 270843.265092486399226, 2093855.00739654013887 ], [ 270839.402467391511891, 2093850.249434724450111 ], [ 270843.440527477185242, 2093847.010734225390479 ], [ 270848.726101660402492, 2093853.511724910000339 ], [ 270856.833286121021956, 2093846.989655580371618 ], [ 270851.547713484964333, 2093840.488662737421691 ], [ 270843.565918546810281, 2093830.676934064133093 ], [ 270838.151997436769307, 2093824.022507546236739 ], [ 270830.044807512662373, 2093830.544584504794329 ], [ 270835.458730203914456, 2093837.199008811498061 ], [ 270831.420668954961002, 2093840.437710933154449 ] ] ] } },
{ "type": "Feature", "properties": { "name": "Dalamal Towers", "building": "commercial", "building:levels": "13", "height": null, "addr:street": "Free Press Journal Marg, Nariman Point,", "footprint_area_sqm": 1773.2099169430865, "perimeter_m": 206.81760057722752, "length_m": 81.62, "breadth_m": 21.92, "floors": 13.0, "height_m": 41.6 }, "geometry": { "type": "Polygon", "coordinates": [ [ [ 270894.141373822058085, 2093883.379986491985619 ], [ 270880.307074673823081, 2093866.376648572739214 ], [ 270819.91486731095938, 2093914.910650598118082 ], [ 270816.78456846892368, 2093917.4184445803985 ], [ 270828.596810471790377, 2093931.944223372265697 ], [ 270831.716572233824991, 2093929.436561089009047 ], [ 270833.738660874485504, 2093931.914076266810298 ], [ 270894.141373822058085, 2093883.379986491985619 ] ] ] } },
{ "type": "Feature", "properties": { "name": "Building (Unlabeled)", "building": "apartments", "building:levels": null, "height": null, "addr:street": null, "footprint_area_sqm": 1093.0584619403678, "perimeter_m": 136.0519100025482, "length_m": 42.28, "breadth_m": 34.15, "floors": 4.0, "height_m": 12.8 }, "geometry": { "type": "Polygon", "coordinates": [ [ [ 270705.665719958895352, 2094417.946831295499578 ], [ 270735.749391796067357, 2094398.320349534507841 ], [ 270751.798208355496172, 2094412.915615262463689 ], [ 270723.579217001446523, 2094447.035426057409495 ], [ 270705.665719958895352, 2094417.946831295499578 ] ] ] } },
{ "type": "Feature", "properties": { "name": "Building (Unlabeled)", "building": "apartments", "building:levels": null, "height": null, "addr:street": null, "footprint_area_sqm": 231.91011352545047, "perimeter_m": 66.840881021108999, "length_m": 23.64, "breadth_m": 9.84, "floors": 4.0, "height_m": 12.8 }, "geometry": { "type": "Polygon", "coordinates": [ [ [ 270801.046917647239752, 2094478.600813774159178 ], [ 270792.702566884399857, 2094483.808215918019414 ], [ 270805.308351095183752, 2094503.749800476478413 ], [ 270813.642159630835522, 2094498.542533196043223 ], [ 270801.046917647239752, 2094478.600813774159178 ] ] ] } },
{ "type": "Feature", "properties": { "name": "Building (Unlabeled)", "building": "apartments", "building:levels": null, "height": null, "addr:street": null, "footprint_area_sqm": 319.82055043638258, "perimeter_m": 71.692781888839406, "length_m": 19.19, "breadth_m": 16.73, "floors": 4.0, "height_m": 12.8 }, "geometry": { "type": "Polygon", "coordinates": [ [ [ 270856.263916203868575, 2094515.600625470513478 ], [ 270866.431407944532111, 2094531.78542498475872 ], [ 270880.642312699696049, 2094522.951408658176661 ], [ 270870.47483040462248, 2094506.766602309653535 ], [ 270856.263916203868575, 2094515.600625470513478 ] ] ] } },
{ "type": "Feature", "properties": { "name": "Free Press House", "building": "commercial", "building:levels": "12", "height": null, "addr:street": "Free Press Journal Marg, Nariman Point", "footprint_area_sqm": 2125.4860428794191, "perimeter_m": 211.33813065620086, "length_m": 79.83, "breadth_m": 28.2, "floors": 12.0, "height_m": 38.4 }, "geometry": { "type": "Polygon", "coordinates": [ [ [ 270753.24484430369921, 2093714.009569687303156 ], [ 270771.327441877103411, 2093732.842837424017489 ], [ 270708.84901440795511, 2093782.266561683965847 ], [ 270691.222395813674666, 2093760.249857523478568 ], [ 270753.24484430369921, 2093714.009569687303156 ] ] ] } },
{ "type": "Feature", "properties": { "name": "Raheja Centre", "building": "apartments", "building:levels": "13", "height": null, "addr:street": "Free Press Journal Marg, Nariman Point", "footprint_area_sqm": 1798.7379774621904, "perimeter_m": 198.17092902645322, "length_m": 75.29, "breadth_m": 23.94, "floors": 13.0, "height_m": 41.6 }, "geometry": { "type": "Polygon", "coordinates": [ [ [ 270724.305639686877839, 2093794.942506653489545 ], [ 270739.26728132145945, 2093813.625979546457529 ], [ 270798.197314290388022, 2093766.992117292713374 ], [ 270783.235705998493358, 2093748.308600151212886 ], [ 270724.305639686877839, 2093794.942506653489545 ] ] ] } },
{ "type": "Feature", "properties": { "name": "Building (Unlabeled)", "building": "commercial", "building:levels": null, "height": null, "addr:street": null, "footprint_area_sqm": 1755.4253355733401, "perimeter_m": 214.28896640496001, "length_m": 73.48, "breadth_m": 28.45, "floors": 4.0, "height_m": 12.8 }, "geometry": { "type": "Polygon", "coordinates": [ [ [ 270811.18737856822554, 2093818.94023650418967 ], [ 270824.270625350589398, 2093808.337434361921623 ], [ 270809.635380866006017, 2093790.480334240011871 ], [ 270795.289710102253594, 2093802.106322065461427 ], [ 270793.781237111310475, 2093800.264696682337672 ], [ 270787.469152658828534, 2093805.380578788695857 ], [ 270788.966953724564519, 2093807.211262508295476 ], [ 270772.774619506904855, 2093820.3327028574422 ], [ 270771.266281776712276, 2093818.502150225685909 ], [ 270766.25835747277597, 2093822.561130347894505 ], [ 270767.756159660697449, 2093824.391812464687973 ], [ 270755.903894786024466, 2093833.982940452406183 ], [ 270757.091519152512774, 2093835.440972744254395 ], [ 270753.815485746425111, 2093838.094518340192735 ], [ 270765.412331729545258, 2093852.235377554781735 ], [ 270768.688363798428327, 2093849.581833875039592 ], [ 270770.539303488505539, 2093851.851071937009692 ], [ 270782.381026436400134, 2093842.260082558961585 ], [ 270784.274517443496734, 2093844.562015548581257 ], [ 270789.418175821658224, 2093840.40171253005974 ], [ 270787.524685157521162, 2093838.099779048701748 ], [ 270803.988349636259954, 2093824.764625098323449 ], [ 270805.881975651136599, 2093827.077631189487875 ], [ 270813.070331859402359, 2093821.242302087601274 ], [ 270811.18737856822554, 2093818.94023650418967 ] ] ] } },
{ "type": "Feature", "properties": { "name": "Building (Unlabeled)", "building": "apartments", "building:levels": null, "height": null, "addr:street": null, "footprint_area_sqm": 971.36443149767933, "perimeter_m": 124.85914065819586, "length_m": 33.09, "breadth_m": 29.49, "floors": 4.0, "height_m": 12.8 }, "geometry": { "type": "Polygon", "coordinates": [ [ [ 270707.889328662771732, 2094506.822372571798041 ], [ 270691.488973073195666, 2094478.246622406411916 ], [ 270717.135878969333135, 2094463.701840983238071 ], [ 270733.536065894062631, 2094492.266539511503652 ], [ 270707.889328662771732, 2094506.822372571798041 ] ] ] } },
{ "type": "Feature", "properties": { "name": "Building (Unlabeled)", "building": "apartments", "building:levels": null, "height": null, "addr:street": null, "footprint_area_sqm": 979.34205289151987, "perimeter_m": 125.17977883653116, "length_m": 31.58, "breadth_m": 31.17, "floors": 4.0, "height_m": 12.8 }, "geometry": { "type": "Polygon", "coordinates": [ [ [ 270758.729574836441316, 2094511.02310371119529 ], [ 270774.961825916660018, 2094537.940062048146501 ], [ 270801.729184546158649, 2094521.9753425528761 ], [ 270785.486565090017393, 2094495.069564826088026 ], [ 270758.729574836441316, 2094511.02310371119529 ] ] ] } },
{ "type": "Feature", "properties": { "name": "Building (Unlabeled)", "building": "apartments", "building:levels": null, "height": null, "addr:street": null, "footprint_area_sqm": 1001.5805166826915, "perimeter_m": 127.35303287750334, "length_m": 35.45, "breadth_m": 28.36, "floors": 4.0, "height_m": 12.8 }, "geometry": { "type": "Polygon", "coordinates": [ [ [ 270676.098811436735559, 2094441.021688227541745 ], [ 270701.106901183200534, 2094427.647406542208046 ], [ 270717.917136055184528, 2094458.698403988033533 ], [ 270692.909218074346427, 2094472.083737650886178 ], [ 270676.098811436735559, 2094441.021688227541745 ] ] ] } },
{ "type": "Feature", "properties": { "name": "Riviera", "building": "apartments", "building:levels": "6", "height": null, "addr:street": null, "footprint_area_sqm": 915.80983586352227, "perimeter_m": 119.50004385284571, "length_m": 32.89, "breadth_m": 28.24, "floors": 6.0, "height_m": 19.2 }, "geometry": { "type": "Polygon", "coordinates": [ [ [ 270679.645662598544732, 2094471.439029249129817 ], [ 270663.268492644536309, 2094443.040173982502893 ], [ 270643.586642931972165, 2094454.25605540163815 ], [ 270640.529592325736303, 2094460.129102173028514 ], [ 270655.108855351805687, 2094485.427608369383961 ], [ 270679.645662598544732, 2094471.439029249129817 ] ] ] } },
{ "type": "Feature", "properties": { "name": "Shalimar", "building": "apartments", "building:levels": "6", "height": null, "addr:street": null, "footprint_area_sqm": 911.91716987578479, "perimeter_m": 119.12865344194809, "length_m": 32.65, "breadth_m": 28.77, "floors": 6.0, "height_m": 19.2 }, "geometry": { "type": "Polygon", "coordinates": [ [ [ 270684.275120268459432, 2094481.989604528993368 ], [ 270700.101110394287389, 2094510.129524342948571 ], [ 270678.971850604284555, 2094521.883646161295474 ], [ 270672.571449888055213, 2094518.96188720036298 ], [ 270659.01932100369595, 2094495.776666610036045 ], [ 270684.275120268459432, 2094481.989604528993368 ] ] ] } },
{ "type": "Feature", "properties": { "name": "Thakur Niwas", "building": "apartments", "building:levels": null, "height": null, "addr:street": null, "footprint_area_sqm": 986.00529324215415, "perimeter_m": 131.43110175774916, "length_m": 37.25, "breadth_m": 34.98, "floors": 4.0, "height_m": 12.8 }, "geometry": { "type": "Polygon", "coordinates": [ [ [ 270888.965462354128249, 2094423.681555955670774 ], [ 270907.829257297562435, 2094416.18539596023038 ], [ 270919.779544016579166, 2094417.998014689888805 ], [ 270935.867740390705876, 2094435.80402262811549 ], [ 270907.479999826755375, 2094456.250792530365288 ], [ 270895.917287279386073, 2094429.453354921657592 ], [ 270892.554537136864383, 2094430.192376025253907 ], [ 270888.965462354128249, 2094423.681555955670774 ] ] ] } },
{ "type": "Feature", "properties": { "name": "Building (Unlabeled)", "building": "apartments", "building:levels": null, "height": null, "addr:street": null, "footprint_area_sqm": 784.44704508774112, "perimeter_m": 151.34207105317051, "length_m": 31.59, "breadth_m": 28.0, "floors": 4.0, "height_m": 12.8 }, "geometry": { "type": "Polygon", "coordinates": [ [ [ 270725.222210135543719, 2094530.702865806408226 ], [ 270741.067693888442591, 2094557.868168970569968 ], [ 270750.389877221430652, 2094552.493661106331274 ], [ 270742.219439058972057, 2094538.476686814799905 ], [ 270747.335617116536014, 2094535.523611970013008 ], [ 270755.516724083456211, 2094549.551529329502955 ], [ 270765.320130582666025, 2094543.894277601270005 ], [ 270749.485210836923216, 2094516.72882670443505 ], [ 270725.222210135543719, 2094530.702865806408226 ] ] ] } },
{ "type": "Feature", "properties": { "name": "Building (Unlabeled)", "building": "apartments", "building:levels": null, "height": null, "addr:street": null, "footprint_area_sqm": 1958.2264461704424, "perimeter_m": 204.07977670665369, "length_m": 48.17, "breadth_m": 41.74, "floors": 4.0, "height_m": 12.8 }, "geometry": { "type": "Polygon", "coordinates": [ [ [ 270580.746327851898968, 2094095.809620640007779 ], [ 270607.589238952670712, 2094127.777622052934021 ], [ 270644.47155871486757, 2094097.182675390969962 ], [ 270617.810381294344552, 2094065.42276426544413 ], [ 270599.974249694263563, 2094080.225586844375357 ], [ 270604.059653157368302, 2094085.102553529199213 ], [ 270607.93079025822226, 2094089.694273061817512 ], [ 270605.750825649243779, 2094091.50387647934258 ], [ 270601.868606285890564, 2094086.868003150681034 ], [ 270597.622982162283733, 2094081.815849780570716 ], [ 270580.746327851898968, 2094095.809620640007779 ] ] ] } },
{ "type": "Feature", "properties": { "name": "Nirmal", "building": "apartments", "building:levels": "21", "height": null, "addr:street": "Barrister Rajni Patel Road", "footprint_area_sqm": 1664.607948568678, "perimeter_m": 166.90773325025043, "length_m": 62.27, "breadth_m": 29.76, "floors": 21.0, "height_m": 67.2 }, "geometry": { "type": "Polygon", "coordinates": [ [ [ 270631.358554253005423, 2094200.16582807013765 ], [ 270630.413920714752749, 2094199.612771515036002 ], [ 270619.915009010466747, 2094217.237209854414687 ], [ 270622.325009990192484, 2094225.534175696084276 ], [ 270633.193890650058165, 2094231.921935407910496 ], [ 270641.737877401290461, 2094230.078119759913534 ], [ 270646.836183543025982, 2094228.232520191231743 ], [ 270668.184897424420342, 2094192.381431213580072 ], [ 270667.339855976519175, 2094187.088015355169773 ], [ 270665.020870110602118, 2094178.47988674021326 ], [ 270654.16237281053327, 2094172.080905632581562 ], [ 270644.64662355161272, 2094173.737389653688297 ], [ 270635.283381482237019, 2094189.465442218119279 ], [ 270637.098353600711562, 2094190.528181468136609 ], [ 270631.358554253005423, 2094200.16582807013765 ] ] ] } },
{ "type": "Feature", "properties": { "name": "CR2 Mall", "building": "apartments", "building:levels": "10", "height": null, "addr:street": "Barrister Rajni Patel Road", "footprint_area_sqm": 1901.2578101477659, "perimeter_m": 206.04606938309314, "length_m": 81.85, "breadth_m": 25.17, "floors": 10.0, "height_m": 32.0 }, "geometry": { "type": "Polygon", "coordinates": [ [ [ 270656.774238863843493, 2094155.738555400632322 ], [ 270674.710047520231456, 2094168.671744076535106 ], [ 270724.746839878265746, 2094105.073019106173888 ], [ 270707.908089614007622, 2094092.236979360692203 ], [ 270679.932153936533723, 2094121.326780415140092 ], [ 270656.774238863843493, 2094155.738555400632322 ] ] ] } },
{ "type": "Feature", "properties": { "name": "Mafatlal Bhavan", "building": "apartments", "building:levels": "12", "height": null, "addr:street": "Vidhan Bhavan Road", "footprint_area_sqm": 1469.3547314987038, "perimeter_m": 161.92492949572994, "length_m": 54.15, "breadth_m": 28.68, "floors": 12.0, "height_m": 38.4 }, "geometry": { "type": "Polygon", "coordinates": [ [ [ 270668.314611038076691, 2094236.216777011519298 ], [ 270693.788460084819235, 2094249.477764725219458 ], [ 270719.298795527196489, 2094203.3220717436634 ], [ 270696.59577315824572, 2094190.026873639784753 ], [ 270668.314611038076691, 2094236.216777011519298 ] ] ] } },
{ "type": "Feature", "properties": { "name": "Bank House", "building": "government", "building:levels": null, "height": null, "addr:street": null, "footprint_area_sqm": 961.28964023809772, "perimeter_m": 178.2511735596749, "length_m": 38.6, "breadth_m": 32.45, "floors": 4.0, "height_m": 12.8 }, "geometry": { "type": "Polygon", "coordinates": [ [ [ 270999.682288544951007, 2094333.326098138699308 ], [ 271007.451036489685066, 2094336.984061279566959 ], [ 271008.621948831656482, 2094334.522570939268917 ], [ 271017.651781379245222, 2094338.76293228729628 ], [ 271023.270034803310409, 2094326.945595106342807 ], [ 271018.39466023404384, 2094324.647152002900839 ], [ 271019.894257585227024, 2094321.495106701506302 ], [ 271027.556832083733752, 2094325.087949652923271 ], [ 271020.428580128704198, 2094340.068531235214323 ], [ 271034.036872237804346, 2094346.455981619423255 ], [ 271046.649727569136303, 2094316.50400255783461 ], [ 271011.695277966675349, 2094309.427177879028022 ], [ 270999.682288544951007, 2094333.326098138699308 ] ] ] } },
{ "type": "Feature", "properties": { "name": "Rajesh Mansion", "building": "apartments", "building:levels": null, "height": null, "addr:street": null, "footprint_area_sqm": 788.47234833323057, "perimeter_m": 122.69895407064388, "length_m": 33.54, "breadth_m": 29.22, "floors": 4.0, "height_m": 12.8 }, "geometry": { "type": "Polygon", "coordinates": [ [ [ 271239.023995855008252, 2094491.930297214305028 ], [ 271248.084846764802933, 2094491.852023203857243 ], [ 271248.164911514264531, 2094486.370054222876206 ], [ 271251.576610460761003, 2094486.184130149893463 ], [ 271253.777326574840117, 2094487.773665251443163 ], [ 271255.49636756523978, 2094487.896458861418068 ], [ 271255.810382949654013, 2094490.295369780855253 ], [ 271257.63859176763799, 2094490.726855772780254 ], [ 271258.331970762112178, 2094493.98476911871694 ], [ 271268.323931648978032, 2094493.363559182966128 ], [ 271267.296191685833037, 2094467.211430102121085 ], [ 271255.696941384172533, 2094460.522291691973805 ], [ 271238.665621454536449, 2094467.087579154875129 ], [ 271239.023995855008252, 2094491.930297214305028 ] ] ] } },
{ "type": "Feature", "properties": { "name": "Shalaka Building", "building": "apartments", "building:levels": null, "height": null, "addr:street": null, "footprint_area_sqm": 661.63624434127951, "perimeter_m": 131.44355439768549, "length_m": 28.78, "breadth_m": 27.28, "floors": 4.0, "height_m": 12.8 }, "geometry": { "type": "Polygon", "coordinates": [ [ [ 271205.109613443026319, 2093875.709315276006237 ], [ 271212.093589435971808, 2093875.523738604737446 ], [ 271212.012492576322984, 2093872.357946979347616 ], [ 271226.886384784244001, 2093871.964584353379905 ], [ 271226.967615293862764, 2093875.141446791123599 ], [ 271232.371500892273616, 2093874.997461181599647 ], [ 271231.617185647017322, 2093846.228823168203235 ], [ 271225.286280528875068, 2093846.395284611498937 ], [ 271225.378319004434161, 2093849.594159422442317 ], [ 271218.752413463662378, 2093849.764252246357501 ], [ 271218.835143134114332, 2093853.062895887298509 ], [ 271210.386824215995148, 2093853.277556833811104 ], [ 271210.212188160978258, 2093846.791109077632427 ], [ 271204.344720063498244, 2093846.940803544363007 ], [ 271205.109613443026319, 2093875.709315276006237 ] ] ] } },
{ "type": "Feature", "properties": { "name": "Advent Apartments", "building": "apartments", "building:levels": "8", "height": null, "addr:street": null, "footprint_area_sqm": 709.6097695861331, "perimeter_m": 128.74242762924342, "length_m": 50.26, "breadth_m": 14.13, "floors": 8.0, "height_m": 25.6 }, "geometry": { "type": "Polygon", "coordinates": [ [ [ 271088.576770153595135, 2093910.782241793116555 ], [ 271091.763528574607335, 2093860.639054064406082 ], [ 271077.664127497700974, 2093859.749629573896527 ], [ 271074.488078325870447, 2093909.903764975257218 ], [ 271088.576770153595135, 2093910.782241793116555 ] ] ] } },
{ "type": "Feature", "properties": { "name": "Sita Kunj", "building": "apartments", "building:levels": "6", "height": null, "addr:street": null, "footprint_area_sqm": 744.94489543399789, "perimeter_m": 112.30316526947874, "length_m": 34.66, "breadth_m": 21.5, "floors": 6.0, "height_m": 19.2 }, "geometry": { "type": "Polygon", "coordinates": [ [ [ 271208.53897899959702, 2094007.133184246020392 ], [ 271243.17155849118717, 2094005.998457808746025 ], [ 271242.464710342639592, 2093984.515063479077071 ], [ 271207.821554917609319, 2093985.64991663955152 ], [ 271208.53897899959702, 2094007.133184246020392 ] ] ] } },
{ "type": "Feature", "properties": { "name": "Building (Unlabeled)", "building": "apartments", "building:levels": null, "height": null, "addr:street": null, "footprint_area_sqm": 670.44642581617222, "perimeter_m": 103.57360615644811, "length_m": 26.05, "breadth_m": 25.75, "floors": 4.0, "height_m": 12.8 }, "geometry": { "type": "Polygon", "coordinates": [ [ [ 271228.212251173739787, 2094145.897707012947649 ], [ 271253.944306876859628, 2094145.060715231113136 ], [ 271253.086658934829757, 2094119.02829899569042 ], [ 271227.35470320499735, 2094119.876359182409942 ], [ 271228.212251173739787, 2094145.897707012947649 ] ] ] } },
{ "type": "Feature", "properties": { "name": "Firuz - Ara Apartment Building", "building": "apartments", "building:levels": "6", "height": null, "addr:street": null, "footprint_area_sqm": 1053.5384863523402, "perimeter_m": 131.26720758912734, "length_m": 37.66, "breadth_m": 27.98, "floors": 6.0, "height_m": 19.2 }, "geometry": { "type": "Polygon", "coordinates": [ [ [ 271208.523954320931807, 2094076.138386600185186 ], [ 271246.158379668951966, 2094074.911352462135255 ], [ 271245.234753654629458, 2094046.942027809564024 ], [ 271207.600407581892796, 2094048.180128865176812 ], [ 271208.523954320931807, 2094076.138386600185186 ] ] ] } },
{ "type": "Feature", "properties": { "name": "Building (Unlabeled)", "building": "apartments", "building:levels": null, "height": null, "addr:street": null, "footprint_area_sqm": 513.52916705600319, "perimeter_m": 90.937999330756881, "length_m": 24.56, "breadth_m": 20.92, "floors": 4.0, "height_m": 12.8 }, "geometry": { "type": "Polygon", "coordinates": [ [ [ 271202.931390575016849, 2094603.810090857092291 ], [ 271223.836222837911919, 2094603.774266050662845 ], [ 271223.807949069479946, 2094579.215371011057869 ], [ 271202.892553861020133, 2094579.251322615658864 ], [ 271202.931390575016849, 2094603.810090857092291 ] ] ] } },
{ "type": "Feature", "properties": { "name": "Ivanhoe", "building": "apartments", "building:levels": "6", "height": null, "addr:street": null, "footprint_area_sqm": 820.25922493705207, "perimeter_m": 116.68297689133115, "length_m": 34.72, "breadth_m": 23.63, "floors": 6.0, "height_m": 19.2 }, "geometry": { "type": "Polygon", "coordinates": [ [ [ 271162.161404739250429, 2094042.848589387955144 ], [ 271196.857138763298281, 2094041.712991516338661 ], [ 271196.071263770689256, 2094018.093534697080031 ], [ 271161.386021086131223, 2094019.228999733226374 ], [ 271162.161404739250429, 2094042.848589387955144 ] ] ] } },
{ "type": "Feature", "properties": { "name": "Nariman Building", "building": "apartments", "building:levels": "6", "height": null, "addr:street": null, "footprint_area_sqm": 819.11095358293437, "perimeter_m": 118.24763017881483, "length_m": 36.97, "breadth_m": 22.16, "floors": 6.0, "height_m": 19.2 }, "geometry": { "type": "Polygon", "coordinates": [ [ [ 271208.239099247264676, 2094040.997165899025276 ], [ 271245.178379007906187, 2094039.789763835258782 ], [ 271244.452822141582146, 2094017.642237878404558 ], [ 271207.50296245852951, 2094018.849766372935846 ], [ 271208.239099247264676, 2094040.997165899025276 ] ] ] } },
{ "type": "Feature", "properties": { "name": "Rajjab Mahal", "building": "apartments", "building:levels": null, "height": null, "addr:street": null, "footprint_area_sqm": 675.33954317416249, "perimeter_m": 104.06212816390158, "length_m": 27.23, "breadth_m": 24.8, "floors": 4.0, "height_m": 12.8 }, "geometry": { "type": "Polygon", "coordinates": [ [ [ 271234.500448810344096, 2094395.764240632066503 ], [ 271259.304172644740902, 2094395.724799570161849 ], [ 271259.264225659251679, 2094368.497540035517886 ], [ 271234.460465530282818, 2094368.536977338604629 ], [ 271234.500448810344096, 2094395.764240632066503 ] ] ] } },
{ "type": "Feature", "properties": { "name": "Building (Unlabeled)", "building": "apartments", "building:levels": null, "height": null, "addr:street": null, "footprint_area_sqm": 875.68429466931025, "perimeter_m": 117.49526721946503, "length_m": 35.72, "breadth_m": 25.5, "floors": 4.0, "height_m": 12.8 }, "geometry": { "type": "Polygon", "coordinates": [ [ [ 271102.981396579532884, 2094689.658138331258669 ], [ 271119.84409633721225, 2094708.783449748065323 ], [ 271146.188293895218521, 2094685.837562158238143 ], [ 271134.537071931292303, 2094671.497909422032535 ], [ 271125.013061271398328, 2094670.751498654484749 ], [ 271102.981396579532884, 2094689.658138331258669 ] ] ] } },
{ "type": "Feature", "properties": { "name": "Building (Unlabeled)", "building": "apartments", "building:levels": null, "height": null, "addr:street": null, "footprint_area_sqm": 874.59338621536995, "perimeter_m": 117.36138600349372, "length_m": 35.0, "breadth_m": 25.56, "floors": 4.0, "height_m": 12.8 }, "geometry": { "type": "Polygon", "coordinates": [ [ [ 271065.206736589083448, 2094646.031790571520105 ], [ 271081.5876153637073, 2094665.384463722351938 ], [ 271103.200704669696279, 2094647.568079346558079 ], [ 271104.30099221348064, 2094645.362135283648968 ], [ 271105.032407510792837, 2094643.149660614784807 ], [ 271105.143738553219009, 2094641.066620978992432 ], [ 271104.791515446850099, 2094638.989289181539789 ], [ 271092.052133767749183, 2094623.566857197089121 ], [ 271065.206736589083448, 2094646.031790571520105 ] ] ] } },
{ "type": "Feature", "properties": { "name": "K C College", "building": "yes", "building:levels": null, "height": null, "addr:street": "Dinshaw Wachha Road", "footprint_area_sqm": 1102.9076314395902, "perimeter_m": 136.33469584775338, "length_m": 41.87, "breadth_m": 26.42, "floors": 4.0, "height_m": 12.8 }, "geometry": { "type": "Polygon", "coordinates": [ [ [ 271158.721806797315367, 2094467.982871875632554 ], [ 271182.672231816512067, 2094456.836831315886229 ], [ 271164.884456569794565, 2094419.065336351748556 ], [ 271140.933987963711843, 2094430.21139541361481 ], [ 271158.721806797315367, 2094467.982871875632554 ] ] ] } },
{ "type": "Feature", "properties": { "name": "Building (Unlabeled)", "building": "apartments", "building:levels": null, "height": null, "addr:street": null, "footprint_area_sqm": 624.06985558663973, "perimeter_m": 99.925935685641406, "length_m": 25.05, "breadth_m": 24.91, "floors": 4.0, "height_m": 12.8 }, "geometry": { "type": "Polygon", "coordinates": [ [ [ 271227.979867348913103, 2094251.190800231648609 ], [ 271252.879605912661646, 2094250.37510344828479 ], [ 271252.055271540186368, 2094225.338817147305235 ], [ 271227.155499252141453, 2094226.154511499218643 ], [ 271227.979867348913103, 2094251.190800231648609 ] ] ] } },
{ "type": "Feature", "properties": { "name": "Shiv Shanti Bhuvan", "building": "apartments", "building:levels": null, "height": null, "addr:street": null, "footprint_area_sqm": 742.03089310130849, "perimeter_m": 109.09974737773561, "length_m": 28.66, "breadth_m": 25.9, "floors": 4.0, "height_m": 12.8 }, "geometry": { "type": "Polygon", "coordinates": [ [ [ 271231.989765276317485, 2094364.703007988398895 ], [ 271257.889492120419163, 2094364.672229405259714 ], [ 271257.853049116034526, 2094336.016550114145502 ], [ 271231.953418611432426, 2094336.058395576197654 ], [ 271231.989765276317485, 2094364.703007988398895 ] ] ] } },
{ "type": "Feature", "properties": { "name": "Building (Unlabeled)", "building": "apartments", "building:levels": null, "height": null, "addr:street": null, "footprint_area_sqm": 634.55689375778729, "perimeter_m": 100.85774291658015, "length_m": 26.31, "breadth_m": 24.12, "floors": 4.0, "height_m": 12.8 }, "geometry": { "type": "Polygon", "coordinates": [ [ [ 271224.489586025476456, 2094176.481994738336653 ], [ 271250.790384658321273, 2094175.626923189265653 ], [ 271249.998569144983776, 2094151.520344172837213 ], [ 271223.697872427408583, 2094152.386484262766317 ], [ 271224.489586025476456, 2094176.481994738336653 ] ] ] } },
{ "type": "Feature", "properties": { "name": "Building (Unlabeled)", "building": "apartments", "building:levels": null, "height": null, "addr:street": null, "footprint_area_sqm": 614.78979081802879, "perimeter_m": 99.871564724850344, "length_m": 27.9, "breadth_m": 22.03, "floors": 4.0, "height_m": 12.8 }, "geometry": { "type": "Polygon", "coordinates": [ [ [ 271242.409106871578842, 2094576.926945052109659 ], [ 271270.310525265929755, 2094576.893662934424356 ], [ 271270.281768393237144, 2094554.859355835709721 ], [ 271242.380316957598552, 2094554.892634525895119 ], [ 271242.409106871578842, 2094576.926945052109659 ] ] ] } },
{ "type": "Feature", "properties": { "name": "Building (Unlabeled)", "building": "apartments", "building:levels": "6", "height": null, "addr:street": null, "footprint_area_sqm": 590.82048564575086, "perimeter_m": 98.950505877003209, "length_m": 29.34, "breadth_m": 20.14, "floors": 6.0, "height_m": 19.2 }, "geometry": { "type": "Polygon", "coordinates": [ [ [ 271243.334772304457147, 2094624.749602037947625 ], [ 271272.669058698636945, 2094624.709755396703258 ], [ 271272.64251983014401, 2094604.568850942654535 ], [ 271243.308201680192724, 2094604.608694291906431 ], [ 271243.334772304457147, 2094624.749602037947625 ] ] ] } },
{ "type": "Feature", "properties": { "name": "Ramon House", "building": "commercial", "building:levels": null, "height": null, "addr:street": null, "footprint_area_sqm": 840.57653944194431, "perimeter_m": 116.47588007213912, "length_m": 31.96, "breadth_m": 26.41, "floors": 4.0, "height_m": 12.8 }, "geometry": { "type": "Polygon", "coordinates": [ [ [ 271071.04969979240559, 2094454.811680824495852 ], [ 271093.26491317350883, 2094440.520094836130738 ], [ 271075.908657841384411, 2094413.849273099098355 ], [ 271053.693284514301922, 2094428.129806469660252 ], [ 271071.04969979240559, 2094454.811680824495852 ] ] ] } },
{ "type": "Feature", "properties": { "name": "MVM Banquets", "building": "apartments", "building:levels": null, "height": null, "addr:street": null, "footprint_area_sqm": 1202.6410329243085, "perimeter_m": 139.85938764806644, "length_m": 39.43, "breadth_m": 30.51, "floors": 4.0, "height_m": 12.8 }, "geometry": { "type": "Polygon", "coordinates": [ [ [ 271140.599597151274793, 2093742.955328419804573 ], [ 271180.004184626275674, 2093741.662166083464399 ], [ 271178.996908425702713, 2093711.180369337787852 ], [ 271139.592119751905557, 2093712.46245597791858 ], [ 271140.599597151274793, 2093742.955328419804573 ] ] ] } },
{ "type": "Feature", "properties": { "name": "The Shipping Corporation of India Ltd.", "building": "yes", "building:levels": "16", "height": null, "addr:street": "Madame Cama Rd, Nariman Point", "footprint_area_sqm": 863.2583107402055, "perimeter_m": 146.7191922627544, "length_m": 58.72, "breadth_m": 14.72, "floors": 16.0, "height_m": 51.2 }, "geometry": { "type": "Polygon", "coordinates": [ [ [ 271004.240098695387132, 2094112.203334821155295 ], [ 271016.438341193133965, 2094120.44622558215633 ], [ 271049.52979878091719, 2094072.038573226425797 ], [ 271037.331544559856411, 2094063.79565936489962 ], [ 271004.240098695387132, 2094112.203334821155295 ] ] ] } },
{ "type": "Feature", "properties": { "name": "Building (Unlabeled)", "building": "apartments", "building:levels": null, "height": null, "addr:street": null, "footprint_area_sqm": 725.19303782069869, "perimeter_m": 107.86296924691914, "length_m": 28.37, "breadth_m": 25.57, "floors": 4.0, "height_m": 12.8 }, "geometry": { "type": "Polygon", "coordinates": [ [ [ 271240.085381768876687, 2094524.238434603670612 ], [ 271268.450436207232997, 2094524.199453839566559 ], [ 271268.409839513478801, 2094498.633104203036055 ], [ 271240.044746098923497, 2094498.672080935211852 ], [ 271240.085381768876687, 2094524.238434603670612 ] ] ] } },
{ "type": "Feature", "properties": { "name": "Star Bazaar", "building": "retail", "building:levels": "1", "height": null, "addr:street": "Dinshaw Wachha Road", "footprint_area_sqm": 822.75205415484061, "perimeter_m": 115.90138636257669, "length_m": 33.18, "breadth_m": 24.88, "floors": 1.0, "height_m": 3.2 }, "geometry": { "type": "Polygon", "coordinates": [ [ [ 271090.658582596108317, 2094496.701874435180798 ], [ 271113.150922369910404, 2094486.094105592695996 ], [ 271098.906111595628317, 2094456.240314717404544 ], [ 271076.403340525052045, 2094466.859298292314634 ], [ 271090.658582596108317, 2094496.701874435180798 ] ] ] } },
{ "type": "Feature", "properties": { "name": "H R College", "building": "yes", "building:levels": null, "height": null, "addr:street": null, "footprint_area_sqm": 983.63754446769588, "perimeter_m": 127.2457005229013, "length_m": 37.24, "breadth_m": 26.49, "floors": 4.0, "height_m": 12.8 }, "geometry": { "type": "Polygon", "coordinates": [ [ [ 271124.412714338162914, 2094483.342298274394125 ], [ 271148.685843303217553, 2094472.734798649791628 ], [ 271133.673976501100697, 2094438.77138412813656 ], [ 271109.40080697578378, 2094449.378899232717231 ], [ 271124.412714338162914, 2094483.342298274394125 ] ] ] } },
{ "type": "Feature", "properties": { "name": "Mafatlal House", "building": "commercial", "building:levels": null, "height": null, "addr:street": null, "footprint_area_sqm": 754.18225523535011, "perimeter_m": 109.95332701012939, "length_m": 28.82, "breadth_m": 26.3, "floors": 4.0, "height_m": 12.8 }, "geometry": { "type": "Polygon", "coordinates": [ [ [ 271142.009512518416159, 2094342.10374824795872 ], [ 271126.5388532304205, 2094317.956390775507316 ], [ 271104.320734469918534, 2094332.02649679640308 ], [ 271119.791415436251555, 2094356.173837924143299 ], [ 271142.009512518416159, 2094342.10374824795872 ] ] ] } },
{ "type": "Feature", "properties": { "name": "Building (Unlabeled)", "building": "yes", "building:levels": null, "height": null, "addr:street": null, "footprint_area_sqm": 1196.0520036532284, "perimeter_m": 139.51663833896527, "length_m": 37.2, "breadth_m": 36.82, "floors": 4.0, "height_m": 12.8 }, "geometry": { "type": "Polygon", "coordinates": [ [ [ 271035.303295685793273, 2094609.273286536568776 ], [ 271059.465488852118142, 2094637.587583443848416 ], [ 271087.231148810358718, 2094615.410273575456813 ], [ 271069.164732719189487, 2094592.667954900534824 ], [ 271035.303295685793273, 2094609.273286536568776 ] ] ] } },
{ "type": "Feature", "properties": { "name": "New State Administration Building", "building": "yes", "building:levels": null, "height": null, "addr:street": null, "footprint_area_sqm": 1333.9525402929917, "perimeter_m": 174.90052329368413, "length_m": 64.35, "breadth_m": 31.19, "floors": 4.0, "height_m": 12.8 }, "geometry": { "type": "Polygon", "coordinates": [ [ [ 271052.276498869410716, 2094109.408347321208566 ], [ 271048.567706640809774, 2094106.010401879204437 ], [ 271041.703890590113588, 2094113.380755939520895 ], [ 271045.41281925898511, 2094116.789771041134372 ], [ 271043.540808454505168, 2094118.794835494132712 ], [ 271031.968131657340564, 2094138.248134228400886 ], [ 271042.387151266215369, 2094147.476273523410782 ], [ 271060.039148754673079, 2094133.960607825312763 ], [ 271062.799495997023769, 2094136.495488682761788 ], [ 271073.074420098972041, 2094125.462371642934158 ], [ 271070.313936690392438, 2094122.916418239707127 ], [ 271085.118810790707357, 2094099.813657320570201 ], [ 271074.710327215900179, 2094090.585364239290357 ], [ 271053.815597216074821, 2094107.750636810902506 ], [ 271052.276498869410716, 2094109.408347321208566 ] ] ] } },
{ "type": "Feature", "properties": { "name": "Building (Unlabeled)", "building": "apartments", "building:levels": null, "height": null, "addr:street": null, "footprint_area_sqm": 606.49964496008226, "perimeter_m": 98.65346580401804, "length_m": 26.0, "breadth_m": 23.33, "floors": 4.0, "height_m": 12.8 }, "geometry": { "type": "Polygon", "coordinates": [ [ [ 271203.069452737108804, 2094568.796517835697159 ], [ 271226.39786480285693, 2094568.764090619981289 ], [ 271226.362424450344406, 2094542.765834485879168 ], [ 271203.033979786676355, 2094542.798258321359754 ], [ 271203.069452737108804, 2094568.796517835697159 ] ] ] } },
{ "type": "Feature", "properties": { "name": "Building (Unlabeled)", "building": "apartments", "building:levels": null, "height": null, "addr:street": null, "footprint_area_sqm": 574.68668908687584, "perimeter_m": 95.890656415535176, "length_m": 24.02, "breadth_m": 23.93, "floors": 4.0, "height_m": 12.8 }, "geometry": { "type": "Polygon", "coordinates": [ [ [ 271202.484305666293949, 2094533.238211975898594 ], [ 271226.413278802181594, 2094533.198398747015744 ], [ 271226.381160727818497, 2094509.182115336414427 ], [ 271202.452156703337096, 2094509.22192536178045 ], [ 271202.484305666293949, 2094533.238211975898594 ] ] ] } },
{ "type": "Feature", "properties": { "name": "Building (Unlabeled)", "building": "apartments", "building:levels": null, "height": null, "addr:street": null, "footprint_area_sqm": 687.65628187160667, "perimeter_m": 104.89531062792163, "length_m": 26.41, "breadth_m": 26.04, "floors": 4.0, "height_m": 12.8 }, "geometry": { "type": "Polygon", "coordinates": [ [ [ 271203.52182308176998, 2094640.652767086168751 ], [ 271229.926865574205294, 2094640.615685191005468 ], [ 271229.890872258460149, 2094614.573143700603396 ], [ 271203.48579280305421, 2094614.610221764305606 ], [ 271203.52182308176998, 2094640.652767086168751 ] ] ] } },
{ "type": "Feature", "properties": { "name": "Nariman Point Post Office", "building": "yes", "building:levels": null, "height": null, "addr:street": null, "footprint_area_sqm": 293.98236156644066, "perimeter_m": 69.586359171929928, "length_m": 20.42, "breadth_m": 14.45, "floors": 4.0, "height_m": 12.8 }, "geometry": { "type": "Polygon", "coordinates": [ [ [ 270994.431459829967935, 2093715.290128009626642 ], [ 271003.537057896959595, 2093726.516457956284285 ], [ 271019.407916879688855, 2093713.797823296161368 ], [ 271010.302324075833894, 2093702.571486075408757 ], [ 270994.431459829967935, 2093715.290128009626642 ] ] ] } },
{ "type": "Feature", "properties": { "name": "Sarang", "building": "apartments", "building:levels": "17", "height": null, "addr:street": null, "footprint_area_sqm": 435.64610792521535, "perimeter_m": 133.01182026601836, "length_m": 39.99, "breadth_m": 19.66, "floors": 17.0, "height_m": 54.4 }, "geometry": { "type": "Polygon", "coordinates": [ [ [ 271088.22235843562521, 2093780.117692068219185 ], [ 271091.293228155816905, 2093779.62591342930682 ], [ 271086.5490809227922, 2093750.330586389405653 ], [ 271076.463482723338529, 2093751.938469903543591 ], [ 271081.207782320678234, 2093781.244867064291611 ], [ 271085.288181814365089, 2093780.585643305210397 ], [ 271085.927653586142696, 2093784.597161437384784 ], [ 271072.518891568586696, 2093786.744225314352661 ], [ 271073.511550494236872, 2093792.910572008229792 ], [ 271092.546743381302804, 2093789.863802254898474 ], [ 271091.554090850870125, 2093783.697455210378394 ], [ 271088.872365374467336, 2093784.129080552840605 ], [ 271088.22235843562521, 2093780.117692068219185 ] ] ] } },
{ "type": "Feature", "properties": { "name": "Horizon View Point", "building": "apartments", "building:levels": "6", "height": null, "addr:street": null, "footprint_area_sqm": 722.92860293889157, "perimeter_m": 111.13815596810583, "length_m": 34.79, "breadth_m": 20.79, "floors": 6.0, "height_m": 19.2 }, "geometry": { "type": "Polygon", "coordinates": [ [ [ 271159.741224574449006, 2094008.87412563408725 ], [ 271194.510636073478963, 2094007.726551464758813 ], [ 271193.823121416906361, 2093986.962639487581328 ], [ 271159.05353462183848, 2093988.099139829864725 ], [ 271159.741224574449006, 2094008.87412563408725 ] ] ] } },
{ "type": "Feature", "properties": { "name": "Building (Unlabeled)", "building": "apartments", "building:levels": "6", "height": null, "addr:street": null, "footprint_area_sqm": 695.43936677921818, "perimeter_m": 106.10779134483128, "length_m": 29.4, "breadth_m": 23.66, "floors": 6.0, "height_m": 19.2 }, "geometry": { "type": "Polygon", "coordinates": [ [ [ 271244.948241925914772, 2094675.376261887839064 ], [ 271274.345523744472302, 2094675.324560611508787 ], [ 271274.317939169530291, 2094651.673623964888975 ], [ 271244.920483741443604, 2094651.714250340126455 ], [ 271244.948241925914772, 2094675.376261887839064 ] ] ] } },
{ "type": "Feature", "properties": { "name": "Buena Vista CHS", "building": "apartments", "building:levels": null, "height": null, "addr:street": null, "footprint_area_sqm": 477.3484808198325, "perimeter_m": 94.286799072904302, "length_m": 32.43, "breadth_m": 14.73, "floors": 4.0, "height_m": 12.8 }, "geometry": { "type": "Polygon", "coordinates": [ [ [ 271165.112999207340181, 2093874.252642170758918 ], [ 271179.814234634279273, 2093873.529185485094786 ], [ 271178.204039948352147, 2093841.15030075609684 ], [ 271163.492242933018133, 2093841.873885652516037 ], [ 271165.112999207340181, 2093874.252642170758918 ] ] ] } },
{ "type": "Feature", "properties": { "name": "the J", "building": "apartments", "building:levels": "1", "height": "100", "addr:street": "Dm road", "footprint_area_sqm": 1221.6405851188849, "perimeter_m": 142.7901630582451, "length_m": 42.16, "breadth_m": 37.57, "floors": 1.0, "height_m": 100.0 }, "geometry": { "type": "Polygon", "coordinates": [ [ [ 271139.087317312310915, 2094536.986049192724749 ], [ 271177.929389340686612, 2094535.500300425570458 ], [ 271176.953741784091108, 2094510.166899147909135 ], [ 271176.487376877455972, 2094497.959451575065032 ], [ 271152.357038391928654, 2094507.325016972376034 ], [ 271135.011240070918575, 2094516.584946767892689 ], [ 271139.087317312310915, 2094536.986049192724749 ] ] ] } },
{ "type": "Feature", "properties": { "name": "Building (Unlabeled)", "building": "apartments", "building:levels": null, "height": null, "addr:street": null, "footprint_area_sqm": 763.60424898353949, "perimeter_m": 117.73804368431686, "length_m": 39.65, "breadth_m": 19.3, "floors": 4.0, "height_m": 12.8 }, "geometry": { "type": "Polygon", "coordinates": [ [ [ 270985.015344356943388, 2094624.209758484270424 ], [ 271003.010929231182672, 2094617.244787388015538 ], [ 270988.584991217008792, 2094580.395343843847513 ], [ 270970.589372673537582, 2094587.360325466608629 ], [ 270985.015344356943388, 2094624.209758484270424 ] ] ] } },
{ "type": "Feature", "properties": { "name": "Building (Unlabeled)", "building": "apartments", "building:levels": "6", "height": null, "addr:street": null, "footprint_area_sqm": 638.210859952845, "perimeter_m": 103.00373906241816, "length_m": 30.75, "breadth_m": 20.76, "floors": 6.0, "height_m": 19.2 }, "geometry": { "type": "Polygon", "coordinates": [ [ [ 271243.994646636012476, 2094648.403834461700171 ], [ 271274.740763032692485, 2094648.357685788301751 ], [ 271274.706594914430752, 2094627.596804086817428 ], [ 271243.970979528618045, 2094627.642819569446146 ], [ 271243.994646636012476, 2094648.403834461700171 ] ] ] } },
{ "type": "Feature", "properties": { "name": "Building (Unlabeled)", "building": "apartments", "building:levels": null, "height": null, "addr:street": null, "footprint_area_sqm": 707.50076296861346, "perimeter_m": 106.40979124979017, "length_m": 27.04, "breadth_m": 26.17, "floors": 4.0, "height_m": 12.8 }, "geometry": { "type": "Polygon", "coordinates": [ [ [ 271228.89900075411424, 2094284.78511546109803 ], [ 271255.05214797926601, 2094283.931848641717806 ], [ 271254.161153294844553, 2094256.903297520708293 ], [ 271228.008104048436508, 2094257.767632602714002 ], [ 271228.89900075411424, 2094284.78511546109803 ] ] ] } },
{ "type": "Feature", "properties": { "name": "Building (Unlabeled)", "building": "apartments", "building:levels": null, "height": null, "addr:street": null, "footprint_area_sqm": 556.60053013473498, "perimeter_m": 94.773402202337707, "length_m": 25.88, "breadth_m": 21.51, "floors": 4.0, "height_m": 12.8 }, "geometry": { "type": "Polygon", "coordinates": [ [ [ 271241.455158199067228, 2094549.068708206526935 ], [ 271267.333419979549944, 2094549.027104082982987 ], [ 271267.30066678323783, 2094527.524335680995136 ], [ 271241.422238862840459, 2094527.554865689715371 ], [ 271241.455158199067228, 2094549.068708206526935 ] ] ] } },
{ "type": "Feature", "properties": { "name": "Petroleum House Annex", "building": "commercial", "building:levels": "7", "height": "30", "addr:street": "Jamshedji Tata Road", "footprint_area_sqm": 409.40507149710675, "perimeter_m": 81.91747648506211, "length_m": 23.75, "breadth_m": 17.32, "floors": 7.0, "height_m": 30.0 }, "geometry": { "type": "Polygon", "coordinates": [ [ [ 270996.21766013733577, 2094365.147451302967966 ], [ 271009.255450504249893, 2094376.546774545917287 ], [ 271024.927382997411769, 2094358.847802457166836 ], [ 271011.889592534687836, 2094347.448468133574352 ], [ 270996.21766013733577, 2094365.147451302967966 ] ] ] } },
{ "type": "Feature", "properties": { "name": "Building (Unlabeled)", "building": "apartments", "building:levels": "6", "height": null, "addr:street": null, "footprint_area_sqm": 588.74839587895087, "perimeter_m": 98.749750483161492, "length_m": 29.24, "breadth_m": 20.14, "floors": 6.0, "height_m": 19.2 }, "geometry": { "type": "Polygon", "coordinates": [ [ [ 271242.053451608167961, 2094601.1140899755992 ], [ 271271.292957488214597, 2094601.075411868281662 ], [ 271271.266420423402451, 2094580.934507715981454 ], [ 271242.027019123197533, 2094580.984253560192883 ], [ 271242.053451608167961, 2094601.1140899755992 ] ] ] } },
{ "type": "Feature", "properties": { "name": "Building (Unlabeled)", "building": "apartments", "building:levels": null, "height": null, "addr:street": null, "footprint_area_sqm": 640.39953817174842, "perimeter_m": 101.709258126001, "length_m": 27.91, "breadth_m": 22.95, "floors": 4.0, "height_m": 12.8 }, "geometry": { "type": "Polygon", "coordinates": [ [ [ 271228.834637810417917, 2094205.9040417522192 ], [ 271251.775367762777023, 2094205.15674474905245 ], [ 271250.852684624842368, 2094177.264914982020855 ], [ 271227.92245563515462, 2094178.012079869396985 ], [ 271228.834637810417917, 2094205.9040417522192 ] ] ] } },
{ "type": "Feature", "properties": { "name": "ICICI Centre", "building": "commercial", "building:levels": null, "height": null, "addr:street": null, "footprint_area_sqm": 678.70210070080884, "perimeter_m": 104.24156400222854, "length_m": 26.86, "breadth_m": 25.4, "floors": 4.0, "height_m": 12.8 }, "geometry": { "type": "Polygon", "coordinates": [ [ [ 271171.10217487619957, 2094321.537985866656527 ], [ 271157.071415018290281, 2094298.801262647844851 ], [ 271135.380206336150877, 2094312.023315353086218 ], [ 271149.410986748058349, 2094334.76002424233593 ], [ 271171.10217487619957, 2094321.537985866656527 ] ] ] } },
{ "type": "Feature", "properties": { "name": "Building (Unlabeled)", "building": "apartments", "building:levels": null, "height": null, "addr:street": null, "footprint_area_sqm": 605.71565775644842, "perimeter_m": 98.600565326799398, "length_m": 26.04, "breadth_m": 23.27, "floors": 4.0, "height_m": 12.8 }, "geometry": { "type": "Polygon", "coordinates": [ [ [ 271205.107844586716965, 2094676.198757519712672 ], [ 271228.374408676987514, 2094676.288877885323018 ], [ 271228.486037336639129, 2094650.255591145018116 ], [ 271205.219440732325893, 2094650.165467224083841 ], [ 271205.107844586716965, 2094676.198757519712672 ] ] ] } },
{ "type": "Feature", "properties": { "name": "Y B Chavan Centre", "building": "commercial", "building:levels": null, "height": null, "addr:street": null, "footprint_area_sqm": 1400.6402112776971, "perimeter_m": 152.69926820690608, "length_m": 45.71, "breadth_m": 30.65, "floors": 4.0, "height_m": 12.8 }, "geometry": { "type": "Polygon", "coordinates": [ [ [ 271109.522355967666954, 2093975.631888297852129 ], [ 271108.022294096066616, 2093929.953327031806111 ], [ 271077.39203674683813, 2093930.950437443098053 ], [ 271078.892174300272018, 2093976.629004176473245 ], [ 271109.522355967666954, 2093975.631888297852129 ] ] ] } },
{ "type": "Feature", "properties": { "name": "Building (Unlabeled)", "building": "apartments", "building:levels": null, "height": null, "addr:street": null, "footprint_area_sqm": 981.05601300005856, "perimeter_m": 121.72808054072689, "length_m": 33.96, "breadth_m": 30.82, "floors": 4.0, "height_m": 12.8 }, "geometry": { "type": "Polygon", "coordinates": [ [ [ 271018.836666055954993, 2094464.910792314214632 ], [ 271030.776977706991602, 2094481.317431473871693 ], [ 271058.308209256734699, 2094462.331932499073446 ], [ 271041.553552529076114, 2094438.311180349439383 ], [ 271021.376042437274009, 2094450.363192812306806 ], [ 271019.445596180972643, 2094453.609127887059003 ], [ 271018.737260670692194, 2094456.840010870015249 ], [ 271018.341816305182874, 2094460.664966481737792 ], [ 271018.836666055954993, 2094464.910792314214632 ] ] ] } },
{ "type": "Feature", "properties": { "name": "Building (Unlabeled)", "building": "apartments", "building:levels": null, "height": null, "addr:street": null, "footprint_area_sqm": 1384.7705724616458, "perimeter_m": 148.7871782977208, "length_m": 43.66, "breadth_m": 39.47, "floors": 4.0, "height_m": 12.8 }, "geometry": { "type": "Polygon", "coordinates": [ [ [ 271025.689000737154856, 2094603.766768453642726 ], [ 271057.527318417909555, 2094585.447919739177451 ], [ 271041.587346812768374, 2094562.54656072286889 ], [ 271025.170275350799784, 2094561.652564149582759 ], [ 271000.190087035065517, 2094572.158230246510357 ], [ 271025.689000737154856, 2094603.766768453642726 ] ] ] } },
{ "type": "Feature", "properties": { "name": "Building (Unlabeled)", "building": "apartments", "building:levels": null, "height": null, "addr:street": null, "footprint_area_sqm": 1006.0786429632248, "perimeter_m": 127.93768305720288, "length_m": 44.02, "breadth_m": 28.17, "floors": 4.0, "height_m": 12.8 }, "geometry": { "type": "Polygon", "coordinates": [ [ [ 271100.514700044121128, 2094561.211899213027209 ], [ 271131.84890053269919, 2094541.304933340521529 ], [ 271125.137565056793392, 2094521.678146158810705 ], [ 271088.052787046181038, 2094535.809539694339037 ], [ 271087.173389921663329, 2094545.686149551765993 ], [ 271100.514700044121128, 2094561.211899213027209 ] ] ] } },
{ "type": "Feature", "properties": { "name": "Empress Court", "building": "apartments", "building:levels": null, "height": null, "addr:street": null, "footprint_area_sqm": 829.04627790356358, "perimeter_m": 114.34617501637872, "length_m": 35.94, "breadth_m": 27.46, "floors": 4.0, "height_m": 12.8 }, "geometry": { "type": "Polygon", "coordinates": [ [ [ 271235.260748346336186, 2094429.294077319325879 ], [ 271237.797693031025119, 2094437.655963281402364 ], [ 271258.208195022190921, 2094428.258783109951764 ], [ 271262.359941811009776, 2094421.420141322072595 ], [ 271261.017081195837818, 2094400.487128332257271 ], [ 271234.35399227187736, 2094401.844952015206218 ], [ 271235.260748346336186, 2094429.294077319325879 ] ] ] } },
{ "type": "Feature", "properties": { "name": "Building (Unlabeled)", "building": "apartments", "building:levels": null, "height": null, "addr:street": null, "footprint_area_sqm": 2293.5359936959508, "perimeter_m": 196.76504700645179, "length_m": 71.91, "breadth_m": 46.44, "floors": 4.0, "height_m": 12.8 }, "geometry": { "type": "Polygon", "coordinates": [ [ [ 271109.574643393047154, 2094571.331526438705623 ], [ 271133.889644997194409, 2094598.370668822899461 ], [ 271153.459793872549199, 2094584.067411529133096 ], [ 271177.21487106429413, 2094582.745234861737117 ], [ 271177.085460372327361, 2094546.55017009167932 ], [ 271138.236051533836871, 2094547.438087712973356 ], [ 271109.574643393047154, 2094571.331526438705623 ] ] ] } },
{ "type": "Feature", "properties": { "name": "Broadcasting House", "building": "commercial", "building:levels": null, "height": null, "addr:street": null, "footprint_area_sqm": 2211.355714098539, "perimeter_m": 260.12462265403786, "length_m": 65.81, "breadth_m": 63.44, "floors": 4.0, "height_m": 12.8 }, "geometry": { "type": "Polygon", "coordinates": [ [ [ 271067.58270011714194, 2094358.089993495494127 ], [ 271026.778245745110326, 2094383.362130255438387 ], [ 271041.384994186228141, 2094406.65638331673108 ], [ 271093.138261389685795, 2094374.605844589881599 ], [ 271076.976633398211561, 2094352.537626215256751 ], [ 271066.382078130845912, 2094342.73586184065789 ], [ 271071.802093195030466, 2094331.076001578010619 ], [ 271055.123787268530577, 2094323.530475199688226 ], [ 271044.801827977527864, 2094346.135176609037444 ], [ 271060.581233933626208, 2094352.562344847712666 ], [ 271067.58270011714194, 2094358.089993495494127 ] ] ] } },
{ "type": "Feature", "properties": { "name": "Suruchi", "building": "apartments", "building:levels": null, "height": null, "addr:street": null, "footprint_area_sqm": 346.44015047167358, "perimeter_m": 83.391370803837745, "length_m": 24.5, "breadth_m": 17.21, "floors": 4.0, "height_m": 12.8 }, "geometry": { "type": "Polygon", "coordinates": [ [ [ 271110.390115361544304, 2094011.031696905381978 ], [ 271108.677444698987529, 2093986.604259560583159 ], [ 271096.464626702305395, 2093987.452169622760266 ], [ 271097.013193113380112, 2093995.207379282917827 ], [ 271092.054427230381407, 2093995.556310321437195 ], [ 271092.717850376386195, 2094004.937793109798804 ], [ 271097.666078045265749, 2094004.588991672964767 ], [ 271098.177313588443212, 2094011.879607539158314 ], [ 271110.390115361544304, 2094011.031696905381978 ] ] ] } },
{ "type": "Feature", "properties": { "name": "Beacon", "building": "apartments", "building:levels": "6", "height": null, "addr:street": null, "footprint_area_sqm": 509.15862361140961, "perimeter_m": 105.3678253539568, "length_m": 32.46, "breadth_m": 21.33, "floors": 6.0, "height_m": 19.2 }, "geometry": { "type": "Polygon", "coordinates": [ [ [ 271164.331860533333384, 2094074.511933460598812 ], [ 271176.277912736462895, 2094074.254197034053504 ], [ 271176.157796977844555, 2094068.774691248312593 ], [ 271179.77719921246171, 2094064.910072505939752 ], [ 271196.579506986658089, 2094064.537228154018521 ], [ 271196.315266363788396, 2094052.482316645095125 ], [ 271163.869277002173476, 2094053.191614631796256 ], [ 271164.331860533333384, 2094074.511933460598812 ] ] ] } },
{ "type": "Feature", "properties": { "name": "Sunita", "building": "apartments", "building:levels": "11", "height": null, "addr:street": "General Jagannath Bhosle Rd, Nariman Point", "footprint_area_sqm": 349.10375857484041, "perimeter_m": 80.977221805585799, "length_m": 24.42, "breadth_m": 16.07, "floors": 11.0, "height_m": 35.2 }, "geometry": { "type": "Polygon", "coordinates": [ [ [ 271078.22574817633722, 2094014.937679955270141 ], [ 271076.51398869312834, 2093990.587738239904866 ], [ 271063.090385490329936, 2093991.517012431286275 ], [ 271063.691058631055057, 2094000.079888486303389 ], [ 271061.079980038106441, 2094000.25597975612618 ], [ 271061.64073292579269, 2094008.14391255681403 ], [ 271064.251674100465607, 2094007.956750224810094 ], [ 271064.802162747539114, 2094015.866954769939184 ], [ 271078.22574817633722, 2094014.937679955270141 ] ] ] } },
{ "type": "Feature", "properties": { "name": "Bank of Baroda", "building": "commercial", "building:levels": "2", "height": "116", "addr:street": "Dinshaw Wachha Road", "footprint_area_sqm": 1158.7339409481451, "perimeter_m": 171.01752497640814, "length_m": 41.36, "breadth_m": 41.05, "floors": 2.0, "height_m": 116.0 }, "geometry": { "type": "Polygon", "coordinates": [ [ [ 271191.761297776945867, 2094453.912501211278141 ], [ 271216.744864875858184, 2094443.661755002569407 ], [ 271215.120348385418765, 2094404.982673296006396 ], [ 271201.365097247820813, 2094408.905591925838962 ], [ 271201.622642016853206, 2094423.839490672806278 ], [ 271191.97744953178335, 2094425.242626015096903 ], [ 271185.383601539768279, 2094412.590175893390551 ], [ 271175.257092857151292, 2094415.981256201863289 ], [ 271191.761297776945867, 2094453.912501211278141 ] ] ] } },
{ "type": "Feature", "properties": { "name": "Mandlik House", "building": "yes", "building:levels": null, "height": null, "addr:street": null, "footprint_area_sqm": 397.38288581751709, "perimeter_m": 80.198643765637144, "length_m": 22.28, "breadth_m": 17.9, "floors": 4.0, "height_m": 12.8 }, "geometry": { "type": "Polygon", "coordinates": [ [ [ 271640.006217733258381, 2093620.830441039754078 ], [ 271660.068913046037778, 2093611.338454267475754 ], [ 271652.336367924232036, 2093595.189800871768966 ], [ 271632.273657106678002, 2093604.681794417789206 ], [ 271640.006217733258381, 2093620.830441039754078 ] ] ] } },
{ "type": "Feature", "properties": { "name": "Balaji Bhuvan", "building": "apartments", "building:levels": "3", "height": null, "addr:street": null, "footprint_area_sqm": 363.57478046777982, "perimeter_m": 78.685026740128507, "length_m": 24.57, "breadth_m": 14.84, "floors": 3.0, "height_m": 9.6 }, "geometry": { "type": "Polygon", "coordinates": [ [ [ 271600.575004444515798, 2093603.66480013448745 ], [ 271623.220763117307797, 2093594.284998497925699 ], [ 271617.478441873332486, 2093580.603266231715679 ], [ 271594.843203625350725, 2093589.982943904586136 ], [ 271600.575004444515798, 2093603.66480013448745 ] ] ] } },
{ "type": "Feature", "properties": { "name": "Hotel Moti International", "building": "yes", "building:levels": null, "height": null, "addr:street": null, "footprint_area_sqm": 486.64991461842618, "perimeter_m": 88.622574783261626, "length_m": 24.28, "breadth_m": 20.11, "floors": 4.0, "height_m": 12.8 }, "geometry": { "type": "Polygon", "coordinates": [ [ [ 271629.436656978330575, 2093599.335316616576165 ], [ 271652.092761573032476, 2093590.796947240130976 ], [ 271644.939070911728777, 2093572.01696928194724 ], [ 271622.282808672403917, 2093580.544274169253185 ], [ 271629.436656978330575, 2093599.335316616576165 ] ] ] } },
{ "type": "Feature", "properties": { "name": "Pattan Swasthya Bhavan", "building": "yes", "building:levels": "3", "height": null, "addr:street": null, "footprint_area_sqm": 415.89421198324237, "perimeter_m": 81.62515850305023, "length_m": 21.2, "breadth_m": 19.69, "floors": 3.0, "height_m": 9.6 }, "geometry": { "type": "Polygon", "coordinates": [ [ [ 271678.380167356343009, 2093581.06247473298572 ], [ 271660.016093532263767, 2093588.152962039923295 ], [ 271667.697166874655522, 2093607.834426921093836 ], [ 271686.061222349642776, 2093600.743945328285918 ], [ 271678.380167356343009, 2093581.06247473298572 ] ] ] } },
{ "type": "Feature", "properties": { "name": "Shah House", "building": "apartments", "building:levels": "3", "height": null, "addr:street": null, "footprint_area_sqm": 296.85446781572205, "perimeter_m": 70.041735893306893, "length_m": 20.69, "breadth_m": 14.39, "floors": 3.0, "height_m": 9.6 }, "geometry": { "type": "Polygon", "coordinates": [ [ [ 271613.568935238639824, 2093635.51629604655318 ], [ 271632.498962696816307, 2093627.322612915420905 ], [ 271626.731165194301866, 2093614.139461735263467 ], [ 271607.79072550998535, 2093622.344349856255576 ], [ 271613.568935238639824, 2093635.51629604655318 ] ] ] } },
{ "type": "Feature", "properties": { "name": "Rabro House", "building": "yes", "building:levels": "3", "height": null, "addr:street": null, "footprint_area_sqm": 295.76185761143938, "perimeter_m": 70.38641204842051, "length_m": 21.38, "breadth_m": 13.87, "floors": 3.0, "height_m": 9.6 }, "geometry": { "type": "Polygon", "coordinates": [ [ [ 271607.641795334289782, 2093619.655522441491485 ], [ 271627.439313956885599, 2093611.739072494674474 ], [ 271622.233989193220623, 2093598.881195339141414 ], [ 271602.436457753065042, 2093606.797649522311985 ], [ 271607.641795334289782, 2093619.655522441491485 ] ] ] } },
{ "type": "Feature", "properties": { "name": "Wodehouse Apartment", "building": "apartments", "building:levels": "6", "height": null, "addr:street": "Nathalal Parikh Marg, Cusrow Baug Colony, Apollo Bandar, Colaba", "footprint_area_sqm": 449.53206155548446, "perimeter_m": 96.614240803684723, "length_m": 26.76, "breadth_m": 21.55, "floors": 6.0, "height_m": 19.2 }, "geometry": { "type": "Polygon", "coordinates": [ [ [ 271376.091981973615475, 2093628.269201591145247 ], [ 271378.186509499384556, 2093633.215086592826992 ], [ 271365.07158885023091, 2093638.702259305398911 ], [ 271371.366391621239018, 2093653.595137222204357 ], [ 271385.865232946176548, 2093647.537323098164052 ], [ 271384.074694590060972, 2093643.318497547646984 ], [ 271394.275203422410414, 2093639.051936375442892 ], [ 271387.665894630190451, 2093623.432121763005853 ], [ 271376.091981973615475, 2093628.269201591145247 ] ] ] } },
{ "type": "Feature", "properties": { "name": "Bennett Villa", "building": "apartments", "building:levels": "12", "height": null, "addr:street": "Old Custom House Rd, Colaba", "footprint_area_sqm": 434.02199980417561, "perimeter_m": 90.600136667823989, "length_m": 28.39, "breadth_m": 16.96, "floors": 12.0, "height_m": 38.4 }, "geometry": { "type": "Polygon", "coordinates": [ [ [ 271382.837384693906642, 2093654.960015687858686 ], [ 271394.396405668463558, 2093673.77435452491045 ], [ 271398.057282901543658, 2093671.559112824266776 ], [ 271398.584017669549212, 2093672.405234503559768 ], [ 271401.868326341034845, 2093670.41607565083541 ], [ 271402.491924753005151, 2093671.427096974337474 ], [ 271410.04356643295614, 2093666.838775023818016 ], [ 271395.204986011842266, 2093642.68341803480871 ], [ 271387.611601484706625, 2093647.305476277368143 ], [ 271389.740568795823492, 2093650.767200293019414 ], [ 271382.837384693906642, 2093654.960015687858686 ] ] ] } },
{ "type": "Feature", "properties": { "name": "Nowroji Mansion", "building": "residential", "building:levels": "4", "height": null, "addr:street": "Nathalal M. Parikh Road", "footprint_area_sqm": 841.32061985428106, "perimeter_m": 138.5720629298969, "length_m": 52.15, "breadth_m": 18.47, "floors": 4.0, "height_m": 12.8 }, "geometry": { "type": "Polygon", "coordinates": [ [ [ 271332.247197753167711, 2093631.831045188708231 ], [ 271345.873641084530391, 2093642.237925639376044 ], [ 271351.054031742969528, 2093637.62336842273362 ], [ 271375.946318045724183, 2093606.989309729076922 ], [ 271367.561067179543898, 2093593.484065356198698 ], [ 271365.270671808859333, 2093591.463775071781129 ], [ 271359.605771448230371, 2093597.811619753483683 ], [ 271362.393452055519447, 2093599.139290373306721 ], [ 271332.247197753167711, 2093631.831045188708231 ] ] ] } },
{ "type": "Feature", "properties": { "name": "Building (Unlabeled)", "building": "yes", "building:levels": null, "height": null, "addr:street": null, "footprint_area_sqm": 141.45879456621225, "perimeter_m": 47.620025642829653, "length_m": 12.46, "breadth_m": 11.39, "floors": 4.0, "height_m": 12.8 }, "geometry": { "type": "Polygon", "coordinates": [ [ [ 271676.870306472643279, 2093628.029064115369692 ], [ 271681.668635380454361, 2093639.496793315513059 ], [ 271692.184183968580328, 2093635.137954800389707 ], [ 271687.39653284283122, 2093623.681165151996538 ], [ 271676.870306472643279, 2093628.029064115369692 ] ] ] } },
{ "type": "Feature", "properties": { "name": "Florence House", "building": "commercial", "building:levels": "3", "height": null, "addr:street": "B K Boman Behram Marg, Apollo Bandar, Colaba", "footprint_area_sqm": 519.69886830525729, "perimeter_m": 92.211104399644555, "length_m": 26.56, "breadth_m": 19.63, "floors": 3.0, "height_m": 9.6 }, "geometry": { "type": "Polygon", "coordinates": [ [ [ 271711.370295628206804, 2093639.220783814089373 ], [ 271719.178281267057173, 2093657.228733893949538 ], [ 271736.945769916055724, 2093649.614133652998134 ], [ 271743.518185359833296, 2093646.798527014208958 ], [ 271735.699685536674224, 2093628.790698221651837 ], [ 271711.370295628206804, 2093639.220783814089373 ] ] ] } },
{ "type": "Feature", "properties": { "name": "Building (Unlabeled)", "building": "yes", "building:levels": null, "height": null, "addr:street": null, "footprint_area_sqm": 237.85015542799087, "perimeter_m": 62.217295626640279, "length_m": 17.65, "breadth_m": 13.53, "floors": 4.0, "height_m": 12.8 }, "geometry": { "type": "Polygon", "coordinates": [ [ [ 271385.81133088801289, 2093602.85974224912934 ], [ 271400.573032086365856, 2093593.321894627297297 ], [ 271393.162969705299474, 2093581.997044095071033 ], [ 271378.401261881226674, 2093591.534896945348009 ], [ 271385.81133088801289, 2093602.85974224912934 ] ] ] } },
{ "type": "Feature", "properties": { "name": "GM Best office", "building": "commercial", "building:levels": "15", "height": null, "addr:street": "BEST Marg, Cusrow Baug Colony, Apollo Bandar, Colaba", "footprint_area_sqm": 630.65852847270799, "perimeter_m": 125.56420063235335, "length_m": 40.49, "breadth_m": 22.29, "floors": 15.0, "height_m": 48.0 }, "geometry": { "type": "Polygon", "coordinates": [ [ [ 271400.775291434663814, 2093614.922195022227243 ], [ 271417.698714057449251, 2093647.522529303329065 ], [ 271429.102066613151692, 2093641.668885332532227 ], [ 271418.708255386329256, 2093621.633285702206194 ], [ 271427.127265885937959, 2093617.311130710877478 ], [ 271418.860035944613628, 2093601.401647710707039 ], [ 271412.786635887925513, 2093604.52127442881465 ], [ 271414.524277461809106, 2093607.866011197213084 ], [ 271400.775291434663814, 2093614.922195022227243 ] ] ] } },
{ "type": "Feature", "properties": { "name": "Building (Unlabeled)", "building": "yes", "building:levels": null, "height": null, "addr:street": null, "footprint_area_sqm": 706.21111577228567, "perimeter_m": 111.02986400036377, "length_m": 35.86, "breadth_m": 19.74, "floors": 4.0, "height_m": 12.8 }, "geometry": { "type": "Polygon", "coordinates": [ [ [ 271677.17134920717217, 2093672.293842876330018 ], [ 271709.880839310120791, 2093657.80790435615927 ], [ 271701.809312158089597, 2093639.792119402904063 ], [ 271669.099793201021384, 2093654.27806919394061 ], [ 271677.17134920717217, 2093672.293842876330018 ] ] ] } },
{ "type": "Feature", "properties": { "name": "Mathuradas Estate", "building": "hotel", "building:levels": null, "height": null, "addr:street": "Nanabhai Moos Marg (Upper Colaba Road)", "footprint_area_sqm": 392.42187035573335, "perimeter_m": 83.822099508872384, "length_m": 27.85, "breadth_m": 14.12, "floors": 4.0, "height_m": 12.8 }, "geometry": { "type": "Polygon", "coordinates": [ [ [ 271627.972043946618214, 2093674.005161396460608 ], [ 271654.039288624015171, 2093664.372995729325339 ], [ 271649.092903773707803, 2093651.146537443157285 ], [ 271623.025641436863225, 2093660.778708240017295 ], [ 271627.972043946618214, 2093674.005161396460608 ] ] ] } },
{ "type": "Feature", "properties": { "name": "Candy House", "building": "apartments", "building:levels": "3", "height": null, "addr:street": "Mandlik Road", "footprint_area_sqm": 430.0976930314871, "perimeter_m": 86.950275648020295, "length_m": 28.44, "breadth_m": 15.26, "floors": 3.0, "height_m": 9.6 }, "geometry": { "type": "Polygon", "coordinates": [ [ [ 271686.703346307447646, 2093589.530537537531927 ], [ 271693.226761892263312, 2093603.324496174929664 ], [ 271718.796511363529135, 2093591.782975389156491 ], [ 271712.651181857276242, 2093577.88471527886577 ], [ 271686.703346307447646, 2093589.530537537531927 ] ] ] } },
{ "type": "Feature", "properties": { "name": "Sunny House", "building": "commercial", "building:levels": "3", "height": null, "addr:street": "Mandlik Rd, Apollo Bandar, Colaba", "footprint_area_sqm": 517.09324856691717, "perimeter_m": 93.120358120112797, "length_m": 28.34, "breadth_m": 18.3, "floors": 3.0, "height_m": 9.6 }, "geometry": { "type": "Polygon", "coordinates": [ [ [ 271696.811101518920623, 2093610.322705928469077 ], [ 271704.601308621349744, 2093626.880353148560971 ], [ 271730.229488613258582, 2093614.950584811158478 ], [ 271722.439437824883498, 2093598.403999906266108 ], [ 271696.811101518920623, 2093610.322705928469077 ] ] ] } },
{ "type": "Feature", "properties": { "name": "Ram Nimi Building", "building": "commercial", "building:levels": "3", "height": null, "addr:street": "Mandlik Rd,Apollo Bandar", "footprint_area_sqm": 431.73752552134169, "perimeter_m": 84.210359078386475, "length_m": 24.52, "breadth_m": 17.67, "floors": 3.0, "height_m": 9.6 }, "geometry": { "type": "Polygon", "coordinates": [ [ [ 271646.345991153270006, 2093638.546361816814169 ], [ 271654.033394926169422, 2093654.451967738103122 ], [ 271676.085365393548273, 2093643.916887164814398 ], [ 271668.397978345863521, 2093628.011273817624897 ], [ 271646.345991153270006, 2093638.546361816814169 ] ] ] } },
{ "type": "Feature", "properties": { "name": "Khubsons", "building": "hotel", "building:levels": null, "height": null, "addr:street": null, "footprint_area_sqm": 416.16575556027971, "perimeter_m": 83.588155367975702, "length_m": 25.48, "breadth_m": 16.37, "floors": 4.0, "height_m": 12.8 }, "geometry": { "type": "Polygon", "coordinates": [ [ [ 271617.656507709412836, 2093644.877863146364689 ], [ 271623.492277697543614, 2093660.163982102414593 ], [ 271647.281009357480798, 2093651.190928774420172 ], [ 271641.445121989760082, 2093635.893733257893473 ], [ 271617.656507709412836, 2093644.877863146364689 ] ] ] } },
{ "type": "Feature", "properties": { "name": "Ram Mansion", "building": "commercial", "building:levels": "3", "height": null, "addr:street": "Navroji Furdunji Street, Colaba Causeway, Apollo Bandar", "footprint_area_sqm": 339.87625182386421, "perimeter_m": 77.457270492035022, "length_m": 25.34, "breadth_m": 13.44, "floors": 3.0, "height_m": 9.6 }, "geometry": { "type": "Polygon", "coordinates": [ [ [ 271666.618165255873464, 2093652.127222298178822 ], [ 271654.291754913516343, 2093657.471630979329348 ], [ 271664.43914392311126, 2093680.632845025276765 ], [ 271676.776076028239913, 2093675.288312299875543 ], [ 271666.618165255873464, 2093652.127222298178822 ] ] ] } },
{ "type": "Feature", "properties": { "name": "Vidhi Bhawan", "building": "apartments", "building:levels": null, "height": null, "addr:street": null, "footprint_area_sqm": 565.9204262637079, "perimeter_m": 121.98457741619312, "length_m": 32.06, "breadth_m": 23.81, "floors": 4.0, "height_m": 12.8 }, "geometry": { "type": "Polygon", "coordinates": [ [ [ 271135.851238143106457, 2093658.506965476786718 ], [ 271141.020811597234569, 2093658.155462852679193 ], [ 271140.803421209042426, 2093655.046711287461221 ], [ 271145.446610326762311, 2093654.734905282268301 ], [ 271146.204862408572808, 2093665.831485311267897 ], [ 271156.354495483101346, 2093665.141891345148906 ], [ 271155.662550967594143, 2093655.151764888316393 ], [ 271159.358055779128335, 2093654.895913705928251 ], [ 271159.498742166091688, 2093656.909412473673001 ], [ 271167.826899145846255, 2093656.341891227755696 ], [ 271166.747781423502602, 2093640.576584328664467 ], [ 271134.772093018167652, 2093642.741657566512004 ], [ 271135.851238143106457, 2093658.506965476786718 ] ] ] } },
{ "type": "Feature", "properties": { "name": "Rahim Mansion - II", "building": "yes", "building:levels": "3", "height": null, "addr:street": null, "footprint_area_sqm": 846.41759350432483, "perimeter_m": 169.32255615490172, "length_m": 45.03, "breadth_m": 29.12, "floors": 3.0, "height_m": 9.6 }, "geometry": { "type": "Polygon", "coordinates": [ [ [ 271572.737121325801127, 2093675.048870767932385 ], [ 271585.17382501065731, 2093670.965332829859108 ], [ 271588.500176841625944, 2093680.978457832941785 ], [ 271606.457384950132109, 2093675.088729128241539 ], [ 271600.056266708183102, 2093655.812326474115252 ], [ 271557.267497125256341, 2093669.846487534698099 ], [ 271563.220099676749669, 2093687.77752440283075 ], [ 271567.36557300761342, 2093686.408960932167247 ], [ 271570.571823716396466, 2093696.0803062771447 ], [ 271578.821032325038686, 2093693.376913875574246 ], [ 271572.737121325801127, 2093675.048870767932385 ] ] ] } },
{ "type": "Feature", "properties": { "name": "Neelambari", "building": "apartments", "building:levels": null, "height": null, "addr:street": null, "footprint_area_sqm": 502.72784315057538, "perimeter_m": 93.940871951062661, "length_m": 30.47, "breadth_m": 16.5, "floors": 4.0, "height_m": 12.8 }, "geometry": { "type": "Polygon", "coordinates": [ [ [ 271191.295206695096567, 2093692.426944914041087 ], [ 271221.762034946470521, 2093691.819623096147552 ], [ 271221.432691566355061, 2093675.325370559468865 ], [ 271190.965836203657091, 2093675.932690072106197 ], [ 271191.295206695096567, 2093692.426944914041087 ] ] ] } },
{ "type": "Feature", "properties": { "name": "Building (Unlabeled)", "building": "yes", "building:levels": null, "height": null, "addr:street": null, "footprint_area_sqm": 97.424403462303403, "perimeter_m": 44.958992476678858, "length_m": 16.64, "breadth_m": 5.87, "floors": 4.0, "height_m": 12.8 }, "geometry": { "type": "Polygon", "coordinates": [ [ [ 271549.974432722083293, 2093665.462711738189682 ], [ 271565.04135578579735, 2093658.467961156042293 ], [ 271562.552568447310477, 2093653.161505749449134 ], [ 271547.475105676683597, 2093660.156387372873724 ], [ 271549.974432722083293, 2093665.462711738189682 ] ] ] } },
{ "type": "Feature", "properties": { "name": "Building (Unlabeled)", "building": "apartments", "building:levels": null, "height": null, "addr:street": null, "footprint_area_sqm": 183.61187451600472, "perimeter_m": 54.211432691856459, "length_m": 13.81, "breadth_m": 13.3, "floors": 4.0, "height_m": 12.8 }, "geometry": { "type": "Polygon", "coordinates": [ [ [ 271136.009175211074762, 2093675.623405180405825 ], [ 271136.24654338718392, 2093688.918788587907329 ], [ 271150.058101127739064, 2093688.671326646814123 ], [ 271149.82087907823734, 2093675.387015119660646 ], [ 271136.009175211074762, 2093675.623405180405825 ] ] ] } },
{ "type": "Feature", "properties": { "name": "Building (Unlabeled)", "building": "yes", "building:levels": null, "height": null, "addr:street": null, "footprint_area_sqm": 85.032334277063427, "perimeter_m": 40.630309896196053, "length_m": 14.45, "breadth_m": 5.9, "floors": 4.0, "height_m": 12.8 }, "geometry": { "type": "Polygon", "coordinates": [ [ [ 271576.595031674485654, 2093655.413949159905314 ], [ 271589.931237689103, 2093649.924213511636481 ], [ 271587.651542613224592, 2093644.482315736589953 ], [ 271574.32586882810574, 2093649.971923252334818 ], [ 271576.595031674485654, 2093655.413949159905314 ] ] ] } },
{ "type": "Feature", "properties": { "name": "Building (Unlabeled)", "building": "yes", "building:levels": null, "height": null, "addr:street": null, "footprint_area_sqm": 201.39505501772371, "perimeter_m": 58.99558108791522, "length_m": 18.81, "breadth_m": 10.73, "floors": 4.0, "height_m": 12.8 }, "geometry": { "type": "Polygon", "coordinates": [ [ [ 271545.54663036915008, 2093658.430594441480935 ], [ 271562.952654102351516, 2093651.41818367363885 ], [ 271558.900126234977506, 2093641.480416533537209 ], [ 271541.49409380700672, 2093648.492830210132524 ], [ 271545.54663036915008, 2093658.430594441480935 ] ] ] } },
{ "type": "Feature", "properties": { "name": "Building (Unlabeled)", "building": "apartments", "building:levels": null, "height": null, "addr:street": null, "footprint_area_sqm": 302.15133477481794, "perimeter_m": 129.44054689084794, "length_m": 31.51, "breadth_m": 12.07, "floors": 4.0, "height_m": 12.8 }, "geometry": { "type": "Polygon", "coordinates": [ [ [ 271035.929430713295005, 2093700.860813353676349 ], [ 271045.137817794689909, 2093711.022916726069525 ], [ 271050.369983960990794, 2093706.341191041748971 ], [ 271053.136793921003118, 2093709.396414234302938 ], [ 271047.91516395797953, 2093714.078009471530095 ], [ 271057.048697022488341, 2093724.152457228396088 ], [ 271066.032882917905226, 2093716.102739476598799 ], [ 271061.727790247183293, 2093711.35018211347051 ], [ 271056.380955391097814, 2093716.132970322854817 ], [ 271054.084265993675217, 2093713.603449139976874 ], [ 271059.431101151159965, 2093708.820660296594724 ], [ 271051.269545968505554, 2093699.808297415962443 ], [ 271046.026977989531588, 2093704.501223324565217 ], [ 271043.762165962136351, 2093701.99345608567819 ], [ 271048.994198372762185, 2093697.300659264437854 ], [ 271044.924157091300003, 2093692.810956109547988 ], [ 271035.929430713295005, 2093700.860813353676349 ] ] ] } },
{ "type": "Feature", "properties": { "name": "Samata", "building": "apartments", "building:levels": "13", "height": null, "addr:street": null, "footprint_area_sqm": 454.48597900396209, "perimeter_m": 102.73675126931398, "length_m": 30.02, "breadth_m": 19.87, "floors": 13.0, "height_m": 41.6 }, "geometry": { "type": "Polygon", "coordinates": [ [ [ 271145.575306200888008, 2093782.51219658437185 ], [ 271155.794807011727244, 2093786.64942907425575 ], [ 271158.832940431428142, 2093779.215486194938421 ], [ 271161.512258384958841, 2093780.300859675277025 ], [ 271166.678636833210476, 2093767.703002207679674 ], [ 271163.724024156806991, 2093766.510288269259036 ], [ 271164.511851464980282, 2093764.596091420156881 ], [ 271163.463493067130912, 2093764.177155950339511 ], [ 271164.169485965394415, 2093762.463274488924071 ], [ 271163.534067634493113, 2093762.205348377581686 ], [ 271165.2220751082059, 2093758.087682352866977 ], [ 271156.718083749059588, 2093754.63798642763868 ], [ 271154.856417865783442, 2093759.200697953114286 ], [ 271149.57193429133622, 2093757.062258118530735 ], [ 271147.68960745842196, 2093761.658442922867835 ], [ 271149.754717938718386, 2093762.496701180469245 ], [ 271145.437481023662258, 2093773.024594282498583 ], [ 271144.071413342957385, 2093772.476697170408443 ], [ 271142.331959126866423, 2093776.694653207901865 ], [ 271147.161082775215618, 2093778.650458111660555 ], [ 271145.575306200888008, 2093782.51219658437185 ] ] ] } },
{ "type": "Feature", "properties": { "name": "Express Towers", "building": "commercial", "building:levels": null, "height": null, "addr:street": "Barrister Rajni Patel Road", "footprint_area_sqm": 3382.3431491154074, "perimeter_m": 245.46551861693419, "length_m": 78.81, "breadth_m": 53.17, "floors": 4.0, "height_m": 12.8 }, "geometry": { "type": "Polygon", "coordinates": [ [ [ 270600.515185523428954, 2094300.865331432083622 ], [ 270619.474738745833747, 2094302.834889552323148 ], [ 270618.673953236197121, 2094313.087050231173635 ], [ 270653.448125939816236, 2094315.78057557111606 ], [ 270654.259329088730738, 2094305.517217358574271 ], [ 270674.37285860395059, 2094307.073977114399895 ], [ 270680.528163233655505, 2094281.575064505916089 ], [ 270678.721523192885797, 2094276.060981256421655 ], [ 270674.725082577497233, 2094272.411980461096391 ], [ 270614.646883595618419, 2094257.418723634909838 ], [ 270608.464007330185268, 2094257.616803713375703 ], [ 270604.277335206279531, 2094261.610351444920525 ], [ 270600.515185523428954, 2094300.865331432083622 ] ] ] } },
{ "type": "Feature", "properties": { "name": "HCG Hospital", "building": "hospital", "building:levels": "13", "height": null, "addr:street": "Maharshi Karve Rd, Nariman Point", "footprint_area_sqm": 614.10853240691051, "perimeter_m": 101.66575084027022, "length_m": 31.06, "breadth_m": 19.78, "floors": 13.0, "height_m": 41.6 }, "geometry": { "type": "Polygon", "coordinates": [ [ [ 271191.621587840490974, 2093735.229947298299521 ], [ 271222.684616781421937, 2093735.124627429526299 ], [ 271222.620634706458077, 2093715.360667304834351 ], [ 271191.557436564704403, 2093715.45491279871203 ], [ 271191.621587840490974, 2093735.229947298299521 ] ] ] } },
{ "type": "Feature", "properties": { "name": "Bank of Baroda", "building": "apartments", "building:levels": null, "height": null, "addr:street": "Jagannath Bhosle Rd, Nariman Point", "footprint_area_sqm": 193.68653880401331, "perimeter_m": 55.671222873065858, "length_m": 14.06, "breadth_m": 13.79, "floors": 4.0, "height_m": 12.8 }, "geometry": { "type": "Polygon", "coordinates": [ [ [ 271152.811935143079609, 2093809.706262971507385 ], [ 271154.016913420986384, 2093823.709465070161968 ], [ 271167.74331247608643, 2093822.544018923537806 ], [ 271166.548880454618484, 2093808.540687389438972 ], [ 271152.811935143079609, 2093809.706262971507385 ] ] ] } },
{ "type": "Feature", "properties": { "name": "Archdiocese of Bombay", "building": "yes", "building:levels": null, "height": null, "addr:street": null, "footprint_area_sqm": 551.60088100306427, "perimeter_m": 102.86888394441917, "length_m": 34.45, "breadth_m": 17.09, "floors": 4.0, "height_m": 12.8 }, "geometry": { "type": "Polygon", "coordinates": [ [ [ 271490.585051285626832, 2093749.480907483492047 ], [ 271503.919577122491319, 2093760.157215076964349 ], [ 271525.551665545324795, 2093733.47206886485219 ], [ 271517.070025374065153, 2093726.6890678035561 ], [ 271513.509693629923277, 2093731.084366067778319 ], [ 271508.64626942423638, 2093727.191174004459754 ], [ 271490.585051285626832, 2093749.480907483492047 ] ] ] } },
{ "type": "Feature", "properties": { "name": "Nariman Point Fire Station", "building": "service", "building:levels": null, "height": null, "addr:street": "Rajendra Venkateshwara Rao Marg", "footprint_area_sqm": 594.99326676753037, "perimeter_m": 112.13598454181113, "length_m": 27.97, "breadth_m": 22.19, "floors": 4.0, "height_m": 12.8 }, "geometry": { "type": "Polygon", "coordinates": [ [ [ 271021.138422480900772, 2093727.683830593712628 ], [ 271027.209470323519781, 2093734.651323199272156 ], [ 271031.78686286136508, 2093730.708450469886884 ], [ 271034.255807304289192, 2093733.534811300225556 ], [ 271029.678415090427734, 2093737.47768345172517 ], [ 271035.717440297361463, 2093744.41235429700464 ], [ 271056.811058653052896, 2093726.2481226795353 ], [ 271042.232049633341376, 2093709.519583245040849 ], [ 271021.138422480900772, 2093727.683830593712628 ] ] ] } },
{ "type": "Feature", "properties": { "name": "Mahanagar Telephone Nigam Ltd", "building": "commercial", "building:levels": "17", "height": null, "addr:street": "Maharshi Karve Rd, Nariman Point", "footprint_area_sqm": 1114.7505922240646, "perimeter_m": 154.13660439740346, "length_m": 42.89, "breadth_m": 37.09, "floors": 17.0, "height_m": 54.4 }, "geometry": { "type": "Polygon", "coordinates": [ [ [ 271205.820199563226197, 2093978.001165185822174 ], [ 271238.858267473813612, 2093976.587092778179795 ], [ 271236.224196952243801, 2093933.7792622318957 ], [ 271221.934472803492099, 2093941.395903072087094 ], [ 271222.314365871017799, 2093950.005782320396975 ], [ 271208.727254245139193, 2093950.494051219895482 ], [ 271208.900763735757209, 2093955.175664820708334 ], [ 271200.758979827340227, 2093955.464073062874377 ], [ 271201.282511621597223, 2093969.752476715249941 ], [ 271205.516635634296108, 2093969.600727210054174 ], [ 271205.612404705723748, 2093972.245922187110409 ], [ 271205.820199563226197, 2093978.001165185822174 ] ] ] } },
{ "type": "Feature", "properties": { "name": "Madhuban Apartments", "building": "apartments", "building:levels": null, "height": null, "addr:street": "General Jagannath Bhosle Rd,Nariman Point", "footprint_area_sqm": 542.6532983227396, "perimeter_m": 128.05504831452748, "length_m": 38.26, "breadth_m": 29.01, "floors": 4.0, "height_m": 12.8 }, "geometry": { "type": "Polygon", "coordinates": [ [ [ 271169.995721682906151, 2093949.929782720049843 ], [ 271156.981486199889332, 2093950.73214820981957 ], [ 271157.193610852002166, 2093960.263127962360159 ], [ 271168.876208179455716, 2093959.997564827324823 ], [ 271174.77342421450885, 2093973.400465921266004 ], [ 271183.705473603331484, 2093968.828261791961268 ], [ 271179.079765819769818, 2093958.565430277958512 ], [ 271179.266644763643853, 2093951.487679802114144 ], [ 271191.557333022356033, 2093943.264456079574302 ], [ 271185.504306122427806, 2093934.32576262508519 ], [ 271168.228403297485784, 2093945.887851611012593 ], [ 271169.995721682906151, 2093949.929782720049843 ] ] ] } },
{ "type": "Feature", "properties": { "name": "Sachivalay Gymkhana", "building": "apartments", "building:levels": null, "height": null, "addr:street": "General Jagannath Bhosale Marg, Nariman Point", "footprint_area_sqm": 1075.6993758663803, "perimeter_m": 143.14687013840731, "length_m": 37.46, "breadth_m": 36.82, "floors": 4.0, "height_m": 12.8 }, "geometry": { "type": "Polygon", "coordinates": [ [ [ 271116.974064025213011, 2094060.534200472990051 ], [ 271113.581374982721172, 2094023.748164852149785 ], [ 271080.946142115572002, 2094026.209417773876339 ], [ 271077.571564331767149, 2094029.417753718793392 ], [ 271077.526217831880786, 2094033.437702500261366 ], [ 271078.476853118801955, 2094037.046772685134783 ], [ 271082.026526006869972, 2094040.358102058758959 ], [ 271082.306735263089649, 2094043.432863374473527 ], [ 271086.516911261947826, 2094043.048852843698114 ], [ 271086.758970937575214, 2094045.592594147194177 ], [ 271089.211462882347405, 2094045.374167192494497 ], [ 271090.341740434465464, 2094057.584514559712261 ], [ 271101.340731603209861, 2094056.574373604729772 ], [ 271101.827981430571526, 2094061.916489714989439 ], [ 271116.974064025213011, 2094060.534200472990051 ] ] ] } },
{ "type": "Feature", "properties": { "name": "Building (Unlabeled)", "building": "yes", "building:levels": "4", "height": null, "addr:street": null, "footprint_area_sqm": 527.03715293040489, "perimeter_m": 127.07243077974938, "length_m": 29.31, "breadth_m": 29.05, "floors": 4.0, "height_m": 12.8 }, "geometry": { "type": "Polygon", "coordinates": [ [ [ 271063.364112463197671, 2094496.406828677281737 ], [ 271065.09432081587147, 2094500.858895879471675 ], [ 271062.798308083380107, 2094503.511401905678213 ], [ 271064.948098758119158, 2094506.098087194375694 ], [ 271079.154176273732446, 2094500.287144194589928 ], [ 271074.962089415756054, 2094490.151874574134126 ], [ 271068.312064943253063, 2094490.056599953444675 ], [ 271070.487625408452004, 2094479.333574843592942 ], [ 271059.227560130646452, 2094477.091602971544489 ], [ 271057.360743121593259, 2094486.360303254099563 ], [ 271053.525357715901919, 2094482.089179437607527 ], [ 271042.463732603238896, 2094488.260032621212304 ], [ 271050.815576357301325, 2094500.76899143285118 ], [ 271054.439420859329402, 2094498.985948114888743 ], [ 271058.446916784974746, 2094494.131040902808309 ], [ 271059.979755519656464, 2094497.101795503636822 ], [ 271063.364112463197671, 2094496.406828677281737 ] ] ] } },
{ "type": "Feature", "properties": { "name": "Ameeta Cooperative Housing Society", "building": "apartments", "building:levels": "13", "height": null, "addr:street": "General Jagannath Bhosle Rd, Nariman Point", "footprint_area_sqm": 622.33436500289736, "perimeter_m": 157.43565923119584, "length_m": 39.95, "breadth_m": 31.53, "floors": 13.0, "height_m": 41.6 }, "geometry": { "type": "Polygon", "coordinates": [ [ [ 271164.66457582131261, 2093905.461010231869295 ], [ 271154.116852332372218, 2093912.323004846926779 ], [ 271155.998208231874742, 2093925.631377105833963 ], [ 271190.728573517175391, 2093905.882172268582508 ], [ 271183.756615372141823, 2093894.197684361832216 ], [ 271166.599927415256388, 2093904.318853113567457 ], [ 271165.108758627902716, 2093902.16695441887714 ], [ 271167.0000604292145, 2093900.870321726659313 ], [ 271162.944939299486578, 2093895.018475499702618 ], [ 271164.292878856067546, 2093894.093927776673809 ], [ 271161.246098483039532, 2093889.691269383998588 ], [ 271158.477013790805358, 2093891.585556951351464 ], [ 271156.674584640481044, 2093888.972435823408887 ], [ 271151.387094332720153, 2093892.58076491439715 ], [ 271153.629255007021129, 2093895.819617873756215 ], [ 271151.873828127514571, 2093897.025998334167525 ], [ 271154.45939888083376, 2093900.769969270331785 ], [ 271158.001723348279484, 2093898.345749014755711 ], [ 271162.035501628532074, 2093904.175711530959234 ], [ 271163.216230978316162, 2093903.36394817661494 ], [ 271164.66457582131261, 2093905.461010231869295 ] ] ] } },
{ "type": "Feature", "properties": { "name": "Air-India Building", "building": "apartments", "building:levels": null, "height": null, "addr:street": "Madame Cama Road", "footprint_area_sqm": 5470.9534038725787, "perimeter_m": 279.65302207852045, "length_m": 86.0, "breadth_m": 80.58, "floors": 4.0, "height_m": 12.8 }, "geometry": { "type": "Polygon", "coordinates": [ [ [ 270598.720485253841616, 2094373.181382632115856 ], [ 270606.16417859075591, 2094392.333957518218085 ], [ 270616.654631427605636, 2094406.488356264308095 ], [ 270624.204248558031395, 2094410.314959866693243 ], [ 270631.746733613777906, 2094408.439194733509794 ], [ 270675.024391359533183, 2094381.253251781919971 ], [ 270677.995347035117447, 2094377.795131716411561 ], [ 270678.188114565331489, 2094372.920751465018839 ], [ 270676.820478791487403, 2094353.449610373238102 ], [ 270675.14251244335901, 2094334.447351950220764 ], [ 270673.212137100752443, 2094330.861451065167785 ], [ 270669.480964346323162, 2094329.069399687694386 ], [ 270601.590666869306006, 2094325.688212743960321 ], [ 270596.762712025665678, 2094329.800404149573296 ], [ 270595.877298442239407, 2094351.126350414473563 ], [ 270598.720485253841616, 2094373.181382632115856 ] ] ] } },
{ "type": "Feature", "properties": { "name": "Building (Unlabeled)", "building": "yes", "building:levels": null, "height": null, "addr:street": null, "footprint_area_sqm": 655.76097131948768, "perimeter_m": 103.64806500010766, "length_m": 30.0, "breadth_m": 21.96, "floors": 4.0, "height_m": 12.8 }, "geometry": { "type": "Polygon", "coordinates": [ [ [ 271742.628067648503929, 2093859.315779808908701 ], [ 271760.809008060605265, 2093835.607542151585221 ], [ 271743.30194717773702, 2093822.358067128341645 ], [ 271725.131411765702069, 2093846.055122254416347 ], [ 271742.628067648503929, 2093859.315779808908701 ] ] ] } },
{ "type": "Feature", "properties": { "name": "Dilwara Building", "building": "apartments", "building:levels": "14", "height": null, "addr:street": "Maharshi Karve Rd, Nariman Point,", "footprint_area_sqm": 353.68981426939479, "perimeter_m": 83.77398055715058, "length_m": 30.17, "breadth_m": 11.73, "floors": 14.0, "height_m": 44.8 }, "geometry": { "type": "Polygon", "coordinates": [ [ [ 271224.194416997605003, 2093893.833043716382235 ], [ 271224.502204424759839, 2093923.991263480857015 ], [ 271236.22887013462605, 2093923.88022085907869 ], [ 271235.92110174591653, 2093893.722002899739891 ], [ 271224.194416997605003, 2093893.833043716382235 ] ] ] } },
{ "type": "Feature", "properties": { "name": "Building (Unlabeled)", "building": "yes", "building:levels": null, "height": null, "addr:street": null, "footprint_area_sqm": 208.59764675218656, "perimeter_m": 57.787789779588294, "length_m": 14.85, "breadth_m": 14.11, "floors": 4.0, "height_m": 12.8 }, "geometry": { "type": "Polygon", "coordinates": [ [ [ 271757.784004394430667, 2094345.462895365897566 ], [ 271751.426679423893802, 2094358.053044019266963 ], [ 271764.65795197209809, 2094364.6560061594937 ], [ 271771.015146623016335, 2094352.054791660048068 ], [ 271757.784004394430667, 2094345.462895365897566 ] ] ] } },
{ "type": "Feature", "properties": { "name": "Building (Unlabeled)", "building": "yes", "building:levels": null, "height": null, "addr:street": null, "footprint_area_sqm": 541.19358536336335, "perimeter_m": 100.30026723389832, "length_m": 34.45, "breadth_m": 15.72, "floors": 4.0, "height_m": 12.8 }, "geometry": { "type": "Polygon", "coordinates": [ [ [ 271636.609936750493944, 2094438.267133802175522 ], [ 271635.685745817725547, 2094453.957382537424564 ], [ 271670.060775680176448, 2094455.949009536998346 ], [ 271670.984995073638856, 2094440.258765506790951 ], [ 271636.609936750493944, 2094438.267133802175522 ] ] ] } },
{ "type": "Feature", "properties": { "name": "Oval House", "building": "yes", "building:levels": null, "height": null, "addr:street": null, "footprint_area_sqm": 260.46446705008407, "perimeter_m": 71.255924275015587, "length_m": 25.38, "breadth_m": 10.27, "floors": 4.0, "height_m": 12.8 }, "geometry": { "type": "Polygon", "coordinates": [ [ [ 271774.179796045063995, 2094369.510741140227765 ], [ 271798.734872697736137, 2094375.8307784863282 ], [ 271801.320860319305211, 2094365.889011713443324 ], [ 271776.765772266197018, 2094359.568969733081758 ], [ 271774.179796045063995, 2094369.510741140227765 ] ] ] } },
{ "type": "Feature", "properties": { "name": "Archbishop's House", "building": "yes", "building:levels": null, "height": null, "addr:street": "Nathalal Parikh Marg, Scindia Society, Cusrow Baug Colony, Apollo Bandar, Colaba", "footprint_area_sqm": 433.49766964094658, "perimeter_m": 84.077551829561159, "length_m": 24.01, "breadth_m": 18.14, "floors": 4.0, "height_m": 12.8 }, "geometry": { "type": "Polygon", "coordinates": [ [ [ 271482.870823314529844, 2093743.408215717645362 ], [ 271497.240990007063374, 2093724.308461376233026 ], [ 271482.682376680430025, 2093713.492178519256413 ], [ 271468.312213812139817, 2093732.59194459230639 ], [ 271482.870823314529844, 2093743.408215717645362 ] ] ] } },
{ "type": "Feature", "properties": { "name": "Building (Unlabeled)", "building": "yes", "building:levels": null, "height": null, "addr:street": null, "footprint_area_sqm": 489.00664959238316, "perimeter_m": 91.006900269511164, "length_m": 28.93, "breadth_m": 19.56, "floors": 4.0, "height_m": 12.8 }, "geometry": { "type": "Polygon", "coordinates": [ [ [ 271760.418154024402611, 2094340.303917791694403 ], [ 271766.746351252193563, 2094342.507200688123703 ], [ 271788.63437495904509, 2094347.010835964465514 ], [ 271792.684280442190357, 2094330.141762662213296 ], [ 271774.197833790327422, 2094325.485638427780941 ], [ 271768.905440172413364, 2094322.682786624878645 ], [ 271760.418154024402611, 2094340.303917791694403 ] ] ] } },
{ "type": "Feature", "properties": { "name": "Building (Unlabeled)", "building": "yes", "building:levels": null, "height": null, "addr:street": null, "footprint_area_sqm": 597.64620797729629, "perimeter_m": 100.29942775193635, "length_m": 33.58, "breadth_m": 22.92, "floors": 4.0, "height_m": 12.8 }, "geometry": { "type": "Polygon", "coordinates": [ [ [ 271701.686035498278216, 2093835.768539859214798 ], [ 271692.595825543976389, 2093849.787390056997538 ], [ 271692.350087092490867, 2093856.378637351561338 ], [ 271693.873737414367497, 2093863.756466372637078 ], [ 271701.510808525024913, 2093876.429482385516167 ], [ 271719.472956281737424, 2093850.354333807947114 ], [ 271701.686035498278216, 2093835.768539859214798 ] ] ] } },
{ "type": "Feature", "properties": { "name": "Building (Unlabeled)", "building": "apartments", "building:levels": null, "height": null, "addr:street": null, "footprint_area_sqm": 663.90783214509543, "perimeter_m": 111.88538392375415, "length_m": 36.3, "breadth_m": 19.76, "floors": 4.0, "height_m": 12.8 }, "geometry": { "type": "Polygon", "coordinates": [ [ [ 271759.930480705341324, 2093762.306302718818188 ], [ 271747.676047557615675, 2093777.803393698763102 ], [ 271766.103620202746242, 2093792.215280859963968 ], [ 271768.594161201268435, 2093789.084374256199226 ], [ 271778.66962087363936, 2093796.955182203324512 ], [ 271788.444188779743854, 2093784.599957515019923 ], [ 271759.930480705341324, 2093762.306302718818188 ] ] ] } },
{ "type": "Feature", "properties": { "name": "Building (Unlabeled)", "building": "apartments", "building:levels": null, "height": null, "addr:street": null, "footprint_area_sqm": 1360.0313830120622, "perimeter_m": 166.10656457398386, "length_m": 50.52, "breadth_m": 32.72, "floors": 4.0, "height_m": 12.8 }, "geometry": { "type": "Polygon", "coordinates": [ [ [ 270869.0889086331008, 2093760.65972564718686 ], [ 270894.566880645696074, 2093740.005276945885271 ], [ 270873.82321677589789, 2093714.716079534962773 ], [ 270834.719230919959955, 2093746.400782637763768 ], [ 270840.143298923037946, 2093753.0218672438059 ], [ 270846.058872841414995, 2093748.220928626367822 ], [ 270853.130417815118562, 2093756.848023750586435 ], [ 270857.053290102863684, 2093753.666111992206424 ], [ 270860.498209275072441, 2093757.875589600531384 ], [ 270864.28548051067628, 2093754.80607731686905 ], [ 270869.0889086331008, 2093760.65972564718686 ] ] ] } },
{ "type": "Feature", "properties": { "name": "Industry House", "building": "commercial", "building:levels": null, "height": null, "addr:street": null, "footprint_area_sqm": 854.8086547222839, "perimeter_m": 119.65829096217774, "length_m": 40.81, "breadth_m": 24.74, "floors": 4.0, "height_m": 12.8 }, "geometry": { "type": "Polygon", "coordinates": [ [ [ 270985.572486332035623, 2094417.962536921957508 ], [ 270988.770283496822231, 2094422.651194033911452 ], [ 270994.785442922380753, 2094426.806875654961914 ], [ 271000.771315820224117, 2094427.729687996441498 ], [ 271007.757444663788192, 2094426.87962092878297 ], [ 271030.633052782970481, 2094410.597809949889779 ], [ 271015.89985858136788, 2094390.726588636869565 ], [ 270985.572486332035623, 2094417.962536921957508 ] ] ] } },
{ "type": "Feature", "properties": { "name": "Bajaj Bhawan", "building": "commercial", "building:levels": null, "height": null, "addr:street": "Barrister Rajni Patel Road", "footprint_area_sqm": 1847.00045599086, "perimeter_m": 200.27533817138087, "length_m": 53.19, "breadth_m": 35.67, "floors": 4.0, "height_m": 12.8 }, "geometry": { "type": "Polygon", "coordinates": [ [ [ 270632.528831274190452, 2094054.998929383931682 ], [ 270655.614005169132724, 2094082.174563874490559 ], [ 270696.194474035641178, 2094048.112656774464995 ], [ 270673.098657324095257, 2094020.926033515483141 ], [ 270654.127704967744648, 2094036.850061784265563 ], [ 270657.955738411576021, 2094041.364813711959869 ], [ 270661.569915867876261, 2094045.627530971542001 ], [ 270658.743555811815895, 2094047.998735605040565 ], [ 270655.086689099436626, 2094043.692254450172186 ], [ 270651.301617341057863, 2094039.24340958148241 ], [ 270632.528831274190452, 2094054.998929383931682 ] ] ] } },
{ "type": "Feature", "properties": { "name": "Petroleum House", "building": "commercial", "building:levels": "7", "height": "30", "addr:street": "Jamshedji Tata Road", "footprint_area_sqm": 1182.0003198319382, "perimeter_m": 135.34917286233383, "length_m": 37.35, "breadth_m": 33.9, "floors": 7.0, "height_m": 30.0 }, "geometry": { "type": "Polygon", "coordinates": [ [ [ 270976.68635884457035, 2094409.988920004339889 ], [ 271004.940694235498086, 2094386.399267143104225 ], [ 270981.142303456785157, 2094362.841785055818036 ], [ 270960.419723872037139, 2094379.407166170887649 ], [ 270958.028751616366208, 2094382.049781885230914 ], [ 270957.562738087493926, 2094385.27768260310404 ], [ 270958.109357764362358, 2094388.592762620653957 ], [ 270960.852708123624325, 2094391.460017048288137 ], [ 270976.68635884457035, 2094409.988920004339889 ] ] ] } },
{ "type": "Feature", "properties": { "name": "Union Bank of India Building", "building": "apartments", "building:levels": null, "height": null, "addr:street": "Vidhan Bhavan", "footprint_area_sqm": 2545.7859396511171, "perimeter_m": 210.59826798995593, "length_m": 70.55, "breadth_m": 41.53, "floors": 4.0, "height_m": 12.8 }, "geometry": { "type": "Polygon", "coordinates": [ [ [ 270702.266165266279131, 2094162.795541045255959 ], [ 270703.490458062617108, 2094163.810207108734176 ], [ 270701.121513632126153, 2094166.530093679903075 ], [ 270729.03445445431862, 2094190.44624025025405 ], [ 270743.914084902848117, 2094173.443300871178508 ], [ 270766.382741218840238, 2094154.054761316394433 ], [ 270768.220515838707797, 2094147.565633803373203 ], [ 270767.19396683468949, 2094141.222545630997047 ], [ 270747.524927964142989, 2094113.340317391557619 ], [ 270732.573698705760762, 2094129.668693277053535 ], [ 270713.498306401597802, 2094149.934467104962096 ], [ 270714.948625454446301, 2094151.333892250899225 ], [ 270702.266165266279131, 2094162.795541045255959 ] ] ] } },
{ "type": "Feature", "properties": { "name": "Building (Unlabeled)", "building": "yes", "building:levels": null, "height": null, "addr:street": null, "footprint_area_sqm": 494.82949562637015, "perimeter_m": 111.68699886626528, "length_m": 30.75, "breadth_m": 25.69, "floors": 4.0, "height_m": 12.8 }, "geometry": { "type": "Polygon", "coordinates": [ [ [ 271650.240631907770876, 2094521.997301742667332 ], [ 271674.654728043125942, 2094523.712660900084302 ], [ 271677.009030478773639, 2094507.783398951869458 ], [ 271670.50204861536622, 2094507.320755766239017 ], [ 271671.544531262596138, 2094492.680961352074519 ], [ 271664.067337685031816, 2094492.15272711426951 ], [ 271663.232091904385015, 2094503.933229482267052 ], [ 271659.730678864289075, 2094503.677273359149694 ], [ 271659.550431045412552, 2094506.159764459123835 ], [ 271654.836363395501394, 2094505.830122492974624 ], [ 271654.189187607145868, 2094514.906585507327691 ], [ 271650.761795784928836, 2094514.671867433469743 ], [ 271650.240631907770876, 2094521.997301742667332 ] ] ] } },
{ "type": "Feature", "properties": { "name": "COTTAGE EMPORIUM", "building": "yes", "building:levels": "4", "height": null, "addr:street": "B K Boman Behram Marg, Apollo Bandar", "footprint_area_sqm": 746.02982469125016, "perimeter_m": 144.62523011129861, "length_m": 32.03, "breadth_m": 31.18, "floors": 4.0, "height_m": 12.8 }, "geometry": { "type": "Polygon", "coordinates": [ [ [ 271757.144730006111786, 2093679.561358252540231 ], [ 271734.442611250909977, 2093689.49532658001408 ], [ 271737.95404916908592, 2093697.424538576509804 ], [ 271746.338953403173946, 2093693.756237055640668 ], [ 271748.83162180101499, 2093699.383769685635343 ], [ 271739.838767734239809, 2093703.314202785026282 ], [ 271741.182574574137107, 2093706.342689113458619 ], [ 271735.973586759297177, 2093708.632223319960758 ], [ 271740.232509586494416, 2093718.224231539526954 ], [ 271761.079401322174817, 2093709.099191725486889 ], [ 271762.455762704019435, 2093712.204788188217208 ], [ 271767.633416140102781, 2093709.937791462987661 ], [ 271766.96158305183053, 2093708.429083061171696 ], [ 271769.445663635153323, 2093707.346697547938675 ], [ 271757.144730006111786, 2093679.561358252540231 ] ] ] } },
{ "type": "Feature", "properties": { "name": "Metro House", "building": "retail", "building:levels": null, "height": null, "addr:street": null, "footprint_area_sqm": 803.05091331955452, "perimeter_m": 115.13250969216048, "length_m": 33.9, "breadth_m": 23.75, "floors": 4.0, "height_m": 12.8 }, "geometry": { "type": "Polygon", "coordinates": [ [ [ 271665.520746055059135, 2093767.87210010853596 ], [ 271675.926354128285311, 2093800.054359272355214 ], [ 271698.54557539045345, 2093792.82304456224665 ], [ 271688.129469693638384, 2093760.640905994921923 ], [ 271665.520746055059135, 2093767.87210010853596 ] ] ] } },
{ "type": "Feature", "properties": { "name": "Stockist Grand Bazar", "building": "commercial", "building:levels": null, "height": null, "addr:street": null, "footprint_area_sqm": 519.89001966136311, "perimeter_m": 93.374956714119335, "length_m": 28.41, "breadth_m": 18.35, "floors": 4.0, "height_m": 12.8 }, "geometry": { "type": "Polygon", "coordinates": [ [ [ 271657.89760142902378, 2093764.920714531093836 ], [ 271684.81682847160846, 2093756.031057933578268 ], [ 271679.007986077456735, 2093738.640792472288013 ], [ 271652.088598670437932, 2093747.519383986480534 ], [ 271657.89760142902378, 2093764.920714531093836 ] ] ] } },
{ "type": "Feature", "properties": { "name": "KC College of Management Studies", "building": "college", "building:levels": "10", "height": null, "addr:street": "Mahakavi Bhushan Marg", "footprint_area_sqm": 307.54782170430207, "perimeter_m": 72.411313711363121, "length_m": 22.68, "breadth_m": 13.61, "floors": 10.0, "height_m": 32.0 }, "geometry": { "type": "Polygon", "coordinates": [ [ [ 271715.835304549953435, 2093794.371356643736362 ], [ 271730.077302195422817, 2093776.834621470188722 ], [ 271719.456466688483488, 2093768.317244031466544 ], [ 271710.456620882789139, 2093779.400716562056914 ], [ 271705.214470537845045, 2093785.853987553622574 ], [ 271715.835304549953435, 2093794.371356643736362 ] ] ] } },
{ "type": "Feature", "properties": { "name": "Holy Name High School", "building": "school", "building:levels": "5", "height": null, "addr:street": "Convent Street", "footprint_area_sqm": 1100.2006140246199, "perimeter_m": 214.16584909926053, "length_m": 59.06, "breadth_m": 50.66, "floors": 5.0, "height_m": 16.0 }, "geometry": { "type": "Polygon", "coordinates": [ [ [ 271504.300149731978308, 2093707.081241849577054 ], [ 271548.938409121299628, 2093740.680974488612264 ], [ 271555.896832453436218, 2093731.549134069820866 ], [ 271526.206653970177285, 2093707.875090692890808 ], [ 271560.559091621660627, 2093689.039274237584323 ], [ 271556.403385331621394, 2093679.279937982326373 ], [ 271504.300149731978308, 2093707.081241849577054 ] ] ] } },
{ "type": "Feature", "properties": { "name": "Eucharistic Congress Building", "building": "yes", "building:levels": null, "height": null, "addr:street": null, "footprint_area_sqm": 1543.6450342421169, "perimeter_m": 165.97055061999743, "length_m": 54.94, "breadth_m": 28.15, "floors": 4.0, "height_m": 12.8 }, "geometry": { "type": "Polygon", "coordinates": [ [ [ 271574.094158828782383, 2093758.940843041287735 ], [ 271626.115073509048671, 2093741.604402014985681 ], [ 271617.115244527929462, 2093714.930153223220259 ], [ 271565.094257524237037, 2093732.266612017294392 ], [ 271574.094158828782383, 2093758.940843041287735 ] ] ] } },
{ "type": "Feature", "properties": { "name": "Metro House", "building": "yes", "building:levels": "4", "height": null, "addr:street": "SBS Road, Apollo Bandar", "footprint_area_sqm": 500.88428331645224, "perimeter_m": 89.438367547683711, "length_m": 28.95, "breadth_m": 20.73, "floors": 4.0, "height_m": 12.8 }, "geometry": { "type": "Polygon", "coordinates": [ [ [ 271697.947748916922137, 2093794.768098112894222 ], [ 271678.444467750436161, 2093800.887111232848838 ], [ 271686.531182685750537, 2093823.57535806321539 ], [ 271687.986400529742241, 2093826.237075510434806 ], [ 271688.891589146573097, 2093827.012121360050514 ], [ 271690.055414377944544, 2093827.396449096268043 ], [ 271691.189605492516421, 2093827.083563375053927 ], [ 271692.43384561187122, 2093826.293202507542446 ], [ 271704.243996172735933, 2093811.521241769427434 ], [ 271697.947748916922137, 2093794.768098112894222 ] ] ] } },
{ "type": "Feature", "properties": { "name": "Indian Navy Sailors Institute", "building": "yes", "building:levels": "2", "height": null, "addr:street": "Maharshi Karve Rd, Dr Ambedkar Statue Chowk Area, Colaba", "footprint_area_sqm": 2045.7216046240046, "perimeter_m": 226.83753204735083, "length_m": 90.89, "breadth_m": 45.01, "floors": 2.0, "height_m": 6.4 }, "geometry": { "type": "Polygon", "coordinates": [ [ [ 271256.940628779178951, 2093701.618087628623471 ], [ 271268.769795514934231, 2093701.262222248129547 ], [ 271291.164371027494781, 2093700.610345610650256 ], [ 271291.324406196014024, 2093705.91219250834547 ], [ 271321.735114013834391, 2093705.028904989594594 ], [ 271321.449200867908075, 2093695.487770053558052 ], [ 271311.926838952000253, 2093695.770945853786543 ], [ 271311.818156371242367, 2093692.074006805662066 ], [ 271255.204123632516712, 2093642.677399651147425 ], [ 271256.940628779178951, 2093701.618087628623471 ] ] ] } },
{ "type": "Feature", "properties": { "name": "City Walk House", "building": "yes", "building:levels": null, "height": null, "addr:street": null, "footprint_area_sqm": 434.78298741210705, "perimeter_m": 86.685806811632844, "length_m": 27.63, "breadth_m": 15.77, "floors": 4.0, "height_m": 12.8 }, "geometry": { "type": "Polygon", "coordinates": [ [ [ 271642.506422116013709, 2093716.323560360819101 ], [ 271668.515967600338627, 2093707.146095808362588 ], [ 271663.212474106927402, 2093692.296339434571564 ], [ 271637.213444496737793, 2093701.473679998889565 ], [ 271642.506422116013709, 2093716.323560360819101 ] ] ] } },
{ "type": "Feature", "properties": { "name": "Crescent House", "building": "hotel", "building:levels": null, "height": null, "addr:street": null, "footprint_area_sqm": 305.2300447802748, "perimeter_m": 77.393530726229187, "length_m": 27.7, "breadth_m": 11.04, "floors": 4.0, "height_m": 12.8 }, "geometry": { "type": "Polygon", "coordinates": [ [ [ 271648.426233437668998, 2093735.882697293534875 ], [ 271652.042038829647936, 2093746.301963299047202 ], [ 271678.212298955710139, 2093737.343987478874624 ], [ 271674.596371800987981, 2093726.913646846078336 ], [ 271648.426233437668998, 2093735.882697293534875 ] ] ] } },
{ "type": "Feature", "properties": { "name": "Convent of Jesus and Mary School", "building": "yes", "building:levels": null, "height": null, "addr:street": null, "footprint_area_sqm": 741.64392974043415, "perimeter_m": 120.47080349332612, "length_m": 42.99, "breadth_m": 18.48, "floors": 4.0, "height_m": 12.8 }, "geometry": { "type": "Polygon", "coordinates": [ [ [ 271574.748002621461637, 2093763.273296295665205 ], [ 271559.643239296390675, 2093752.596541726961732 ], [ 271535.736037303286139, 2093783.650079737184569 ], [ 271544.030994400265627, 2093790.678977765608579 ], [ 271542.943033879273571, 2093793.039747743401676 ], [ 271548.006070164963603, 2093796.886203455505893 ], [ 271574.748002621461637, 2093763.273296295665205 ] ] ] } },
{ "type": "Feature", "properties": { "name": "Majestic Aamdaar Niwas", "building": "yes", "building:levels": null, "height": null, "addr:street": null, "footprint_area_sqm": 1409.5371987088754, "perimeter_m": 200.42647855318071, "length_m": 52.75, "breadth_m": 44.33, "floors": 4.0, "height_m": 12.8 }, "geometry": { "type": "Polygon", "coordinates": [ [ [ 271613.146843933383934, 2093846.555314443772659 ], [ 271654.181427514879033, 2093877.630642300006002 ], [ 271669.927515952498652, 2093869.321046425029635 ], [ 271650.941755066160113, 2093823.181866799015552 ], [ 271638.660397538740654, 2093826.178343530511484 ], [ 271645.823137684958056, 2093849.132594854338095 ], [ 271643.543883445032407, 2093850.588955367449671 ], [ 271623.260057281935588, 2093834.328699669800699 ], [ 271613.146843933383934, 2093846.555314443772659 ] ] ] } },
{ "type": "Feature", "properties": { "name": "Building (Unlabeled)", "building": "yes", "building:levels": null, "height": null, "addr:street": null, "footprint_area_sqm": 291.4211510814589, "perimeter_m": 68.284461376165154, "length_m": 17.14, "breadth_m": 17.04, "floors": 4.0, "height_m": 12.8 }, "geometry": { "type": "Polygon", "coordinates": [ [ [ 271700.756327572104055, 2094491.23708936967887 ], [ 271717.67769718146883, 2094493.731028110487387 ], [ 271720.199861165951006, 2094476.880684757139534 ], [ 271703.278477137268055, 2094474.386742192087695 ], [ 271700.756327572104055, 2094491.23708936967887 ] ] ] } },
{ "type": "Feature", "properties": { "name": "Building (Unlabeled)", "building": "yes", "building:levels": null, "height": null, "addr:street": null, "footprint_area_sqm": 148.5193318612842, "perimeter_m": 50.613483548461581, "length_m": 16.08, "breadth_m": 9.25, "floors": 4.0, "height_m": 12.8 }, "geometry": { "type": "Polygon", "coordinates": [ [ [ 271722.647875218070112, 2094478.876922529889271 ], [ 271720.599053200567141, 2094494.802422170992941 ], [ 271729.769920502789319, 2094495.963169588474557 ], [ 271731.829285366169643, 2094480.037542391102761 ], [ 271722.647875218070112, 2094478.876922529889271 ] ] ] } },
{ "type": "Feature", "properties": { "name": "Building (Unlabeled)", "building": "yes", "building:levels": null, "height": null, "addr:street": null, "footprint_area_sqm": 313.40421112790756, "perimeter_m": 68.543640424358173, "length_m": 20.81, "breadth_m": 16.44, "floors": 4.0, "height_m": 12.8 }, "geometry": { "type": "Polygon", "coordinates": [ [ [ 270935.26263734587701, 2094397.809918171027675 ], [ 270939.829589888278861, 2094386.19373582280241 ], [ 270937.148798660666216, 2094382.417750631924719 ], [ 270931.880779508966953, 2094379.039041988784447 ], [ 270925.420274988398887, 2094377.225207622162998 ], [ 270920.809826187090948, 2094377.61419588397257 ], [ 270916.611424271075521, 2094390.919968388043344 ], [ 270935.26263734587701, 2094397.809918171027675 ] ] ] } },
{ "type": "Feature", "properties": { "name": "Building (Unlabeled)", "building": "commercial", "building:levels": null, "height": null, "addr:street": null, "footprint_area_sqm": 468.55238328132344, "perimeter_m": 95.648987823735936, "length_m": 34.14, "breadth_m": 13.75, "floors": 4.0, "height_m": 12.8 }, "geometry": { "type": "Polygon", "coordinates": [ [ [ 271713.969444101210684, 2094338.471416681306437 ], [ 271744.275500265648589, 2094354.043954482767731 ], [ 271737.934501130250283, 2094366.246365766739473 ], [ 271707.628456991631538, 2094350.673839635681361 ], [ 271713.969444101210684, 2094338.471416681306437 ] ] ] } },
{ "type": "Feature", "properties": { "name": "Building (Unlabeled)", "building": "commercial", "building:levels": null, "height": null, "addr:street": null, "footprint_area_sqm": 527.71220610984176, "perimeter_m": 103.43084798889375, "length_m": 37.91, "breadth_m": 18.56, "floors": 4.0, "height_m": 12.8 }, "geometry": { "type": "Polygon", "coordinates": [ [ [ 271712.821760504157282, 2094335.108347199624404 ], [ 271745.108891413314268, 2094352.406042151153088 ], [ 271752.677191450376995, 2094335.460542778251693 ], [ 271715.529719259939156, 2094325.663336312398314 ], [ 271712.821760504157282, 2094335.108347199624404 ] ] ] } },
{ "type": "Feature", "properties": { "name": "Building (Unlabeled)", "building": "commercial", "building:levels": null, "height": null, "addr:street": null, "footprint_area_sqm": 1094.1337044203024, "perimeter_m": 133.8324719299909, "length_m": 39.01, "breadth_m": 29.19, "floors": 4.0, "height_m": 12.8 }, "geometry": { "type": "Polygon", "coordinates": [ [ [ 271726.866390516981483, 2094298.960834278026596 ], [ 271763.716536947060376, 2094307.709816118935123 ], [ 271755.863792022457346, 2094335.820038521662354 ], [ 271718.383878480119165, 2094325.550783400190994 ], [ 271726.866390516981483, 2094298.960834278026596 ] ] ] } },
{ "type": "Feature", "properties": { "name": "Building (Unlabeled)", "building": "commercial", "building:levels": null, "height": null, "addr:street": null, "footprint_area_sqm": 446.15783164641925, "perimeter_m": 95.936628590042176, "length_m": 35.37, "breadth_m": 12.63, "floors": 4.0, "height_m": 12.8 }, "geometry": { "type": "Polygon", "coordinates": [ [ [ 271734.888238997955341, 2094299.216671843081713 ], [ 271736.74760628468357, 2094286.737103609135374 ], [ 271771.719749637239147, 2094291.855183503124863 ], [ 271769.860496169188991, 2094304.345816888846457 ], [ 271734.888238997955341, 2094299.216671843081713 ] ] ] } },
{ "type": "Feature", "properties": { "name": "Building (Unlabeled)", "building": "commercial", "building:levels": null, "height": null, "addr:street": null, "footprint_area_sqm": 1732.0980293646628, "perimeter_m": 171.99513302069658, "length_m": 56.12, "breadth_m": 36.41, "floors": 4.0, "height_m": 12.8 }, "geometry": { "type": "Polygon", "coordinates": [ [ [ 271629.638550514588133, 2094392.279399223858491 ], [ 271684.334309148020111, 2094404.994477516040206 ], [ 271678.833854976226576, 2094433.297319611534476 ], [ 271628.954528299043886, 2094429.237291537225246 ], [ 271629.638550514588133, 2094392.279399223858491 ] ] ] } },
{ "type": "Feature", "properties": { "name": "Building (Unlabeled)", "building": "commercial", "building:levels": null, "height": null, "addr:street": null, "footprint_area_sqm": 781.73749553978678, "perimeter_m": 112.30370901075962, "length_m": 31.24, "breadth_m": 28.03, "floors": 4.0, "height_m": 12.8 }, "geometry": { "type": "Polygon", "coordinates": [ [ [ 271696.169105040375143, 2094386.258143231039867 ], [ 271721.990692455263343, 2094393.60335762030445 ], [ 271734.076417425938416, 2094370.412762866588309 ], [ 271704.745143130479846, 2094359.567372971447185 ], [ 271696.169105040375143, 2094386.258143231039867 ] ] ] } },
{ "type": "Feature", "properties": { "name": "Building (Unlabeled)", "building": "commercial", "building:levels": "3", "height": null, "addr:street": null, "footprint_area_sqm": 475.75608722435561, "perimeter_m": 93.61159168269856, "length_m": 31.89, "breadth_m": 14.92, "floors": 3.0, "height_m": 9.6 }, "geometry": { "type": "Polygon", "coordinates": [ [ [ 271632.435767451766878, 2094348.928769023623317 ], [ 271664.303755137312692, 2094350.109679711516947 ], [ 271664.858227458258625, 2094335.199064571876079 ], [ 271633.000749978120439, 2094334.018020872026682 ], [ 271632.435767451766878, 2094348.928769023623317 ] ] ] } },
{ "type": "Feature", "properties": { "name": "Building (Unlabeled)", "building": "commercial", "building:levels": "5", "height": null, "addr:street": null, "footprint_area_sqm": 950.24444034540511, "perimeter_m": 123.5780561028315, "length_m": 33.0, "breadth_m": 28.84, "floors": 5.0, "height_m": 16.0 }, "geometry": { "type": "Polygon", "coordinates": [ [ [ 271663.197137983283028, 2094383.551643721526489 ], [ 271666.733784793061204, 2094354.929662673734128 ], [ 271634.020036025787704, 2094350.946680052671582 ], [ 271630.493972675525583, 2094379.568542994325981 ], [ 271663.197137983283028, 2094383.551643721526489 ] ] ] } },
{ "type": "Feature", "properties": { "name": "Building (Unlabeled)", "building": "commercial", "building:levels": null, "height": null, "addr:street": null, "footprint_area_sqm": 1000.0448369738948, "perimeter_m": 126.5940480484563, "length_m": 32.99, "breadth_m": 30.39, "floors": 4.0, "height_m": 12.8 }, "geometry": { "type": "Polygon", "coordinates": [ [ [ 271665.004201865755022, 2094383.119761634385213 ], [ 271672.027535457746126, 2094350.9781449069269 ], [ 271701.736287170962896, 2094357.378714594757184 ], [ 271694.713043394731358, 2094389.53138617426157 ], [ 271665.004201865755022, 2094383.119761634385213 ] ] ] } },
{ "type": "Feature", "properties": { "name": "Building (Unlabeled)", "building": "commercial", "building:levels": null, "height": null, "addr:street": null, "footprint_area_sqm": 1571.0292086348841, "perimeter_m": 161.01527246825313, "length_m": 50.39, "breadth_m": 42.09, "floors": 4.0, "height_m": 12.8 }, "geometry": { "type": "Polygon", "coordinates": [ [ [ 271628.974937487277202, 2094323.67023639078252 ], [ 271629.104702394164633, 2094308.499090059427544 ], [ 271647.21717635699315, 2094289.563821427291259 ], [ 271681.087881799787283, 2094284.785228709690273 ], [ 271671.693687799968757, 2094326.367714348016307 ], [ 271628.974937487277202, 2094323.67023639078252 ] ] ] } },
{ "type": "Feature", "properties": { "name": "Building (Unlabeled)", "building": "industrial", "building:levels": null, "height": null, "addr:street": null, "footprint_area_sqm": 508.74850189529695, "perimeter_m": 93.773526893517896, "length_m": 29.84, "breadth_m": 17.05, "floors": 4.0, "height_m": 12.8 }, "geometry": { "type": "Polygon", "coordinates": [ [ [ 271686.654642491484992, 2094303.064270249800757 ], [ 271716.433610507636331, 2094304.879928005160764 ], [ 271717.478542421595193, 2094287.85949295759201 ], [ 271687.699547688185703, 2094286.043830715818331 ], [ 271686.654642491484992, 2094303.064270249800757 ] ] ] } },
{ "type": "Feature", "properties": { "name": "Malido cafe", "building": "yes", "building:levels": null, "height": null, "addr:street": "Burjorji Bharucha Road", "footprint_area_sqm": 195.44132811356286, "perimeter_m": 61.353303875138316, "length_m": 22.28, "breadth_m": 11.51, "floors": 4.0, "height_m": 12.8 }, "geometry": { "type": "Polygon", "coordinates": [ [ [ 271685.09383032086771, 2094305.530495086917654 ], [ 271682.662996789673343, 2094312.657922126585618 ], [ 271701.613117982808035, 2094318.171933711506426 ], [ 271707.270939946523868, 2094307.827032637549564 ], [ 271685.09383032086771, 2094305.530495086917654 ] ] ] } },
{ "type": "Feature", "properties": { "name": "Building (Unlabeled)", "building": "industrial", "building:levels": null, "height": null, "addr:street": null, "footprint_area_sqm": 197.99195920394229, "perimeter_m": 56.819247562459708, "length_m": 16.2, "breadth_m": 12.26, "floors": 4.0, "height_m": 12.8 }, "geometry": { "type": "Polygon", "coordinates": [ [ [ 271694.502568340743892, 2094336.351975251222029 ], [ 271705.814252479816787, 2094341.08504655957222 ], [ 271712.101275063527282, 2094326.203702156897634 ], [ 271700.789720360422507, 2094321.48169730650261 ], [ 271694.502568340743892, 2094336.351975251222029 ] ] ] } },
{ "type": "Feature", "properties": { "name": "Building (Unlabeled)", "building": "commercial", "building:levels": null, "height": null, "addr:street": null, "footprint_area_sqm": 654.85398292896139, "perimeter_m": 104.53090695802491, "length_m": 31.46, "breadth_m": 20.84, "floors": 4.0, "height_m": 12.8 }, "geometry": { "type": "Polygon", "coordinates": [ [ [ 271748.052462350577116, 2094283.187938688322902 ], [ 271779.388042266189586, 2094285.626804512226954 ], [ 271781.029768608510494, 2094264.856497491477057 ], [ 271749.694154620403424, 2094262.417625309200957 ], [ 271748.052462350577116, 2094283.187938688322902 ] ] ] } },
{ "type": "Feature", "properties": { "name": "Building (Unlabeled)", "building": "commercial", "building:levels": null, "height": null, "addr:street": null, "footprint_area_sqm": 816.87626024052531, "perimeter_m": 112.86137658172849, "length_m": 34.33, "breadth_m": 27.48, "floors": 4.0, "height_m": 12.8 }, "geometry": { "type": "Polygon", "coordinates": [ [ [ 271732.288796381209977, 2094216.225795177044347 ], [ 271735.370045655639842, 2094223.451630826340988 ], [ 271738.806089360557962, 2094235.545080359093845 ], [ 271741.607829028740525, 2094245.752892775461078 ], [ 271764.399218879756518, 2094237.999065738637 ], [ 271764.350560405699071, 2094235.751913933083415 ], [ 271764.015703466313425, 2094226.499284278601408 ], [ 271762.006779145565815, 2094219.072047015652061 ], [ 271758.640996922273189, 2094216.134818657301366 ], [ 271752.524785716901533, 2094206.310943935066462 ], [ 271732.288796381209977, 2094216.225795177044347 ] ] ] } },
{ "type": "Feature", "properties": { "name": "Examiner Press Building", "building": "commercial", "building:levels": "4", "height": null, "addr:street": "Dalal Street", "footprint_area_sqm": 921.41012457619354, "perimeter_m": 125.80291422910841, "length_m": 38.02, "breadth_m": 32.44, "floors": 4.0, "height_m": 12.8 }, "geometry": { "type": "Polygon", "coordinates": [ [ [ 271730.729919758974575, 2094403.372867840807885 ], [ 271743.185758684005123, 2094373.423413217300549 ], [ 271774.527311726007611, 2094394.386734668863937 ], [ 271769.073450348165352, 2094410.187931194901466 ], [ 271730.729919758974575, 2094403.372867840807885 ] ] ] } },
{ "type": "Feature", "properties": { "name": "Maker Chambers-VI", "building": "commercial", "building:levels": "14", "height": null, "addr:street": "Jamnalal Bajaj Marg", "footprint_area_sqm": 1181.0605134629641, "perimeter_m": 188.6828525958995, "length_m": 74.1, "breadth_m": 26.16, "floors": 14.0, "height_m": 44.8 }, "geometry": { "type": "Polygon", "coordinates": [ [ [ 270617.41596636158647, 2093835.258740982739255 ], [ 270630.346771900192834, 2093837.081271659350023 ], [ 270631.083999486058019, 2093831.923359484877437 ], [ 270641.607998549297918, 2093833.399109936552122 ], [ 270642.654317963984795, 2093828.525277567561716 ], [ 270662.799068923166487, 2093812.9189717550762 ], [ 270667.459040205110796, 2093813.116179573349655 ], [ 270668.402472817222588, 2093803.316254838602617 ], [ 270674.521440865995828, 2093803.905164218740538 ], [ 270675.895193021278828, 2093789.69298905483447 ], [ 270663.077093933185097, 2093788.466960954014212 ], [ 270662.506629300536588, 2093794.331468481337652 ], [ 270652.083304869243875, 2093793.330589660443366 ], [ 270651.919645300367847, 2093798.857899315422401 ], [ 270631.668025156774092, 2093814.343733970774338 ], [ 270624.983012390322983, 2093813.14174745301716 ], [ 270623.596416606218554, 2093822.891779504716396 ], [ 270619.268539650947787, 2093822.280795747181401 ], [ 270617.41596636158647, 2093835.258740982739255 ] ] ] } },
{ "type": "Feature", "properties": { "name": "Maker Chambers-V", "building": "commercial", "building:levels": "14", "height": null, "addr:street": "Jamnalal Bajaj Marg", "footprint_area_sqm": 1300.2150552673374, "perimeter_m": 223.88279407833329, "length_m": 78.23, "breadth_m": 22.33, "floors": 14.0, "height_m": 44.8 }, "geometry": { "type": "Polygon", "coordinates": [ [ [ 270693.508908364106901, 2093850.829777270322666 ], [ 270690.299299073056318, 2093846.905317092547193 ], [ 270692.093846285308246, 2093845.454807925736532 ], [ 270693.891025503748097, 2093847.636120593175292 ], [ 270699.566667677776422, 2093843.03739451430738 ], [ 270697.779888110933825, 2093840.844880384160206 ], [ 270710.508394266013056, 2093830.534253520192578 ], [ 270702.72011744172778, 2093821.041299114702269 ], [ 270689.99174430675339, 2093831.363002024125308 ], [ 270688.162273289752193, 2093829.126724074594676 ], [ 270682.476093029952608, 2093833.725583333754912 ], [ 270684.316100217343774, 2093835.96173084480688 ], [ 270682.511153221479617, 2093837.423441673163325 ], [ 270679.355037572036963, 2093833.564759630942717 ], [ 270660.137176530610304, 2093849.137472905451432 ], [ 270663.3036935950513, 2093852.984950916608796 ], [ 270661.644885664572939, 2093854.334134717704728 ], [ 270659.815412811818533, 2093852.097859383560717 ], [ 270652.960706310695969, 2093857.641249125357717 ], [ 270654.800715398159809, 2093859.877393893431872 ], [ 270641.999326528864913, 2093870.255400361958891 ], [ 270649.777084213041235, 2093879.748460837639868 ], [ 270662.578469569911249, 2093869.37045939383097 ], [ 270664.375787166121881, 2093871.562840426340699 ], [ 270671.219818593817763, 2093866.008513510925695 ], [ 270669.433037219918333, 2093863.816001933533698 ], [ 270671.081445434771013, 2093862.478019753238186 ], [ 270674.301592697040178, 2093866.402346898335963 ], [ 270693.508908364106901, 2093850.829777270322666 ] ] ] } },
{ "type": "Feature", "properties": { "name": "Veena Chambers", "building": "office", "building:levels": null, "height": null, "addr:street": "Dalal Street", "footprint_area_sqm": 623.81678048925608, "perimeter_m": 119.76013333612644, "length_m": 32.56, "breadth_m": 30.76, "floors": 4.0, "height_m": 12.8 }, "geometry": { "type": "Polygon", "coordinates": [ [ [ 271780.399225903092884, 2094409.207376888487488 ], [ 271793.492281775863376, 2094381.376092438353226 ], [ 271822.856880463194102, 2094394.945075940806419 ], [ 271816.915064910426736, 2094402.757786272792146 ], [ 271805.752379332436249, 2094397.280958242015913 ], [ 271795.440990389557555, 2094413.086403249762952 ], [ 271780.399225903092884, 2094409.207376888487488 ] ] ] } },
{ "type": "Feature", "properties": { "name": "Building (Unlabeled)", "building": "yes", "building:levels": null, "height": null, "addr:street": null, "footprint_area_sqm": 174.21767244977633, "perimeter_m": 55.053198966819764, "length_m": 17.71, "breadth_m": 9.87, "floors": 4.0, "height_m": 12.8 }, "geometry": { "type": "Polygon", "coordinates": [ [ [ 270687.172945152851753, 2094228.266492411727086 ], [ 270696.174012180184945, 2094213.074425683589652 ], [ 270687.661662324506324, 2094208.08594987494871 ], [ 270678.660735360637773, 2094223.289092172170058 ], [ 270687.172945152851753, 2094228.266492411727086 ] ] ] } },
{ "type": "Feature", "properties": { "name": "Mittal Court", "building": "commercial", "building:levels": "16", "height": null, "addr:street": "Barrister Rajni Patel Marg", "footprint_area_sqm": 2162.8834045503531, "perimeter_m": 216.21050525908313, "length_m": 88.32, "breadth_m": 25.44, "floors": 16.0, "height_m": 51.2 }, "geometry": { "type": "Polygon", "coordinates": [ [ [ 270804.331929784384556, 2093947.545767194358632 ], [ 270802.133071066054981, 2093948.680140150012448 ], [ 270748.908591613988392, 2093975.999331274768338 ], [ 270734.929805682331789, 2093983.180703497724608 ], [ 270730.940266974968836, 2093985.222981144208461 ], [ 270725.830505572026595, 2093987.854853156022727 ], [ 270732.500731823849492, 2094000.683411341160536 ], [ 270739.470574340200983, 2094005.336606345372275 ], [ 270747.81389618240064, 2094005.156235786387697 ], [ 270804.640193496539723, 2093975.976711394730955 ], [ 270811.230327895842493, 2093968.631784507073462 ], [ 270812.070934643095825, 2093962.453919800929725 ], [ 270804.331929784384556, 2093947.545767194358632 ] ] ] } },
{ "type": "Feature", "properties": { "name": "Dalamal Towers", "building": "apartments", "building:levels": null, "height": null, "addr:street": null, "footprint_area_sqm": 1264.6465964619799, "perimeter_m": 139.75685093308641, "length_m": 39.41, "breadth_m": 38.07, "floors": 4.0, "height_m": 12.8 }, "geometry": { "type": "Polygon", "coordinates": [ [ [ 270801.620466781838331, 2093706.160713557619601 ], [ 270808.394836540217511, 2093700.075818044599146 ], [ 270816.607620968250558, 2093696.132379854097962 ], [ 270825.609549669723492, 2093694.659509813645855 ], [ 270834.664335617271718, 2093695.765935416100547 ], [ 270843.043908707797527, 2093699.3720453674905 ], [ 270850.049079656833783, 2093705.176417152164504 ], [ 270855.126117517706007, 2093712.709744840394706 ], [ 270826.21554237708915, 2093736.141506033949554 ], [ 270801.620466781838331, 2093706.160713557619601 ] ] ] } },
{ "type": "Feature", "properties": { "name": "Building (Unlabeled)", "building": "yes", "building:levels": null, "height": null, "addr:street": null, "footprint_area_sqm": 235.41541715923108, "perimeter_m": 55.860875700497928, "length_m": 16.92, "breadth_m": 16.82, "floors": 4.0, "height_m": 12.8 }, "geometry": { "type": "Polygon", "coordinates": [ [ [ 270893.10136789327953, 2094081.206825806526467 ], [ 270895.857025356905069, 2094074.806062622694299 ], [ 270902.358304861700162, 2094072.223529041744769 ], [ 270908.798628538730554, 2094074.956651386339217 ], [ 270911.396714163711295, 2094081.424325442872941 ], [ 270908.641052904073149, 2094087.825085907941684 ], [ 270902.13977851672098, 2094090.407617814838886 ], [ 270895.699458641756792, 2094087.674498192500323 ], [ 270893.10136789327953, 2094081.206825806526467 ] ] ] } },
{ "type": "Feature", "properties": { "name": "Building (Unlabeled)", "building": "apartments", "building:levels": "6", "height": null, "addr:street": null, "footprint_area_sqm": 2474.6683364375895, "perimeter_m": 204.90817443165915, "length_m": 64.58, "breadth_m": 55.34, "floors": 6.0, "height_m": 19.2 }, "geometry": { "type": "Polygon", "coordinates": [ [ [ 271250.304567069164477, 2094742.455182783771306 ], [ 271210.467321046045981, 2094697.292722373269498 ], [ 271209.090491925133392, 2094689.016216226154938 ], [ 271273.376810387009755, 2094688.22509704483673 ], [ 271274.13137160462793, 2094726.427684093592688 ], [ 271269.895555920782499, 2094738.416170991258696 ], [ 271266.813538964488544, 2094740.5579076083377 ], [ 271263.872204639716074, 2094742.14427885832265 ], [ 271259.921302614733577, 2094743.034421278862283 ], [ 271256.821985393296927, 2094743.770140159875154 ], [ 271253.42799860436935, 2094743.679033464286476 ], [ 271250.304567069164477, 2094742.455182783771306 ] ] ] } },
{ "type": "Feature", "properties": { "name": "Building (Unlabeled)", "building": "construction", "building:levels": null, "height": null, "addr:street": null, "footprint_area_sqm": 477.03603235004027, "perimeter_m": 105.53392745594269, "length_m": 29.03, "breadth_m": 23.73, "floors": 4.0, "height_m": 12.8 }, "geometry": { "type": "Polygon", "coordinates": [ [ [ 270903.790345182642341, 2093791.590141188818961 ], [ 270891.766762503772043, 2093778.727823540801182 ], [ 270904.113151971716434, 2093767.325856219511479 ], [ 270899.927327364392113, 2093762.848681068280712 ], [ 270908.908433171454817, 2093754.555315412348136 ], [ 270919.650670678995084, 2093766.04933869605884 ], [ 270909.648375264368951, 2093775.274313500383869 ], [ 270915.115676366491243, 2093781.130866478895769 ], [ 270903.790345182642341, 2093791.590141188818961 ] ] ] } },
{ "type": "Feature", "properties": { "name": "Building (Unlabeled)", "building": "construction", "building:levels": null, "height": null, "addr:street": null, "footprint_area_sqm": 477.08134665052762, "perimeter_m": 105.53320675144306, "length_m": 29.18, "breadth_m": 23.73, "floors": 4.0, "height_m": 12.8 }, "geometry": { "type": "Polygon", "coordinates": [ [ [ 270922.153455099323764, 2093748.523630496812984 ], [ 270934.177031261555385, 2093761.385967241600156 ], [ 270946.523456271388568, 2093749.984032183419913 ], [ 270950.709270929859485, 2093754.461216883501038 ], [ 270959.690401001134887, 2093746.167878603795543 ], [ 270948.948181058513001, 2093734.673833826556802 ], [ 270938.956526297261007, 2093743.909730573184788 ], [ 270933.489360473118722, 2093738.064241468673572 ], [ 270922.153455099323764, 2093748.523630496812984 ] ] ] } },
{ "type": "Feature", "properties": { "name": "Building (Unlabeled)", "building": "construction", "building:levels": null, "height": null, "addr:street": null, "footprint_area_sqm": 477.05812918789678, "perimeter_m": 105.55374429552748, "length_m": 29.04, "breadth_m": 23.74, "floors": 4.0, "height_m": 12.8 }, "geometry": { "type": "Polygon", "coordinates": [ [ [ 270978.127596869831905, 2093791.250336312223226 ], [ 270966.291806960245594, 2093778.230646138545126 ], [ 270978.798455326119438, 2093767.003923363983631 ], [ 270974.664511715818662, 2093762.459658417152241 ], [ 270983.773576383595355, 2093754.286556757753715 ], [ 270994.349098073726054, 2093765.937688496895134 ], [ 270984.218568167765625, 2093775.020252806833014 ], [ 270989.602511069504544, 2093780.955360308522359 ], [ 270978.127596869831905, 2093791.250336312223226 ] ] ] } },
{ "type": "Feature", "properties": { "name": "Building (Unlabeled)", "building": "construction", "building:levels": null, "height": null, "addr:street": null, "footprint_area_sqm": 477.06068471201667, "perimeter_m": 105.53227667995237, "length_m": 29.17, "breadth_m": 23.75, "floors": 4.0, "height_m": 12.8 }, "geometry": { "type": "Polygon", "coordinates": [ [ [ 270920.735558440966997, 2093809.640304741216823 ], [ 270932.748429565574042, 2093822.491696021985263 ], [ 270945.094944774289615, 2093811.100826018024236 ], [ 270949.291283786238637, 2093815.577879488002509 ], [ 270958.272243930958211, 2093807.273465839913115 ], [ 270947.530189711775165, 2093795.790495850378647 ], [ 270937.528036505682394, 2093805.026527194073424 ], [ 270932.060749265598133, 2093799.169968978269026 ], [ 270920.735558440966997, 2093809.640304741216823 ] ] ] } },
{ "type": "Feature", "properties": { "name": "Maharashtra Chambers", "building": "yes", "building:levels": null, "height": null, "addr:street": "New Bakehouse, Lane, Kala Ghoda, Fort", "footprint_area_sqm": 217.81468294069808, "perimeter_m": 63.327916388167282, "length_m": 21.78, "breadth_m": 10.4, "floors": 4.0, "height_m": 12.8 }, "geometry": { "type": "Polygon", "coordinates": [ [ [ 271761.454895700211637, 2094262.52792330714874 ], [ 271761.885801306576468, 2094252.136482320493087 ], [ 271783.244246070447844, 2094253.83417 ], [ 271783.09099264733959, 2094263.668568374589086 ], [ 271761.454895700211637, 2094262.52792330714874 ] ] ] } },
{ "type": "Feature", "properties": { "name": "Building (Unlabeled)", "building": "yes", "building:levels": null, "height": null, "addr:street": "Chamber of Commerce Ln, Kala Ghoda, Fort", "footprint_area_sqm": 226.3053376045014, "perimeter_m": 61.060388351128744, "length_m": 18.44, "breadth_m": 12.95, "floors": 4.0, "height_m": 12.8 }, "geometry": { "type": "Polygon", "coordinates": [ [ [ 271765.873392240668181, 2094250.792032570112497 ], [ 271765.580419178237207, 2094238.084220179356635 ], [ 271783.839129447645973, 2094239.631725262152031 ], [ 271782.859604540455621, 2094252.543390629347414 ], [ 271765.873392240668181, 2094250.792032570112497 ] ] ] } },
{ "type": "Feature", "properties": { "name": "Jamaat", "building": "yes", "building:levels": null, "height": null, "addr:street": null, "footprint_area_sqm": 373.96309343975884, "perimeter_m": 77.430182375664216, "length_m": 20.3, "breadth_m": 18.49, "floors": 4.0, "height_m": 12.8 }, "geometry": { "type": "Polygon", "coordinates": [ [ [ 271701.534878870006651, 2093756.501258893171325 ], [ 271694.192718923906796, 2093739.528428344987333 ], [ 271712.788504585856572, 2093731.582519084680825 ], [ 271720.130648912861943, 2093748.55535538867116 ], [ 271701.534878870006651, 2093756.501258893171325 ] ] ] } },
{ "type": "Feature", "properties": { "name": "Akbar House", "building": "yes", "building:levels": null, "height": null, "addr:street": null, "footprint_area_sqm": 440.62384644234862, "perimeter_m": 84.312026045063917, "length_m": 23.07, "breadth_m": 19.17, "floors": 4.0, "height_m": 12.8 }, "geometry": { "type": "Polygon", "coordinates": [ [ [ 271676.960518350941129, 2093710.054186070337892 ], [ 271669.756173495494295, 2093692.293510748073459 ], [ 271691.094785797060467, 2093683.738133542239666 ], [ 271698.299111581174657, 2093701.498815190745518 ], [ 271676.960518350941129, 2093710.054186070337892 ] ] ] } },
{ "type": "Feature", "properties": { "name": "Attar Ahmed Dawood", "building": "yes", "building:levels": null, "height": null, "addr:street": null, "footprint_area_sqm": 163.11474444822676, "perimeter_m": 54.755755243153338, "length_m": 14.74, "breadth_m": 12.68, "floors": 4.0, "height_m": 12.8 }, "geometry": { "type": "Polygon", "coordinates": [ [ [ 271718.360899505438283, 2093750.315484843682498 ], [ 271723.256719725031871, 2093762.003475917968899 ], [ 271709.66934222105192, 2093767.629076652461663 ], [ 271707.096665956662036, 2093761.493188570719212 ], [ 271710.671701728948392, 2093760.009859283221886 ], [ 271708.34855083655566, 2093754.457758715609089 ], [ 271709.826758515264373, 2093753.841690192231908 ], [ 271718.360899505438283, 2093750.315484843682498 ] ] ] } },
{ "type": "Feature", "properties": { "name": "Holland House", "building": "yes", "building:levels": "2", "height": null, "addr:street": "Shahid Bhagat Singh Rd, Scindia Society, Police Colony, Apollo Bandar", "footprint_area_sqm": 685.99423188097455, "perimeter_m": 107.95494471177931, "length_m": 28.02, "breadth_m": 26.02, "floors": 2.0, "height_m": 6.4 }, "geometry": { "type": "Polygon", "coordinates": [ [ [ 271629.640838453895412, 2093817.630280033452436 ], [ 271622.378014990186784, 2093795.109094713348895 ], [ 271627.804479874204844, 2093793.370486519532278 ], [ 271626.479350178386085, 2093789.289874604903162 ], [ 271642.03477558074519, 2093784.326547528151423 ], [ 271643.359901949414052, 2093788.40716020995751 ], [ 271647.170114080072381, 2093787.197746264748275 ], [ 271654.432908263173886, 2093809.718938265228644 ], [ 271629.640838453895412, 2093817.630280033452436 ] ] ] } },
{ "type": "Feature", "properties": { "name": "Building (Unlabeled)", "building": "yes", "building:levels": null, "height": null, "addr:street": null, "footprint_area_sqm": 705.7162939757103, "perimeter_m": 181.76416668190433, "length_m": 44.09, "breadth_m": 21.45, "floors": 4.0, "height_m": 12.8 }, "geometry": { "type": "Polygon", "coordinates": [ [ [ 271621.949093946255744, 2093772.193955030990764 ], [ 271619.257774068508297, 2093764.121817111736163 ], [ 271634.759045836748555, 2093759.037352088373154 ], [ 271640.908130479336251, 2093777.530696300789714 ], [ 271614.292719428893179, 2093786.272747019538656 ], [ 271612.979753619409166, 2093782.324858242180198 ], [ 271606.787709483876824, 2093784.360761644784361 ], [ 271608.549230497330427, 2093789.654006207361817 ], [ 271599.471000687160995, 2093792.633315524784848 ], [ 271592.7094376005698, 2093772.320513338781893 ], [ 271610.288625951798167, 2093766.546146846143529 ], [ 271614.358849598211236, 2093778.7868161869701 ], [ 271631.560107188823167, 2093773.127837508451194 ], [ 271630.334693596756551, 2093769.444616624386981 ], [ 271621.949093946255744, 2093772.193955030990764 ] ] ] } },
{ "type": "Feature", "properties": { "name": "Tanna House", "building": "yes", "building:levels": null, "height": null, "addr:street": null, "footprint_area_sqm": 444.72068071500263, "perimeter_m": 92.219863830771487, "length_m": 22.59, "breadth_m": 21.9, "floors": 4.0, "height_m": 12.8 }, "geometry": { "type": "Polygon", "coordinates": [ [ [ 271588.284540427848697, 2093825.57900325814262 ], [ 271606.426590094633866, 2093839.042000107001513 ], [ 271617.986733480298426, 2093823.652976921293885 ], [ 271613.839312690135557, 2093820.570346532622352 ], [ 271612.823123751441017, 2093821.9115454191342 ], [ 271606.198028157115914, 2093816.999137212987989 ], [ 271608.769291997363325, 2093813.579325071768835 ], [ 271601.399890717933886, 2093808.122425781330094 ], [ 271588.284540427848697, 2093825.57900325814262 ] ] ] } },
{ "type": "Feature", "properties": { "name": "Schoen House", "building": "yes", "building:levels": null, "height": null, "addr:street": null, "footprint_area_sqm": 345.69712281670286, "perimeter_m": 91.67950035924504, "length_m": 26.19, "breadth_m": 19.69, "floors": 4.0, "height_m": 12.8 }, "geometry": { "type": "Polygon", "coordinates": [ [ [ 271563.703052070224658, 2093806.880238714395091 ], [ 271578.674756627646275, 2093819.595996176125482 ], [ 271584.658640504290815, 2093812.624230472138152 ], [ 271581.517411882290617, 2093809.961082045920193 ], [ 271592.612969670095481, 2093797.069098523352295 ], [ 271585.584982749831397, 2093791.098668638849631 ], [ 271575.372591263148934, 2093802.972196374787018 ], [ 271570.570101619581692, 2093798.890007853042334 ], [ 271563.703052070224658, 2093806.880238714395091 ] ] ] } },
{ "type": "Feature", "properties": { "name": "Cathedral of the Holy Name", "building": "cathedral", "building:levels": null, "height": null, "addr:street": null, "footprint_area_sqm": 800.07931083631638, "perimeter_m": 118.93182055858057, "length_m": 39.02, "breadth_m": 20.57, "floors": 4.0, "height_m": 12.8 }, "geometry": { "type": "Polygon", "coordinates": [ [ [ 271522.638188299490139, 2093777.654583791736513 ], [ 271506.662381274625659, 2093764.69652855489403 ], [ 271531.351058002212085, 2093734.640963560901582 ], [ 271547.326868425647262, 2093747.599040516419336 ], [ 271522.638188299490139, 2093777.654583791736513 ] ] ] } },
{ "type": "Feature", "properties": { "name": "MSLTA guest House", "building": "yes", "building:levels": null, "height": null, "addr:street": null, "footprint_area_sqm": 535.31456762793346, "perimeter_m": 101.43012859036352, "length_m": 35.74, "breadth_m": 14.99, "floors": 4.0, "height_m": 12.8 }, "geometry": { "type": "Polygon", "coordinates": [ [ [ 271362.294596458901651, 2093741.103298776783049 ], [ 271361.191636252042372, 2093705.385326999705285 ], [ 271376.170329342479818, 2093704.935447831172496 ], [ 271377.262724810396321, 2093740.65354698128067 ], [ 271362.294596458901651, 2093741.103298776783049 ] ] ] } },
{ "type": "Feature", "properties": { "name": "MSLTA Functional Fitness Centre", "building": "yes", "building:levels": null, "height": null, "addr:street": null, "footprint_area_sqm": 388.41234491599295, "perimeter_m": 86.060426883956239, "length_m": 30.15, "breadth_m": 12.9, "floors": 4.0, "height_m": 12.8 }, "geometry": { "type": "Polygon", "coordinates": [ [ [ 271273.618544902186841, 2093738.229645564686507 ], [ 271260.757980584399775, 2093738.686777374474332 ], [ 271259.670908035244793, 2093708.56029918580316 ], [ 271272.563100841303822, 2093708.102780102752149 ], [ 271273.618544902186841, 2093738.229645564686507 ] ] ] } },
{ "type": "Feature", "properties": { "name": "Building (Unlabeled)", "building": "yes", "building:levels": null, "height": null, "addr:street": null, "footprint_area_sqm": 842.13025614685614, "perimeter_m": 116.17744294542958, "length_m": 30.39, "breadth_m": 27.85, "floors": 4.0, "height_m": 12.8 }, "geometry": { "type": "Polygon", "coordinates": [ [ [ 271093.700844565290026, 2094261.967379159061238 ], [ 271079.549189698882401, 2094237.980972237884998 ], [ 271053.425406078691594, 2094253.206488667288795 ], [ 271067.566552395233884, 2094277.193008119240403 ], [ 271093.700844565290026, 2094261.967379159061238 ] ] ] } },
{ "type": "Feature", "properties": { "name": "Museum cafeteria", "building": "yes", "building:levels": null, "height": null, "addr:street": null, "footprint_area_sqm": 6.513562522011684, "perimeter_m": 10.520812091187215, "length_m": 3.27, "breadth_m": 1.99, "floors": 4.0, "height_m": 12.8 }, "geometry": { "type": "Polygon", "coordinates": [ [ [ 271748.936843365081586, 2094035.913604206638411 ], [ 271749.818423121934757, 2094039.058489522431046 ], [ 271747.896654984215274, 2094039.591420956421643 ], [ 271747.01507490570657, 2094036.446535698603839 ], [ 271748.936843365081586, 2094035.913604206638411 ] ] ] } },
{ "type": "Feature", "properties": { "name": "Oricon House", "building": "commercial", "building:levels": null, "height": null, "addr:street": null, "footprint_area_sqm": 183.71513303047882, "perimeter_m": 66.945461041855481, "length_m": 26.92, "breadth_m": 7.13, "floors": 4.0, "height_m": 12.8 }, "geometry": { "type": "Polygon", "coordinates": [ [ [ 271796.521995050017722, 2094167.204851375659928 ], [ 271774.735625661094673, 2094183.018255877308547 ], [ 271779.4382557553472, 2094188.419353313278407 ], [ 271800.351394131081179, 2094172.71632485720329 ], [ 271796.521995050017722, 2094167.204851375659928 ] ] ] } },
{ "type": "Feature", "properties": { "name": "Building (Unlabeled)", "building": "yes", "building:levels": null, "height": null, "addr:street": null, "footprint_area_sqm": 104.26783628817684, "perimeter_m": 43.171813600603542, "length_m": 14.57, "breadth_m": 7.81, "floors": 4.0, "height_m": 12.8 }, "geometry": { "type": "Polygon", "coordinates": [ [ [ 271785.484473063435871, 2094053.458085475722328 ], [ 271791.363923484343104, 2094048.281435946235433 ], [ 271782.28765807551099, 2094037.674500044668093 ], [ 271776.826578786480241, 2094041.738752218196169 ], [ 271785.484473063435871, 2094053.458085475722328 ] ] ] } },
{ "type": "Feature", "properties": { "name": "PVM Gymkhana", "building": "yes", "building:levels": null, "height": null, "addr:street": null, "footprint_area_sqm": 1211.7070373896461, "perimeter_m": 164.47283851740778, "length_m": 48.38, "breadth_m": 31.79, "floors": 4.0, "height_m": 12.8 }, "geometry": { "type": "Polygon", "coordinates": [ [ [ 271198.814408882171847, 2093781.137409012764692 ], [ 271194.807935599819757, 2093783.523037610342726 ], [ 271194.723417148925364, 2093785.218199027236551 ], [ 271195.999106635688804, 2093786.985207395860925 ], [ 271198.049862123210914, 2093787.513611730188131 ], [ 271206.702205273322761, 2093787.606474016793072 ], [ 271207.036296873469837, 2093790.780225745402277 ], [ 271220.822752503445372, 2093790.212008302332833 ], [ 271220.60320624418091, 2093784.357256934046745 ], [ 271226.987220236565918, 2093784.223361141514033 ], [ 271226.838059405155946, 2093779.807193548185751 ], [ 271229.879774073138833, 2093779.515105196274817 ], [ 271229.484675630403217, 2093771.381539941066876 ], [ 271227.630918296752498, 2093771.44863388990052 ], [ 271226.823449222487397, 2093758.060614611953497 ], [ 271199.960884727304801, 2093759.553704925812781 ], [ 271180.62584386189701, 2093760.500237132422626 ], [ 271181.459446355060209, 2093779.43535496853292 ], [ 271198.858467129059136, 2093778.723020602483302 ], [ 271198.814408882171847, 2093781.137409012764692 ] ] ] } },
{ "type": "Feature", "properties": { "name": "Rahim Mansion - I", "building": "yes", "building:levels": "3", "height": null, "addr:street": null, "footprint_area_sqm": 738.0505696447741, "perimeter_m": 138.44813706860663, "length_m": 42.57, "breadth_m": 19.8, "floors": 3.0, "height_m": 9.6 }, "geometry": { "type": "Polygon", "coordinates": [ [ [ 271570.895510001399089, 2093719.86041081789881 ], [ 271611.215453785960563, 2093706.443436284083873 ], [ 271604.904887830023654, 2093687.675263569923118 ], [ 271589.037116700143088, 2093692.952483329223469 ], [ 271591.246253032004461, 2093699.513586157467216 ], [ 271577.06823593727313, 2093704.238577934447676 ], [ 271574.859094757470302, 2093697.677476292941719 ], [ 271564.574368760106154, 2093701.092377149965614 ], [ 271570.895510001399089, 2093719.86041081789881 ] ] ] } },
{ "type": "Feature", "properties": { "name": "Advent Building", "building": "apartments", "building:levels": "8", "height": null, "addr:street": null, "footprint_area_sqm": 365.91916337056313, "perimeter_m": 97.1150909642827, "length_m": 39.53, "breadth_m": 11.79, "floors": 8.0, "height_m": 25.6 }, "geometry": { "type": "Polygon", "coordinates": [ [ [ 271119.314314092043787, 2093904.801119717536494 ], [ 271117.06862803734839, 2093866.173974996898323 ], [ 271110.107439057901502, 2093864.786983535625041 ], [ 271107.537173160701059, 2093904.237421279773116 ], [ 271119.314314092043787, 2093904.801119717536494 ] ] ] } },
{ "type": "Feature", "properties": { "name": "Stephen Hall", "building": "yes", "building:levels": null, "height": null, "addr:street": "Nathalal Parikh Marg, Scindia Society, Cusrow Baug Colony, Apollo Bandar, Colaba", "footprint_area_sqm": 729.52871633042037, "perimeter_m": 126.22661404655857, "length_m": 44.57, "breadth_m": 18.62, "floors": 4.0, "height_m": 12.8 }, "geometry": { "type": "Polygon", "coordinates": [ [ [ 271449.337841629516333, 2093727.731681299395859 ], [ 271453.208248926210217, 2093722.845361123559996 ], [ 271460.081459235341754, 2093728.219726386247203 ], [ 271483.822307112510316, 2093698.20896155689843 ], [ 271469.160817626048811, 2093686.740662751020864 ], [ 271447.318779191584326, 2093714.347488020081073 ], [ 271451.085194961808156, 2093717.290824371390045 ], [ 271445.315982736297883, 2093724.581103888107464 ], [ 271449.337841629516333, 2093727.731681299395859 ] ] ] } },
{ "type": "Feature", "properties": { "name": "Amarchand Mansion", "building": "apartments", "building:levels": "3", "height": null, "addr:street": "Liberty Oil Mills, Madame Cama Rd, Dr Ambedkar Statue Chowk Area, Colaba", "footprint_area_sqm": 1467.6813554077426, "perimeter_m": 344.95799867374251, "length_m": 55.99, "breadth_m": 36.65, "floors": 3.0, "height_m": 9.6 }, "geometry": { "type": "Polygon", "coordinates": [ [ [ 271500.429624308482744, 2093994.110244823619723 ], [ 271499.993702173524071, 2093992.078229872044176 ], [ 271506.341600284911692, 2093990.726871610851958 ], [ 271506.755226075882092, 2093992.65950655983761 ], [ 271510.255032503628172, 2093991.918924707220867 ], [ 271509.192793204740155, 2093986.938202391378582 ], [ 271520.50169471418485, 2093984.562570087146014 ], [ 271521.877157093491405, 2093991.023181958589703 ], [ 271536.223383261007257, 2093988.001243914943188 ], [ 271535.127095676783938, 2093982.821631207596511 ], [ 271539.352233509416692, 2093981.939271798823029 ], [ 271540.17961417423794, 2093985.81561345490627 ], [ 271545.554499276855495, 2093985.029856692999601 ], [ 271543.189769590157084, 2093976.953715411480516 ], [ 271544.397563543752767, 2093976.628842439968139 ], [ 271542.954134286323097, 2093969.78152141883038 ], [ 271541.217923932126723, 2093969.980014281114563 ], [ 271536.919467915955465, 2093953.744928472209722 ], [ 271528.153244962042663, 2093955.524602310499176 ], [ 271529.31070895853918, 2093960.537373222177848 ], [ 271536.058430951088667, 2093959.136823693988845 ], [ 271537.692802951554768, 2093966.945120777469128 ], [ 271534.749885954661295, 2093967.557055554585531 ], [ 271535.533220917975996, 2093971.278920914512128 ], [ 271531.118710557406303, 2093972.185752899618819 ], [ 271529.596357663162053, 2093964.918640573509037 ], [ 271526.769060884718783, 2093965.507010742090642 ], [ 271524.340947164630052, 2093953.988049425883219 ], [ 271516.752545200404711, 2093955.576094990829006 ], [ 271517.871406301041134, 2093960.877229268429801 ], [ 271516.221248911810108, 2093961.218611788935959 ], [ 271517.160657000611536, 2093965.636137366760522 ], [ 271519.651491990080103, 2093965.107263037003577 ], [ 271521.216399633791298, 2093972.40707016014494 ], [ 271513.460114842629991, 2093974.052544072503224 ], [ 271512.823125278227963, 2093971.092895209090784 ], [ 271509.207694400334731, 2093971.857042140327394 ], [ 271508.403146663098596, 2093968.124365247786045 ], [ 271512.070984606281854, 2093967.33742897445336 ], [ 271511.277381152380258, 2093963.637835556874052 ], [ 271510.068770466721617, 2093963.896284653572366 ], [ 271508.773038287996314, 2093957.921890952158719 ], [ 271501.447894628392532, 2093959.495635722298175 ], [ 271503.837205682415515, 2093970.428220939356834 ], [ 271501.882330831605941, 2093970.839785117423162 ], [ 271503.099553931911942, 2093976.427599784219638 ], [ 271501.586225808830932, 2093976.756229823688045 ], [ 271501.084096768056042, 2093974.481429619016126 ], [ 271497.868206222075969, 2093975.174233426107094 ], [ 271496.57287846156396, 2093969.233053179923445 ], [ 271500.871360308490694, 2093968.316565950401127 ], [ 271498.737427728658076, 2093958.443819287465885 ], [ 271484.013392727239989, 2093961.592226243112236 ], [ 271491.465013289824128, 2093996.036321133607998 ], [ 271500.429624308482744, 2093994.110244823619723 ] ] ] } },
{ "type": "Feature", "properties": { "name": "Mittal Tower-C", "building": "apartments", "building:levels": "16", "height": null, "addr:street": "Barrister Rajni Patel Marg, Nariman Point", "footprint_area_sqm": 483.68912740926373, "perimeter_m": 97.994785667610387, "length_m": 31.16, "breadth_m": 18.03, "floors": 16.0, "height_m": 51.2 }, "geometry": { "type": "Polygon", "coordinates": [ [ [ 270864.530365116137546, 2093957.699472160777077 ], [ 270874.247030009399168, 2093957.801202139351517 ], [ 270874.212942934245802, 2093961.876381092937663 ], [ 270886.24814535479527, 2093962.00491335708648 ], [ 270886.286327123991214, 2093958.261865695239976 ], [ 270895.465395697858185, 2093958.348084798082709 ], [ 270895.763143096293788, 2093944.027398661244661 ], [ 270864.676055097545031, 2093943.867855811491609 ], [ 270864.530365116137546, 2093957.699472160777077 ] ] ] } },
{ "type": "Feature", "properties": { "name": "Mittal Tower-B", "building": "apartments", "building:levels": "16", "height": null, "addr:street": "Barrister Rajni Patel Marg, Nariman Point", "footprint_area_sqm": 542.14574341405387, "perimeter_m": 105.70833664399237, "length_m": 32.47, "breadth_m": 20.39, "floors": 16.0, "height_m": 51.2 }, "geometry": { "type": "Polygon", "coordinates": [ [ [ 270895.763143096293788, 2093944.027398661244661 ], [ 270925.783115678001195, 2093943.956538815516979 ], [ 270925.759936135204043, 2093935.231528302887455 ], [ 270928.215034532477148, 2093935.223431067308411 ], [ 270928.196287322905846, 2093928.568963013123721 ], [ 270917.058650160790421, 2093928.595434882678092 ], [ 270917.03914861328667, 2093923.590809668181464 ], [ 270904.173509909771383, 2093923.627503109630197 ], [ 270904.193287697504275, 2093928.654270739061758 ], [ 270895.731999179988634, 2093928.669929726980627 ], [ 270895.763143096293788, 2093944.027398661244661 ] ] ] } },
{ "type": "Feature", "properties": { "name": "Mittal Tower-A", "building": "apartments", "building:levels": "16", "height": null, "addr:street": "Barrister Rajni Patel Marg, Nariman Point", "footprint_area_sqm": 464.06499960856411, "perimeter_m": 95.164574570452146, "length_m": 29.34, "breadth_m": 18.49, "floors": 16.0, "height_m": 51.2 }, "geometry": { "type": "Polygon", "coordinates": [ [ [ 270925.783115678001195, 2093943.956538815516979 ], [ 270926.028429397614673, 2093957.882987167220563 ], [ 270932.456309242988937, 2093957.8923881102819 ], [ 270932.438882033689879, 2093962.465632215375081 ], [ 270945.811024207214359, 2093962.48915254464373 ], [ 270945.817918980726972, 2093957.916038570925593 ], [ 270955.090987285249867, 2093957.934692936716601 ], [ 270955.122760500933509, 2093944.259506217669696 ], [ 270925.783115678001195, 2093943.956538815516979 ] ] ] } },
{ "type": "Feature", "properties": { "name": "Wesley Church ( C.N.I )", "building": "apartments", "building:levels": null, "height": null, "addr:street": "Shahid Bhagat Singh Road", "footprint_area_sqm": 892.56966431824264, "perimeter_m": 157.207273314628, "length_m": 42.6, "breadth_m": 26.73, "floors": 4.0, "height_m": 12.8 }, "geometry": { "type": "Polygon", "coordinates": [ [ [ 271543.910586917307228, 2093641.908130240160972 ], [ 271562.862538436020259, 2093632.927943635731936 ], [ 271561.348899656208232, 2093629.801898337202147 ], [ 271557.409850007970817, 2093631.677268734900281 ], [ 271554.468896590813529, 2093625.590208525769413 ], [ 271560.534491295635235, 2093622.692178996745497 ], [ 271562.707815728499554, 2093627.194204716477543 ], [ 271580.03515948378481, 2093618.920497275656089 ], [ 271570.693129703111481, 2093599.569491624832153 ], [ 271538.982142885681242, 2093614.707768993685022 ], [ 271544.247878080466762, 2093625.61609845305793 ], [ 271537.553669884800911, 2093628.809744578087702 ], [ 271543.910586917307228, 2093641.908130240160972 ] ] ] } },
{ "type": "Feature", "properties": { "name": "State Bank Bhavan", "building": "commercial", "building:levels": "20", "height": null, "addr:street": "Vidhan Bhavan Marg, Nariman Point", "footprint_area_sqm": 1519.6374824666109, "perimeter_m": 169.12240367441342, "length_m": 58.76, "breadth_m": 25.92, "floors": 20.0, "height_m": 64.0 }, "geometry": { "type": "Polygon", "coordinates": [ [ [ 270983.561391290510073, 2094039.101318068336695 ], [ 270960.241397584206425, 2094092.914019065210596 ], [ 270984.065316229476593, 2094103.11751043307595 ], [ 271007.374686668394133, 2094049.293903374811634 ], [ 270983.561391290510073, 2094039.101318068336695 ] ] ] } },
{ "type": "Feature", "properties": { "name": "Indian Mercantile Mansion", "building": "yes", "building:levels": "4", "height": null, "addr:street": "Madame Cama Rd", "footprint_area_sqm": 824.61122357776208, "perimeter_m": 131.57035029507173, "length_m": 37.38, "breadth_m": 33.92, "floors": 4.0, "height_m": 12.8 }, "geometry": { "type": "Polygon", "coordinates": [ [ [ 271626.829537129378878, 2093936.219784506130964 ], [ 271638.80405317817349, 2093922.829830419737846 ], [ 271638.015030907525215, 2093922.075506021035835 ], [ 271649.371016842662357, 2093906.367897883057594 ], [ 271664.729345218627714, 2093919.687958300579339 ], [ 271666.072817620239221, 2093918.398106663487852 ], [ 271669.810201020445675, 2093920.699621226638556 ], [ 271669.452254062576685, 2093925.874947793083265 ], [ 271666.212766534416005, 2093925.50503527908586 ], [ 271664.440652188437525, 2093941.659658629214391 ], [ 271642.15957792638801, 2093936.939485191134736 ], [ 271640.441515777551103, 2093941.190339329419658 ], [ 271626.829537129378878, 2093936.219784506130964 ] ] ] } },
{ "type": "Feature", "properties": { "name": "Oriental Mansion", "building": "yes", "building:levels": "4", "height": null, "addr:street": "Madame Cama Rd", "footprint_area_sqm": 695.41356298578251, "perimeter_m": 134.73896536662801, "length_m": 35.08, "breadth_m": 33.18, "floors": 4.0, "height_m": 12.8 }, "geometry": { "type": "Polygon", "coordinates": [ [ [ 271626.829537129378878, 2093936.219784506130964 ], [ 271630.41801186837256, 2093951.27882623532787 ], [ 271628.863897481001914, 2093951.718672927003354 ], [ 271633.732492128852755, 2093970.626353065716103 ], [ 271657.24158154358156, 2093964.657388621941209 ], [ 271661.705851746432018, 2093964.370045382762328 ], [ 271663.902983206906356, 2093959.659331947332248 ], [ 271658.781489912827965, 2093958.769970049615949 ], [ 271662.355194734176621, 2093949.458272393094376 ], [ 271644.378194359538611, 2093945.991822635522112 ], [ 271643.245235741196666, 2093948.120613410137594 ], [ 271637.530749961151741, 2093948.711202704114839 ], [ 271640.441515777551103, 2093941.190339329419658 ], [ 271626.829537129378878, 2093936.219784506130964 ] ] ] } },
{ "type": "Feature", "properties": { "name": "Linden House", "building": "yes", "building:levels": "3", "height": null, "addr:street": "B K Boman Behram Marg, Apollo Bandar", "footprint_area_sqm": 374.06981013767648, "perimeter_m": 86.132353730172483, "length_m": 27.69, "breadth_m": 21.51, "floors": 3.0, "height_m": 9.6 }, "geometry": { "type": "Polygon", "coordinates": [ [ [ 271750.31232633558102, 2093722.153112349100411 ], [ 271759.832543052791152, 2093741.446631403872743 ], [ 271778.086180129088461, 2093715.921623043250293 ], [ 271775.664888769504614, 2093710.957570735830814 ], [ 271750.31232633558102, 2093722.153112349100411 ] ] ] } },
{ "type": "Feature", "properties": { "name": "Chhatrapati Shivaji Maharaj Vastu Sangrahalaya Ticket Office", "building": "yes", "building:levels": null, "height": null, "addr:street": null, "footprint_area_sqm": 473.07193814602783, "perimeter_m": 89.802830196540214, "length_m": 28.03, "breadth_m": 16.89, "floors": 4.0, "height_m": 12.8 }, "geometry": { "type": "Polygon", "coordinates": [ [ [ 271628.396703236736357, 2094139.328538112808019 ], [ 271645.265587106521707, 2094140.095758009236306 ], [ 271646.555163263343275, 2094112.110375079559162 ], [ 271629.68625437701121, 2094111.343151381472126 ], [ 271628.396703236736357, 2094139.328538112808019 ] ] ] } },
{ "type": "Feature", "properties": { "name": "Building (Unlabeled)", "building": "yes", "building:levels": null, "height": null, "addr:street": null, "footprint_area_sqm": 304.70545823587497, "perimeter_m": 75.980839746829034, "length_m": 23.82, "breadth_m": 21.25, "floors": 4.0, "height_m": 12.8 }, "geometry": { "type": "Polygon", "coordinates": [ [ [ 271426.231592066411395, 2093691.907659790944308 ], [ 271448.597649054892827, 2093680.360816222149879 ], [ 271452.203720331017394, 2093683.117888495791703 ], [ 271442.116310285287909, 2093706.018336281878874 ], [ 271426.231592066411395, 2093691.907659790944308 ] ] ] } },
{ "type": "Feature", "properties": { "name": "Colaba Police Colony", "building": "yes", "building:levels": null, "height": null, "addr:street": null, "footprint_area_sqm": 952.25411743012671, "perimeter_m": 301.76134703516243, "length_m": 55.1, "breadth_m": 38.52, "floors": 4.0, "height_m": 12.8 }, "geometry": { "type": "Polygon", "coordinates": [ [ [ 271473.40639000874944, 2093665.218589287949726 ], [ 271488.884219242725521, 2093691.669255959568545 ], [ 271498.075288696913049, 2093693.582629643846303 ], [ 271533.696105593582615, 2093673.34709733678028 ], [ 271537.629682160331868, 2093665.880092007806525 ], [ 271520.45120308350306, 2093636.516026420518756 ], [ 271514.11053392715985, 2093640.181463517248631 ], [ 271530.309723225887865, 2093667.885581459617242 ], [ 271515.316034395829774, 2093676.551435560220852 ], [ 271500.010345667484216, 2093650.386524769011885 ], [ 271494.820604078704491, 2093653.384542144602165 ], [ 271510.061451493995264, 2093679.417373919393867 ], [ 271495.224729570036288, 2093687.992736730491742 ], [ 271479.736507758498192, 2093661.553265954833478 ], [ 271473.40639000874944, 2093665.218589287949726 ] ] ] } },
{ "type": "Feature", "properties": { "name": "St. Peter's Armenian Church", "building": "yes", "building:levels": null, "height": null, "addr:street": null, "footprint_area_sqm": 311.36943122800699, "perimeter_m": 74.700698355771692, "length_m": 25.64, "breadth_m": 12.92, "floors": 4.0, "height_m": 12.8 }, "geometry": { "type": "Polygon", "coordinates": [ [ [ 271711.665033217519522, 2094443.424248460447416 ], [ 271715.607853473164141, 2094431.572376567404717 ], [ 271738.961915383988526, 2094435.338218661956489 ], [ 271736.874058075423818, 2094448.086339429253712 ], [ 271711.665033217519522, 2094443.424248460447416 ] ] ] } },
{ "type": "Feature", "properties": { "name": "Rythm House", "building": "commercial", "building:levels": null, "height": null, "addr:street": null, "footprint_area_sqm": 1116.8480303846022, "perimeter_m": 144.85104162367634, "length_m": 50.77, "breadth_m": 27.64, "floors": 4.0, "height_m": 12.8 }, "geometry": { "type": "Polygon", "coordinates": [ [ [ 271715.890409428160638, 2094281.235396459931508 ], [ 271691.95234874682501, 2094280.554931635502726 ], [ 271692.041117933404166, 2094277.486714455997571 ], [ 271674.026986879471224, 2094276.977129463106394 ], [ 271671.505738479318097, 2094275.026084780227393 ], [ 271670.61218683666084, 2094270.906954862643033 ], [ 271671.520682388567366, 2094267.662580681033432 ], [ 271687.617900063400157, 2094252.793631182517856 ], [ 271702.027142356499098, 2094253.203550308244303 ], [ 271721.885821238276549, 2094253.756954188691452 ], [ 271721.532625935331453, 2094266.18481388525106 ], [ 271716.325507468834985, 2094266.038365544984117 ], [ 271715.890409428160638, 2094281.235396459931508 ] ] ] } },
{ "type": "Feature", "properties": { "name": "Building (Unlabeled)", "building": "yes", "building:levels": null, "height": null, "addr:street": null, "footprint_area_sqm": 471.26468395845518, "perimeter_m": 94.190272978771077, "length_m": 32.34, "breadth_m": 22.36, "floors": 4.0, "height_m": 12.8 }, "geometry": { "type": "Polygon", "coordinates": [ [ [ 271702.027142356499098, 2094253.203550308244303 ], [ 271696.465483836829662, 2094246.495372657896951 ], [ 271721.920462248846889, 2094226.539933907333761 ], [ 271725.214046613720711, 2094239.044819337083027 ], [ 271722.489900868036784, 2094240.30732989218086 ], [ 271726.92077751015313, 2094251.037699632812291 ], [ 271721.885821238276549, 2094253.756954188691452 ], [ 271702.027142356499098, 2094253.203550308244303 ] ] ] } },
{ "type": "Feature", "properties": { "name": "Building (Unlabeled)", "building": "yes", "building:levels": null, "height": null, "addr:street": null, "footprint_area_sqm": 599.18689417978294, "perimeter_m": 133.83524484769183, "length_m": 28.84, "breadth_m": 26.88, "floors": 4.0, "height_m": 12.8 }, "geometry": { "type": "Polygon", "coordinates": [ [ [ 271768.522855160117615, 2094501.80986193055287 ], [ 271771.693726891709957, 2094475.141191814327613 ], [ 271786.530112010776065, 2094476.885703750420362 ], [ 271785.709145177155733, 2094483.827264861669391 ], [ 271779.778753532387782, 2094483.124979059910402 ], [ 271778.985862259287387, 2094489.778307086788118 ], [ 271788.324611325399019, 2094490.881658975500613 ], [ 271788.935000957222655, 2094485.670017400989309 ], [ 271799.339453772292472, 2094486.893164865905419 ], [ 271797.161484772455879, 2094505.17870975472033 ], [ 271768.522855160117615, 2094501.80986193055287 ] ] ] } },
{ "type": "Feature", "properties": { "name": "Building (Unlabeled)", "building": "yes", "building:levels": null, "height": null, "addr:street": null, "footprint_area_sqm": 888.46923192080158, "perimeter_m": 121.27917224816304, "length_m": 35.9, "breadth_m": 24.77, "floors": 4.0, "height_m": 12.8 }, "geometry": { "type": "Polygon", "coordinates": [ [ [ 271180.660449228715152, 2093590.301495749969035 ], [ 271183.313276257365942, 2093614.927737530088052 ], [ 271218.978171014110558, 2093611.133979977341369 ], [ 271216.335927775362507, 2093586.507608508691192 ], [ 271180.660449228715152, 2093590.301495749969035 ] ] ] } },
{ "type": "Feature", "properties": { "name": "Building (Unlabeled)", "building": "yes", "building:levels": null, "height": null, "addr:street": null, "footprint_area_sqm": 293.96900631599192, "perimeter_m": 72.147007446512021, "length_m": 23.68, "breadth_m": 12.44, "floors": 4.0, "height_m": 12.8 }, "geometry": { "type": "Polygon", "coordinates": [ [ [ 271707.964782257622574, 2093706.883276547770947 ], [ 271703.082467533065937, 2093695.438719942467287 ], [ 271724.855846170103177, 2093686.246904792264104 ], [ 271729.738012636546046, 2093697.680394873488694 ], [ 271707.964782257622574, 2093706.883276547770947 ] ] ] } },
{ "type": "Feature", "properties": { "name": "Building (Unlabeled)", "building": "yes", "building:levels": null, "height": null, "addr:street": null, "footprint_area_sqm": 188.06546128676467, "perimeter_m": 57.543829659841613, "length_m": 18.78, "breadth_m": 10.04, "floors": 4.0, "height_m": 12.8 }, "geometry": { "type": "Polygon", "coordinates": [ [ [ 271699.453246439341456, 2093680.490896078990772 ], [ 271703.653670933097601, 2093689.607492595911026 ], [ 271720.702647720696405, 2093681.835602200590074 ], [ 271716.491694934258703, 2093672.719131914200261 ], [ 271699.453246439341456, 2093680.490896078990772 ] ] ] } },
{ "type": "Feature", "properties": { "name": "Building (Unlabeled)", "building": "yes", "building:levels": null, "height": null, "addr:street": null, "footprint_area_sqm": 353.68490344965994, "perimeter_m": 91.704779468704245, "length_m": 32.6, "breadth_m": 17.68, "floors": 4.0, "height_m": 12.8 }, "geometry": { "type": "Polygon", "coordinates": [ [ [ 270800.249205864034593, 2094051.458202524576336 ], [ 270797.948917958303355, 2094041.797924887854606 ], [ 270794.73433553148061, 2094040.885293823666871 ], [ 270793.598063591693062, 2094042.737371350172907 ], [ 270790.458431106759235, 2094042.776071210857481 ], [ 270790.010936309990939, 2094044.940767859574407 ], [ 270786.403885520936456, 2094045.52779338369146 ], [ 270786.493028481607325, 2094047.630511681549251 ], [ 270783.647822264581919, 2094048.47389222541824 ], [ 270784.493323159054853, 2094051.242723178584129 ], [ 270781.937193395569921, 2094053.311612857272848 ], [ 270783.266516539035365, 2094056.008043435867876 ], [ 270781.51601162442239, 2094058.46562050934881 ], [ 270783.387321139045525, 2094060.67924301000312 ], [ 270782.194388331205118, 2094063.063510659150779 ], [ 270785.009676841495093, 2094064.922242566943169 ], [ 270785.182532132253982, 2094067.832237714203075 ], [ 270788.046977363934275, 2094068.549873676383868 ], [ 270789.173528271843679, 2094071.038422272307798 ], [ 270791.351954229758121, 2094070.812260886654258 ], [ 270792.60916297044605, 2094073.642453449079767 ], [ 270797.751528579683509, 2094065.108435585629195 ], [ 270796.50428205425851, 2094063.086428578011692 ], [ 270795.111309940926731, 2094061.210163242649287 ], [ 270794.545606321713421, 2094058.914010192500427 ], [ 270794.786100149562117, 2094056.19822911103256 ], [ 270795.922507665527519, 2094054.357222598278895 ], [ 270797.874256137060001, 2094052.838347914861515 ], [ 270800.249205864034593, 2094051.458202524576336 ] ] ] } },
{ "type": "Feature", "properties": { "name": "Building (Unlabeled)", "building": "yes", "building:levels": null, "height": null, "addr:street": null, "footprint_area_sqm": 323.44011191653897, "perimeter_m": 82.813553449942148, "length_m": 31.71, "breadth_m": 15.77, "floors": 4.0, "height_m": 12.8 }, "geometry": { "type": "Polygon", "coordinates": [ [ [ 270910.444985167356208, 2094038.38534195558168 ], [ 270911.592485852248501, 2094036.58849818771705 ], [ 270911.212619857862592, 2094033.980017823167145 ], [ 270910.12986396998167, 2094031.623796608531848 ], [ 270908.49100214522332, 2094030.315261609619483 ], [ 270906.553697900730185, 2094029.586184619227424 ], [ 270903.288215734472033, 2094028.818107579601929 ], [ 270902.114105508138891, 2094018.191695329267532 ], [ 270904.590331164072268, 2094016.47813558508642 ], [ 270906.930857193423435, 2094017.434771845350042 ], [ 270908.83703160379082, 2094016.492252891883254 ], [ 270910.492022247402929, 2094018.254570561693981 ], [ 270913.00033391371835, 2094018.290105311200023 ], [ 270913.888401214149781, 2094020.239034821046516 ], [ 270916.455801243893802, 2094020.794259540271014 ], [ 270917.19292502279859, 2094023.320829733042046 ], [ 270919.586127814021893, 2094024.276818466838449 ], [ 270919.385029928642325, 2094026.770656083477661 ], [ 270921.436146540101618, 2094028.184840451925993 ], [ 270921.762514378584456, 2094030.727543635992333 ], [ 270922.949943597312085, 2094033.027112311450765 ], [ 270922.100441066664644, 2094035.063883783295751 ], [ 270922.71826166799292, 2094037.315105995861813 ], [ 270921.172586631611921, 2094039.294017571257427 ], [ 270921.715293698536698, 2094041.435437981039286 ], [ 270919.313707270193845, 2094044.930782883893698 ], [ 270910.444985167356208, 2094038.38534195558168 ] ] ] } },
{ "type": "Feature", "properties": { "name": "राजाबाई घड्याळ टॉवर", "building": "clock_tower", "building:levels": "5", "height": null, "addr:street": null, "footprint_area_sqm": 107.7842046089454, "perimeter_m": 41.611567708838123, "length_m": 11.36, "breadth_m": 10.01, "floors": 5.0, "height_m": 16.0 }, "geometry": { "type": "Polygon", "coordinates": [ [ [ 271467.449775431363378, 2094443.479325806954876 ], [ 271477.227397164446302, 2094444.278169474797323 ], [ 271477.355588893638924, 2094454.707056547980756 ], [ 271467.347089888993651, 2094454.841156541835517 ], [ 271467.449775431363378, 2094443.479325806954876 ] ] ] } },
{ "type": "Feature", "properties": { "name": "Building (Unlabeled)", "building": "yes", "building:levels": null, "height": null, "addr:street": null, "footprint_area_sqm": 184.97339120222384, "perimeter_m": 64.411453311801651, "length_m": 21.92, "breadth_m": 10.34, "floors": 4.0, "height_m": 12.8 }, "geometry": { "type": "Polygon", "coordinates": [ [ [ 271748.140366660139989, 2094359.012419938808307 ], [ 271767.937588341650553, 2094368.302940363297239 ], [ 271764.989754527574405, 2094374.517670480068773 ], [ 271754.211610549362376, 2094369.467982738045976 ], [ 271752.732563848607242, 2094372.58648470742628 ], [ 271743.702956071938388, 2094368.345785815967247 ], [ 271748.140366660139989, 2094359.012419938808307 ] ] ] } },
{ "type": "Feature", "properties": { "name": "Building (Unlabeled)", "building": "yes", "building:levels": null, "height": null, "addr:street": null, "footprint_area_sqm": 216.69894895085898, "perimeter_m": 58.691598187217991, "length_m": 17.32, "breadth_m": 12.66, "floors": 4.0, "height_m": 12.8 }, "geometry": { "type": "Polygon", "coordinates": [ [ [ 271673.155074041569605, 2094335.54007784742862 ], [ 271687.886506049195305, 2094339.024221963947639 ], [ 271689.527660516323522, 2094341.384691052371636 ], [ 271687.021591718716081, 2094351.823768072994426 ], [ 271670.197759180096909, 2094347.844907188555226 ], [ 271673.155074041569605, 2094335.54007784742862 ] ] ] } },
{ "type": "Feature", "properties": { "name": "Building (Unlabeled)", "building": "yes", "building:levels": null, "height": null, "addr:street": null, "footprint_area_sqm": 185.92732318452312, "perimeter_m": 54.576459143312427, "length_m": 14.24, "breadth_m": 13.17, "floors": 4.0, "height_m": 12.8 }, "geometry": { "type": "Polygon", "coordinates": [ [ [ 271682.132554170151707, 2094314.081736786291003 ], [ 271694.414062090974767, 2094318.847184104612097 ], [ 271689.475043582322542, 2094331.951429128879681 ], [ 271677.122513105510734, 2094327.408311311388388 ], [ 271682.132554170151707, 2094314.081736786291003 ] ] ] } },
{ "type": "Feature", "properties": { "name": "Building (Unlabeled)", "building": "yes", "building:levels": null, "height": null, "addr:street": null, "footprint_area_sqm": 425.66216317468627, "perimeter_m": 93.970816373710221, "length_m": 25.07, "breadth_m": 22.04, "floors": 4.0, "height_m": 12.8 }, "geometry": { "type": "Polygon", "coordinates": [ [ [ 271767.805749464780092, 2094184.166291551664472 ], [ 271780.71176313405158, 2094202.034159319708124 ], [ 271771.373447144636884, 2094208.703792914748192 ], [ 271769.154678647231776, 2094205.641756943427026 ], [ 271764.49592219555052, 2094208.965375973843038 ], [ 271758.954060563642997, 2094201.293617028743029 ], [ 271752.644824602291919, 2094205.789055540692061 ], [ 271747.499566979706287, 2094198.666063615120947 ], [ 271767.805749464780092, 2094184.166291551664472 ] ] ] } },
{ "type": "Feature", "properties": { "name": "Building (Unlabeled)", "building": "yes", "building:levels": null, "height": null, "addr:street": null, "footprint_area_sqm": 480.57840575249435, "perimeter_m": 89.875117956902983, "length_m": 27.42, "breadth_m": 17.55, "floors": 4.0, "height_m": 12.8 }, "geometry": { "type": "Polygon", "coordinates": [ [ [ 271771.17721576790791, 2094701.705213957931846 ], [ 271798.327914671972394, 2094698.050085866590962 ], [ 271800.690891757723875, 2094715.438369360985234 ], [ 271773.540082678198814, 2094719.082425682339817 ], [ 271771.17721576790791, 2094701.705213957931846 ] ] ] } },
{ "type": "Feature", "properties": { "name": "Building (Unlabeled)", "building": "yes", "building:levels": null, "height": null, "addr:street": null, "footprint_area_sqm": 471.9197852440771, "perimeter_m": 91.270283066607035, "length_m": 29.83, "breadth_m": 15.84, "floors": 4.0, "height_m": 12.8 }, "geometry": { "type": "Polygon", "coordinates": [ [ [ 271744.42175747017609, 2094685.20328410086222 ], [ 271773.676272060489282, 2094679.540283360285684 ], [ 271776.722571098129265, 2094695.082115314668044 ], [ 271747.468081190134399, 2094700.745113812852651 ], [ 271744.42175747017609, 2094685.20328410086222 ] ] ] } },
{ "type": "Feature", "properties": { "name": "Building (Unlabeled)", "building": "yes", "building:levels": null, "height": null, "addr:street": null, "footprint_area_sqm": 660.9217972142892, "perimeter_m": 106.99880998389679, "length_m": 34.25, "breadth_m": 19.36, "floors": 4.0, "height_m": 12.8 }, "geometry": { "type": "Polygon", "coordinates": [ [ [ 271158.15332163113635, 2094698.279924843693152 ], [ 271170.882242417079397, 2094712.860994178103283 ], [ 271145.025313040590845, 2094735.158632466336712 ], [ 271132.296246584621258, 2094720.566508956486359 ], [ 271158.15332163113635, 2094698.279924843693152 ] ] ] } },
{ "type": "Feature", "properties": { "name": "Building (Unlabeled)", "building": "yes", "building:levels": null, "height": null, "addr:street": null, "footprint_area_sqm": 393.3810652331839, "perimeter_m": 82.784463278536563, "length_m": 24.7, "breadth_m": 20.35, "floors": 4.0, "height_m": 12.8 }, "geometry": { "type": "Polygon", "coordinates": [ [ [ 271203.509538130601868, 2094498.390886237611994 ], [ 271228.202735264902003, 2094497.943058214150369 ], [ 271227.825909037957899, 2094477.596080095740035 ], [ 271203.29422574210912, 2094486.889003121759742 ], [ 271203.509538130601868, 2094498.390886237611994 ] ] ] } },
{ "type": "Feature", "properties": { "name": "Building (Unlabeled)", "building": "yes", "building:levels": null, "height": null, "addr:street": null, "footprint_area_sqm": 250.62536380945573, "perimeter_m": 64.50972423284594, "length_m": 19.24, "breadth_m": 13.05, "floors": 4.0, "height_m": 12.8 }, "geometry": { "type": "Polygon", "coordinates": [ [ [ 271676.334012961597182, 2094615.827687196200714 ], [ 271695.147556482523214, 2094619.682435786351562 ], [ 271692.49113187554758, 2094632.459698086604476 ], [ 271673.677600062219426, 2094628.604953432455659 ], [ 271676.334012961597182, 2094615.827687196200714 ] ] ] } },
{ "type": "Feature", "properties": { "name": "Building (Unlabeled)", "building": "yes", "building:levels": null, "height": null, "addr:street": null, "footprint_area_sqm": 451.08691945901279, "perimeter_m": 93.801241624566558, "length_m": 33.4, "breadth_m": 13.51, "floors": 4.0, "height_m": 12.8 }, "geometry": { "type": "Polygon", "coordinates": [ [ [ 271682.398936093435623, 2094565.715821455931291 ], [ 271715.694181301107164, 2094568.174748921766877 ], [ 271714.690077735227533, 2094581.651437525404617 ], [ 271681.384184765513055, 2094579.18157273507677 ], [ 271682.398936093435623, 2094565.715821455931291 ] ] ] } },
{ "type": "Feature", "properties": { "name": "Building (Unlabeled)", "building": "yes", "building:levels": null, "height": null, "addr:street": null, "footprint_area_sqm": 264.45937232221183, "perimeter_m": 67.701887295656633, "length_m": 21.62, "breadth_m": 12.23, "floors": 4.0, "height_m": 12.8 }, "geometry": { "type": "Polygon", "coordinates": [ [ [ 271720.96063310635509, 2094583.456788444658741 ], [ 271742.568907931214198, 2094584.077270028647035 ], [ 271742.924530475982465, 2094571.848685623146594 ], [ 271721.31624156673206, 2094571.228202146710828 ], [ 271720.96063310635509, 2094583.456788444658741 ] ] ] } },
{ "type": "Feature", "properties": { "name": "Building (Unlabeled)", "building": "yes", "building:levels": null, "height": null, "addr:street": null, "footprint_area_sqm": 599.47284521339759, "perimeter_m": 97.317242374461358, "length_m": 27.84, "breadth_m": 25.54, "floors": 4.0, "height_m": 12.8 }, "geometry": { "type": "Polygon", "coordinates": [ [ [ 271718.555537509615533, 2094509.443428759928793 ], [ 271717.583444776246324, 2094534.966779280919582 ], [ 271689.843055463512428, 2094531.808479243190959 ], [ 271693.596734270919114, 2094514.854422587901354 ], [ 271698.143109070020728, 2094510.967448586132377 ], [ 271705.294102294952609, 2094509.816656518960372 ], [ 271718.555537509615533, 2094509.443428759928793 ] ] ] } },
{ "type": "Feature", "properties": { "name": "Building (Unlabeled)", "building": "yes", "building:levels": null, "height": null, "addr:street": null, "footprint_area_sqm": 291.38810562557194, "perimeter_m": 70.575536640138864, "length_m": 19.76, "breadth_m": 15.57, "floors": 4.0, "height_m": 12.8 }, "geometry": { "type": "Polygon", "coordinates": [ [ [ 271704.134633582900278, 2094534.666878449730575 ], [ 271701.286927084904164, 2094554.178664764156565 ], [ 271687.818141021300107, 2094552.251340897521004 ], [ 271688.333140748552978, 2094548.712836021790281 ], [ 271686.390831240569241, 2094548.42665553628467 ], [ 271688.111326909740455, 2094536.657428512815386 ], [ 271690.137920340930577, 2094536.942574214423075 ], [ 271690.750116984476335, 2094532.738516028039157 ], [ 271704.134633582900278, 2094534.666878449730575 ] ] ] } },
{ "type": "Feature", "properties": { "name": "Building (Unlabeled)", "building": "yes", "building:levels": null, "height": null, "addr:street": null, "footprint_area_sqm": 84.209330476518559, "perimeter_m": 36.762779130620871, "length_m": 9.75, "breadth_m": 8.69, "floors": 4.0, "height_m": 12.8 }, "geometry": { "type": "Polygon", "coordinates": [ [ [ 270984.954281591402832, 2094354.944276690250263 ], [ 270992.769869017763995, 2094360.694398474413902 ], [ 270997.952658019727096, 2094353.7322617250029 ], [ 270990.147605304489844, 2094347.982007892336696 ], [ 270984.954281591402832, 2094354.944276690250263 ] ] ] } },
{ "type": "Feature", "properties": { "name": "Building (Unlabeled)", "building": "yes", "building:levels": null, "height": null, "addr:street": null, "footprint_area_sqm": 36.721450306678598, "perimeter_m": 24.363121407235649, "length_m": 6.71, "breadth_m": 5.48, "floors": 4.0, "height_m": 12.8 }, "geometry": { "type": "Polygon", "coordinates": [ [ [ 270903.672416080487892, 2094378.135397405829281 ], [ 270909.068461718736216, 2094379.076523407362401 ], [ 270907.906444232852664, 2094385.679108595708385 ], [ 270902.510400366736576, 2094384.737983120372519 ], [ 270903.672416080487892, 2094378.135397405829281 ] ] ] } },
{ "type": "Feature", "properties": { "name": "Building (Unlabeled)", "building": "yes", "building:levels": null, "height": null, "addr:street": null, "footprint_area_sqm": 34.88562330416832, "perimeter_m": 24.265685886043922, "length_m": 7.47, "breadth_m": 4.69, "floors": 4.0, "height_m": 12.8 }, "geometry": { "type": "Polygon", "coordinates": [ [ [ 270988.730166853987612, 2094460.453927475260571 ], [ 270991.599620656459592, 2094464.150084878783673 ], [ 270997.507579209050164, 2094459.603934960672632 ], [ 270994.627590669435449, 2094455.907906486419961 ], [ 270988.730166853987612, 2094460.453927475260571 ] ] ] } }
]
}
