{
"type": "FeatureCollection",
"name": "buildings",
"crs": { "type": "name", "properties": { "name": "urn:ogc:def:crs:OGC:1.3:CRS84" } },
"features": [
{ "type": "Feature", "properties": { "name": "Building (Unlabeled)", "building": "stadium", "building:levels": null, "height": null, "addr:street": null }, "geometry": { "type": "Polygon", "coordinates": [ [ [ 72.8240445, 18.9318729 ], [ 72.8240053, 18.9320004 ], [ 72.8240318, 18.9321635 ], [ 72.8243182, 18.9328306 ], [ 72.8244163, 18.9329309 ], [ 72.8245807, 18.9329986 ], [ 72.8247795, 18.9329886 ], [ 72.8255152, 18.9326855 ], [ 72.8255829, 18.9325948 ], [ 72.8258035, 18.9327517 ], [ 72.8256786, 18.9328863 ], [ 72.8250427, 18.933133 ], [ 72.8250629, 18.933214 ], [ 72.8245776, 18.9332635 ], [ 72.8243343, 18.9331963 ], [ 72.8241324, 18.9329992 ], [ 72.8237789, 18.9322396 ], [ 72.8237365, 18.9320189 ], [ 72.8237616, 18.9317972 ], [ 72.8240445, 18.9318729 ] ] ] } },
{ "type": "Feature", "properties": { "name": "Taj Mahal Palace", "building": "yes", "building:levels": "6", "height": null, "addr:street": "Prem J. Ramchandani Road" }, "geometry": { "type": "Polygon", "coordinates": [ [ [ 72.8324661, 18.9214033 ], [ 72.8325687, 18.9216266 ], [ 72.8330001, 18.9214492 ], [ 72.8332206, 18.9219294 ], [ 72.8328893, 18.9220655 ], [ 72.8330231, 18.9223601 ], [ 72.8331066, 18.9225403 ], [ 72.8330185, 18.9225768 ], [ 72.8330619, 18.9226705 ], [ 72.8333965, 18.9225318 ], [ 72.8333547, 18.9224417 ], [ 72.8336353, 18.9223264 ], [ 72.833554, 18.9221493 ], [ 72.8334296, 18.9222005 ], [ 72.8333917, 18.922118 ], [ 72.8335457, 18.9220547 ], [ 72.8331225, 18.9211335 ], [ 72.8324661, 18.9214033 ] ] ] } },
{ "type": "Feature", "properties": { "name": "Maharashtra Vidhan Bhavan", "building": "apartments", "building:levels": null, "height": null, "addr:street": null }, "geometry": { "type": "Polygon", "coordinates": [ [ [ 72.8239394, 18.9262526 ], [ 72.8240093, 18.926342 ], [ 72.8241083, 18.9264018 ], [ 72.8242233, 18.9264243 ], [ 72.8243392, 18.9264067 ], [ 72.8244409, 18.9263512 ], [ 72.8245151, 18.926265 ], [ 72.8245521, 18.9261597 ], [ 72.8244741, 18.9256992 ], [ 72.8238614, 18.9257921 ], [ 72.8239394, 18.9262526 ] ] ] } },
{ "type": "Feature", "properties": { "name": "Bombay Stock Exchange", "building": "apartments", "building:levels": null, "height": null, "addr:street": null }, "geometry": { "type": "Polygon", "coordinates": [ [ [ 72.8328782, 18.9297444 ], [ 72.8328741, 18.9297702 ], [ 72.8328741, 18.9297929 ], [ 72.8328811, 18.9298094 ], [ 72.8330771, 18.9298932 ], [ 72.8330795, 18.9299189 ], [ 72.8331353, 18.929948 ], [ 72.8331792, 18.9299638 ], [ 72.8332107, 18.9300109 ], [ 72.8331792, 18.9301606 ], [ 72.8332111, 18.9301951 ], [ 72.8336995, 18.9301984 ], [ 72.8337268, 18.9301763 ], [ 72.833695, 18.9298918 ], [ 72.8336693, 18.9298444 ], [ 72.8335089, 18.9297763 ], [ 72.8334969, 18.9297576 ], [ 72.8334289, 18.929717 ], [ 72.8332911, 18.9296745 ], [ 72.8332253, 18.9296482 ], [ 72.8331931, 18.9296463 ], [ 72.8331981, 18.9296128 ], [ 72.8331587, 18.9295954 ], [ 72.8330377, 18.9295526 ], [ 72.8330193, 18.9295385 ], [ 72.8329894, 18.9295282 ], [ 72.8329756, 18.9295264 ], [ 72.8329621, 18.9295367 ], [ 72.8329208, 18.9296129 ], [ 72.8329174, 18.9296274 ], [ 72.8329209, 18.9296481 ], [ 72.8329189, 18.9296644 ], [ 72.8328782, 18.9297444 ] ] ] } },
{ "type": "Feature", "properties": { "name": "Hotel Marine Plaza", "building": "yes", "building:levels": "6", "height": null, "addr:street": null }, "geometry": { "type": "Polygon", "coordinates": [ [ [ 72.8230306, 18.931359 ], [ 72.8229006, 18.931084 ], [ 72.8231638, 18.9309728 ], [ 72.8232938, 18.9312478 ], [ 72.8230306, 18.931359 ] ] ] } },
{ "type": "Feature", "properties": { "name": "Cafe Leopold", "building": "yes", "building:levels": null, "height": null, "addr:street": null }, "geometry": { "type": "Polygon", "coordinates": [ [ [ 72.8316635, 18.9228275 ], [ 72.8319106, 18.9227364 ], [ 72.8318541, 18.9225992 ], [ 72.8316176, 18.9226865 ], [ 72.8316635, 18.9228275 ] ] ] } },
{ "type": "Feature", "properties": { "name": "Roosevelt House", "building": "apartments", "building:levels": "3", "height": null, "addr:street": "B K Boman Behram Marg, behind Taj mahal hotel, Apollo Bandar, Colaba" }, "geometry": { "type": "Polygon", "coordinates": [ [ [ 72.8325689, 18.9227633 ], [ 72.8328142, 18.9226645 ], [ 72.8327489, 18.9225195 ], [ 72.8325036, 18.9226183 ], [ 72.8325689, 18.9227633 ] ] ] } },
{ "type": "Feature", "properties": { "name": "Bowen Memorial Methodist Church", "building": "yes", "building:levels": null, "height": null, "addr:street": "Tullock Road" }, "geometry": { "type": "Polygon", "coordinates": [ [ [ 72.8326326, 18.9234746 ], [ 72.8327613, 18.9233366 ], [ 72.8327013, 18.9232067 ], [ 72.8325468, 18.9232879 ], [ 72.8326326, 18.9234746 ] ] ] } },
{ "type": "Feature", "properties": { "name": "Gokul Bar & Wine shop", "building": "yes", "building:levels": null, "height": null, "addr:street": null }, "geometry": { "type": "Polygon", "coordinates": [ [ [ 72.8321935, 18.92324 ], [ 72.8323656, 18.9231726 ], [ 72.8322819, 18.9229812 ], [ 72.8321097, 18.9230486 ], [ 72.8321935, 18.92324 ] ] ] } },
{ "type": "Feature", "properties": { "name": "Building (Unlabeled)", "building": "yes", "building:levels": null, "height": null, "addr:street": null }, "geometry": { "type": "Polygon", "coordinates": [ [ [ 72.8327022, 18.9239012 ], [ 72.8328229, 18.9237635 ], [ 72.8327098, 18.9236748 ], [ 72.8325891, 18.9238125 ], [ 72.8327022, 18.9239012 ] ] ] } },
{ "type": "Feature", "properties": { "name": "Gordon House Hotel", "building": "yes", "building:levels": null, "height": null, "addr:street": "Battery Street" }, "geometry": { "type": "Polygon", "coordinates": [ [ [ 72.8327231, 18.9239318 ], [ 72.832847, 18.9240247 ], [ 72.8329754, 18.9238714 ], [ 72.8328582, 18.9237747 ], [ 72.8327231, 18.9239318 ] ] ] } },
{ "type": "Feature", "properties": { "name": "Hotel Suba Palace", "building": "yes", "building:levels": null, "height": null, "addr:street": null }, "geometry": { "type": "Polygon", "coordinates": [ [ [ 72.8328696, 18.924037 ], [ 72.8329584, 18.924112 ], [ 72.8330681, 18.9239822 ], [ 72.8329793, 18.9239072 ], [ 72.8328696, 18.924037 ] ] ] } },
{ "type": "Feature", "properties": { "name": "Apollo Hotel", "building": "yes", "building:levels": null, "height": null, "addr:street": null }, "geometry": { "type": "Polygon", "coordinates": [ [ [ 72.8324786, 18.9239074 ], [ 72.8326282, 18.9240212 ], [ 72.832577, 18.9240885 ], [ 72.8324275, 18.9239747 ], [ 72.8324786, 18.9239074 ] ] ] } },
{ "type": "Feature", "properties": { "name": "LIC", "building": "apartments", "building:levels": null, "height": null, "addr:street": null }, "geometry": { "type": "Polygon", "coordinates": [ [ [ 72.823723, 18.9295489 ], [ 72.8238087, 18.929557 ], [ 72.8239296, 18.929565 ], [ 72.8239348, 18.9294875 ], [ 72.823819, 18.929475 ], [ 72.8237299, 18.9294654 ], [ 72.823723, 18.9295489 ] ] ] } },
{ "type": "Feature", "properties": { "name": "Keneseth Eliyahoo Synagogue", "building": "yes", "building:levels": null, "height": null, "addr:street": null }, "geometry": { "type": "Polygon", "coordinates": [ [ [ 72.8325349, 18.9281711 ], [ 72.8326553, 18.9281821 ], [ 72.8326807, 18.9280513 ], [ 72.8325446, 18.9280353 ], [ 72.8325349, 18.9281711 ] ] ] } },
{ "type": "Feature", "properties": { "name": "Bombay House", "building": "yes", "building:levels": null, "height": null, "addr:street": null }, "geometry": { "type": "Polygon", "coordinates": [ [ [ 72.8324369, 18.9317803 ], [ 72.8330867, 18.9316804 ], [ 72.8330624, 18.9314732 ], [ 72.8330247, 18.9314552 ], [ 72.8323613, 18.9315921 ], [ 72.8323959, 18.9317564 ], [ 72.8324369, 18.9317803 ] ] ] } },
{ "type": "Feature", "properties": { "name": "Regal Cinema", "building": "apartments", "building:levels": null, "height": null, "addr:street": null }, "geometry": { "type": "Polygon", "coordinates": [ [ [ 72.8327466, 18.9245427 ], [ 72.832583, 18.9247305 ], [ 72.8325315, 18.924773 ], [ 72.8324757, 18.924799 ], [ 72.8324113, 18.9247812 ], [ 72.8323577, 18.9247406 ], [ 72.8323228, 18.9246899 ], [ 72.832304, 18.9246087 ], [ 72.8325186, 18.9243651 ], [ 72.8327466, 18.9245427 ] ] ] } },
{ "type": "Feature", "properties": { "name": "New India Assurance", "building": "yes", "building:levels": null, "height": null, "addr:street": null }, "geometry": { "type": "Polygon", "coordinates": [ [ [ 72.830176, 18.9253403 ], [ 72.8301997, 18.9256394 ], [ 72.8299598, 18.9256564 ], [ 72.8299072, 18.9256392 ], [ 72.8298933, 18.9255382 ], [ 72.8299373, 18.9255051 ], [ 72.8299708, 18.9255216 ], [ 72.8300057, 18.9255192 ], [ 72.8300015, 18.9254662 ], [ 72.8299304, 18.9254713 ], [ 72.8299215, 18.9253584 ], [ 72.830176, 18.9253403 ] ] ] } },
{ "type": "Feature", "properties": { "name": "St Anne's High Scool", "building": "yes", "building:levels": null, "height": null, "addr:street": null }, "geometry": { "type": "Polygon", "coordinates": [ [ [ 72.831153, 18.9250918 ], [ 72.8312237, 18.9253821 ], [ 72.8315017, 18.9253216 ], [ 72.831431, 18.9250313 ], [ 72.831153, 18.9250918 ] ] ] } },
{ "type": "Feature", "properties": { "name": "Building (Unlabeled)", "building": "yes", "building:levels": null, "height": null, "addr:street": null }, "geometry": { "type": "Polygon", "coordinates": [ [ [ 72.8301051, 18.9250016 ], [ 72.8297618, 18.9250377 ], [ 72.8297827, 18.9252155 ], [ 72.830126, 18.9251793 ], [ 72.8301051, 18.9250016 ] ] ] } },
{ "type": "Feature", "properties": { "name": "Campion School", "building": "yes", "building:levels": "4", "height": null, "addr:street": "Cooperage St, Dr Ambedkar Statue Chowk Area, Colaba" }, "geometry": { "type": "Polygon", "coordinates": [ [ [ 72.8297217, 18.9249867 ], [ 72.8300021, 18.9249566 ], [ 72.8299979, 18.9249071 ], [ 72.8299447, 18.924905 ], [ 72.8299455, 18.924872 ], [ 72.8300405, 18.9248666 ], [ 72.8300304, 18.9247906 ], [ 72.8299491, 18.9247966 ], [ 72.8299436, 18.9247201 ], [ 72.8299801, 18.9247187 ], [ 72.8299751, 18.9246628 ], [ 72.8299027, 18.9246677 ], [ 72.8298975, 18.9245978 ], [ 72.8299759, 18.9245929 ], [ 72.8299755, 18.9245434 ], [ 72.8296715, 18.924565 ], [ 72.829675, 18.9246052 ], [ 72.829654, 18.9246431 ], [ 72.8296593, 18.9246866 ], [ 72.8297082, 18.9246952 ], [ 72.8297105, 18.9247409 ], [ 72.8297531, 18.9247399 ], [ 72.8297567, 18.9248147 ], [ 72.8296974, 18.9248193 ], [ 72.8297217, 18.9249867 ] ] ] } },
{ "type": "Feature", "properties": { "name": "YWCA International Centre", "building": "yes", "building:levels": "3", "height": null, "addr:street": "Madame Came Road, Kala Ghoda Fort" }, "geometry": { "type": "Polygon", "coordinates": [ [ [ 72.8308466, 18.9254292 ], [ 72.8311534, 18.9253627 ], [ 72.8310896, 18.9250999 ], [ 72.8307828, 18.9251664 ], [ 72.8308466, 18.9254292 ] ] ] } },
{ "type": "Feature", "properties": { "name": "Beryl House", "building": "apartments", "building:levels": "4", "height": null, "addr:street": "Nathalal Parikh Marg, Scindia Society, Police Colony, Apollo Bandar, Colaba" }, "geometry": { "type": "Polygon", "coordinates": [ [ [ 72.8300457, 18.9238856 ], [ 72.8302389, 18.9236368 ], [ 72.8304216, 18.9237638 ], [ 72.8302283, 18.9240126 ], [ 72.8300457, 18.9238856 ] ] ] } },
{ "type": "Feature", "properties": { "name": "Rafiya Manzil", "building": "yes", "building:levels": "4", "height": null, "addr:street": "Convent Rd, Dr Ambedkar Statue Chowk Area, Colaba" }, "geometry": { "type": "Polygon", "coordinates": [ [ [ 72.8304548, 18.9239926 ], [ 72.830545, 18.9240574 ], [ 72.8304877, 18.9241287 ], [ 72.8304018, 18.9240669 ], [ 72.8303272, 18.9241598 ], [ 72.8305291, 18.9243048 ], [ 72.8307495, 18.9240303 ], [ 72.8305434, 18.9238823 ], [ 72.8304548, 18.9239926 ] ] ] } },
{ "type": "Feature", "properties": { "name": "YMCA-Young Men Christian Association", "building": "yes", "building:levels": "3", "height": null, "addr:street": "Nathalal Parikh Marg, Scindia Society, Police Colony, Apollo Bandar, Colaba" }, "geometry": { "type": "Polygon", "coordinates": [ [ [ 72.8308675, 18.9241147 ], [ 72.8310712, 18.9242787 ], [ 72.8308833, 18.9244876 ], [ 72.8308267, 18.924442 ], [ 72.8308582, 18.9244069 ], [ 72.8307574, 18.9243258 ], [ 72.8308368, 18.9242376 ], [ 72.8307905, 18.9242003 ], [ 72.8308675, 18.9241147 ] ] ] } },
{ "type": "Feature", "properties": { "name": "Railway Officers Residencce", "building": "apartments", "building:levels": "3", "height": null, "addr:street": "Nathalal M. Parikh Road" }, "geometry": { "type": "Polygon", "coordinates": [ [ [ 72.8310432, 18.9244333 ], [ 72.8311194, 18.9244912 ], [ 72.8310463, 18.9245773 ], [ 72.8309876, 18.9245328 ], [ 72.8309181, 18.9246147 ], [ 72.8311461, 18.9247878 ], [ 72.8313803, 18.9245117 ], [ 72.8311348, 18.9243254 ], [ 72.8310432, 18.9244333 ] ] ] } },
{ "type": "Feature", "properties": { "name": "Clark House", "building": "yes", "building:levels": "3", "height": null, "addr:street": "Wode House Road, Kala Ghoda Fort" }, "geometry": { "type": "Polygon", "coordinates": [ [ [ 72.8314706, 18.9245879 ], [ 72.8316589, 18.9247307 ], [ 72.8314622, 18.9249629 ], [ 72.831399, 18.924915 ], [ 72.8314703, 18.924831 ], [ 72.831427, 18.9247981 ], [ 72.8313393, 18.9249016 ], [ 72.8312574, 18.9248395 ], [ 72.8314706, 18.9245879 ] ] ] } },
{ "type": "Feature", "properties": { "name": "Indian Trade Promotion Organization", "building": "yes", "building:levels": null, "height": null, "addr:street": "Cooperage Road" }, "geometry": { "type": "Polygon", "coordinates": [ [ [ 72.8296587, 18.9244834 ], [ 72.8299806, 18.9244631 ], [ 72.8299699, 18.9243109 ], [ 72.829648, 18.9243312 ], [ 72.8296587, 18.9244834 ] ] ] } },
{ "type": "Feature", "properties": { "name": "Jhansi Castle", "building": "yes", "building:levels": "4", "height": null, "addr:street": "Cooperage St, Dr Ambedkar Statue Chowk Area, Colaba" }, "geometry": { "type": "Polygon", "coordinates": [ [ [ 72.8296371, 18.9241988 ], [ 72.8299108, 18.9241855 ], [ 72.8299033, 18.9240487 ], [ 72.8296296, 18.924062 ], [ 72.8296371, 18.9241988 ] ] ] } },
{ "type": "Feature", "properties": { "name": "Building (Unlabeled)", "building": "yes", "building:levels": "4", "height": null, "addr:street": "Cooperage St, Dr Ambedkar Statue Chowk Area, Colaba" }, "geometry": { "type": "Polygon", "coordinates": [ [ [ 72.8296141, 18.9239533 ], [ 72.8297279, 18.9239452 ], [ 72.8299095, 18.9239324 ], [ 72.8298995, 18.9238059 ], [ 72.8296041, 18.9238267 ], [ 72.8296141, 18.9239533 ] ] ] } },
{ "type": "Feature", "properties": { "name": "Building (Unlabeled)", "building": "yes", "building:levels": null, "height": null, "addr:street": null }, "geometry": { "type": "Polygon", "coordinates": [ [ [ 72.829621, 18.9233678 ], [ 72.8297738, 18.9233546 ], [ 72.829804, 18.9236674 ], [ 72.8296513, 18.9236806 ], [ 72.829621, 18.9233678 ] ] ] } },
{ "type": "Feature", "properties": { "name": "Public Works Department", "building": "yes", "building:levels": "4", "height": null, "addr:street": null }, "geometry": { "type": "Polygon", "coordinates": [ [ [ 72.8306071, 18.9319083 ], [ 72.8309759, 18.9318587 ], [ 72.8310431, 18.932306 ], [ 72.8309725, 18.9323155 ], [ 72.8309669, 18.9322784 ], [ 72.8307338, 18.9323097 ], [ 72.8307417, 18.9323622 ], [ 72.8305689, 18.9323855 ], [ 72.8305623, 18.9323413 ], [ 72.8303196, 18.9323739 ], [ 72.8303265, 18.9324199 ], [ 72.8302137, 18.932435 ], [ 72.8301549, 18.9320431 ], [ 72.8302977, 18.9320239 ], [ 72.8303317, 18.9322499 ], [ 72.8305082, 18.9322262 ], [ 72.8305028, 18.9321902 ], [ 72.8307242, 18.9321604 ], [ 72.8307305, 18.9322022 ], [ 72.8309021, 18.9321792 ], [ 72.830874, 18.9319922 ], [ 72.8307655, 18.9320068 ], [ 72.8307751, 18.9320702 ], [ 72.8306342, 18.9320892 ], [ 72.8306071, 18.9319083 ] ] ] } },
{ "type": "Feature", "properties": { "name": "CCI Transit House", "building": "apartments", "building:levels": null, "height": null, "addr:street": null }, "geometry": { "type": "Polygon", "coordinates": [ [ [ 72.824074, 18.930984 ], [ 72.8239452, 18.9306847 ], [ 72.8245085, 18.9304639 ], [ 72.8246292, 18.9307659 ], [ 72.824074, 18.930984 ] ] ] } },
{ "type": "Feature", "properties": { "name": "Mistry Court", "building": "apartments", "building:levels": null, "height": null, "addr:street": null }, "geometry": { "type": "Polygon", "coordinates": [ [ [ 72.8234109, 18.9312267 ], [ 72.8232812, 18.9309356 ], [ 72.8235087, 18.9308636 ], [ 72.8236383, 18.9311361 ], [ 72.8234109, 18.9312267 ] ] ] } },
{ "type": "Feature", "properties": { "name": "Mantralaya", "building": "public", "building:levels": null, "height": null, "addr:street": "Madame Cama Road" }, "geometry": { "type": "Polygon", "coordinates": [ [ [ 72.8264166, 18.9273693 ], [ 72.8272857, 18.9268821 ], [ 72.8275297, 18.927316 ], [ 72.8273688, 18.9274073 ], [ 72.827511, 18.9276433 ], [ 72.8274385, 18.9276814 ], [ 72.8274466, 18.9277169 ], [ 72.8273447, 18.9277702 ], [ 72.8273661, 18.9278209 ], [ 72.8273071, 18.9278564 ], [ 72.8273286, 18.9279021 ], [ 72.8273071, 18.9279148 ], [ 72.8273152, 18.9279402 ], [ 72.8266661, 18.9283055 ], [ 72.8266124, 18.9282066 ], [ 72.8265615, 18.9282395 ], [ 72.8266473, 18.9283892 ], [ 72.8264917, 18.9284755 ], [ 72.8263683, 18.9282674 ], [ 72.8264153, 18.928238 ], [ 72.8263925, 18.9282066 ], [ 72.826803, 18.927974 ], [ 72.8264166, 18.9273693 ] ] ] } },
{ "type": "Feature", "properties": { "name": "St. James Court", "building": "apartments", "building:levels": "7", "height": null, "addr:street": null }, "geometry": { "type": "Polygon", "coordinates": [ [ [ 72.8232876, 18.931985 ], [ 72.8235164, 18.9318924 ], [ 72.8233857, 18.9315687 ], [ 72.823215, 18.9316432 ], [ 72.8232037, 18.9316553 ], [ 72.8231945, 18.9316711 ], [ 72.823189, 18.9316971 ], [ 72.8231914, 18.9317216 ], [ 72.8232876, 18.931985 ] ] ] } },
{ "type": "Feature", "properties": { "name": "Framroz Court", "building": "apartments", "building:levels": "6", "height": null, "addr:street": null }, "geometry": { "type": "Polygon", "coordinates": [ [ [ 72.8233031, 18.9320366 ], [ 72.8234227, 18.9323434 ], [ 72.8235474, 18.9323068 ], [ 72.8236524, 18.9322619 ], [ 72.8235328, 18.9319529 ], [ 72.8233031, 18.9320366 ] ] ] } },
{ "type": "Feature", "properties": { "name": "Building (Unlabeled)", "building": "yes", "building:levels": "3", "height": null, "addr:street": null }, "geometry": { "type": "Polygon", "coordinates": [ [ [ 72.8303556, 18.92955 ], [ 72.8303539, 18.9296561 ], [ 72.8303524, 18.9297485 ], [ 72.83035, 18.929895 ], [ 72.8303902, 18.9298956 ], [ 72.8303876, 18.9300577 ], [ 72.8310769, 18.9300677 ], [ 72.8311001, 18.9286449 ], [ 72.8304168, 18.928635 ], [ 72.8304142, 18.9287941 ], [ 72.8309363, 18.9288017 ], [ 72.830918, 18.9299294 ], [ 72.8304824, 18.9299231 ], [ 72.8304831, 18.9298787 ], [ 72.8304464, 18.9298782 ], [ 72.8304517, 18.9295514 ], [ 72.8303556, 18.92955 ] ] ] } },
{ "type": "Feature", "properties": { "name": "Building (Unlabeled)", "building": "yes", "building:levels": null, "height": null, "addr:street": null }, "geometry": { "type": "Polygon", "coordinates": [ [ [ 72.8301037, 18.9290888 ], [ 72.8301449, 18.9290896 ], [ 72.8302828, 18.9290904 ], [ 72.8303085, 18.9290907 ], [ 72.8303126, 18.9287631 ], [ 72.8302849, 18.9287619 ], [ 72.8302848, 18.9287349 ], [ 72.8302738, 18.928709 ], [ 72.8302518, 18.928687 ], [ 72.8302206, 18.9286785 ], [ 72.8301901, 18.9286871 ], [ 72.8301675, 18.9287088 ], [ 72.8301538, 18.928731 ], [ 72.8301471, 18.9287611 ], [ 72.8301078, 18.9287608 ], [ 72.8301037, 18.9290888 ] ] ] } },
{ "type": "Feature", "properties": { "name": "Building (Unlabeled)", "building": "yes", "building:levels": null, "height": null, "addr:street": null }, "geometry": { "type": "Polygon", "coordinates": [ [ [ 72.8300867, 18.9299402 ], [ 72.8302645, 18.929941 ], [ 72.8302655, 18.9297481 ], [ 72.8303524, 18.9297485 ], [ 72.8303539, 18.9296561 ], [ 72.8302618, 18.9296556 ], [ 72.8302626, 18.9295143 ], [ 72.8300888, 18.9295135 ], [ 72.8300867, 18.9299402 ] ] ] } },
{ "type": "Feature", "properties": { "name": "Jolly Maker Chambers II", "building": "apartments", "building:levels": "15", "height": null, "addr:street": "Vinayak K Shah Marg" }, "geometry": { "type": "Polygon", "coordinates": [ [ [ 72.8220043, 18.9257309 ], [ 72.8221271, 18.9257394 ], [ 72.8221343, 18.9256479 ], [ 72.8222387, 18.925574 ], [ 72.8223413, 18.9255859 ], [ 72.8223562, 18.9254714 ], [ 72.8222547, 18.9254596 ], [ 72.822268, 18.9253568 ], [ 72.8221368, 18.9253416 ], [ 72.8221232, 18.9254458 ], [ 72.822056, 18.9254975 ], [ 72.8219249, 18.9254883 ], [ 72.8219154, 18.9256094 ], [ 72.8220132, 18.9256163 ], [ 72.8220043, 18.9257309 ] ] ] } },
{ "type": "Feature", "properties": { "name": "Readymoney Mansion", "building": "yes", "building:levels": null, "height": null, "addr:street": null }, "geometry": { "type": "Polygon", "coordinates": [ [ [ 72.8324005, 18.9321831 ], [ 72.832608, 18.9321522 ], [ 72.8325376, 18.9318503 ], [ 72.8323427, 18.9318764 ], [ 72.8324005, 18.9321831 ] ] ] } },
{ "type": "Feature", "properties": { "name": "Building (Unlabeled)", "building": "yes", "building:levels": null, "height": null, "addr:street": null }, "geometry": { "type": "Polygon", "coordinates": [ [ [ 72.8317991, 18.9317105 ], [ 72.8318495, 18.9319208 ], [ 72.8323117, 18.9318215 ], [ 72.8322725, 18.9316581 ], [ 72.8322603, 18.9316382 ], [ 72.8322386, 18.9316256 ], [ 72.8322072, 18.9316229 ], [ 72.8317991, 18.9317105 ] ] ] } },
{ "type": "Feature", "properties": { "name": "Building (Unlabeled)", "building": "yes", "building:levels": null, "height": null, "addr:street": null }, "geometry": { "type": "Polygon", "coordinates": [ [ [ 72.8326915, 18.9313652 ], [ 72.8330458, 18.9312748 ], [ 72.8329403, 18.930797 ], [ 72.8327053, 18.9308303 ], [ 72.8326563, 18.9313248 ], [ 72.8326915, 18.9313652 ] ] ] } },
{ "type": "Feature", "properties": { "name": "Building (Unlabeled)", "building": "apartments", "building:levels": null, "height": null, "addr:street": null }, "geometry": { "type": "Polygon", "coordinates": [ [ [ 72.8329102, 18.9319265 ], [ 72.8331074, 18.9319045 ], [ 72.8330874, 18.9317434 ], [ 72.8328901, 18.9317654 ], [ 72.8329102, 18.9319265 ] ] ] } },
{ "type": "Feature", "properties": { "name": "Central Bank Building", "building": "yes", "building:levels": null, "height": null, "addr:street": null }, "geometry": { "type": "Polygon", "coordinates": [ [ [ 72.8318692, 18.9315605 ], [ 72.8325222, 18.9314101 ], [ 72.8325518, 18.9313962 ], [ 72.8325564, 18.9313722 ], [ 72.8325645, 18.9309288 ], [ 72.8323182, 18.9309217 ], [ 72.8323044, 18.9310921 ], [ 72.832391, 18.9311011 ], [ 72.832388, 18.931235 ], [ 72.8324268, 18.9312374 ], [ 72.8324431, 18.9313449 ], [ 72.8323813, 18.9313656 ], [ 72.832364, 18.9313113 ], [ 72.8322019, 18.9313544 ], [ 72.8322126, 18.9314025 ], [ 72.8320596, 18.9314453 ], [ 72.8320647, 18.9314003 ], [ 72.8319075, 18.9313807 ], [ 72.8318692, 18.9315605 ] ] ] } },
{ "type": "Feature", "properties": { "name": "Building (Unlabeled)", "building": "yes", "building:levels": null, "height": null, "addr:street": null }, "geometry": { "type": "Polygon", "coordinates": [ [ [ 72.8317974, 18.9319406 ], [ 72.8318653, 18.9322568 ], [ 72.8324005, 18.9321831 ], [ 72.8323427, 18.9318764 ], [ 72.8321392, 18.9319073 ], [ 72.8321643, 18.9320785 ], [ 72.8321392, 18.9320809 ], [ 72.832109, 18.9318931 ], [ 72.8319356, 18.9319121 ], [ 72.8317974, 18.9319406 ] ] ] } },
{ "type": "Feature", "properties": { "name": "Standard Chartered", "building": "yes", "building:levels": "2", "height": null, "addr:street": null }, "geometry": { "type": "Polygon", "coordinates": [ [ [ 72.8306963, 18.9306038 ], [ 72.8311494, 18.9306071 ], [ 72.8311565, 18.9302727 ], [ 72.8306483, 18.930271 ], [ 72.8306963, 18.9306038 ] ] ] } },
{ "type": "Feature", "properties": { "name": "Building (Unlabeled)", "building": "yes", "building:levels": "4", "height": null, "addr:street": null }, "geometry": { "type": "Polygon", "coordinates": [ [ [ 72.8307352, 18.9315408 ], [ 72.8305995, 18.9306256 ], [ 72.8305311, 18.9306347 ], [ 72.830547, 18.9307417 ], [ 72.830494, 18.9307487 ], [ 72.8305394, 18.9310547 ], [ 72.8303842, 18.9310751 ], [ 72.8303604, 18.930923 ], [ 72.830417, 18.9309151 ], [ 72.8303664, 18.9305915 ], [ 72.8305023, 18.9305725 ], [ 72.830472, 18.930379 ], [ 72.8301873, 18.9304188 ], [ 72.8302042, 18.9305266 ], [ 72.8301123, 18.9305394 ], [ 72.8301406, 18.9307199 ], [ 72.8301855, 18.9307136 ], [ 72.8302304, 18.9310008 ], [ 72.8301427, 18.9310131 ], [ 72.8301571, 18.931105 ], [ 72.8300627, 18.9311175 ], [ 72.8300743, 18.9311961 ], [ 72.8301694, 18.9311836 ], [ 72.830184, 18.9312772 ], [ 72.8302717, 18.9312649 ], [ 72.830316, 18.9315483 ], [ 72.8302711, 18.9315546 ], [ 72.8302961, 18.931715 ], [ 72.830388, 18.9317021 ], [ 72.8304085, 18.9318332 ], [ 72.8306931, 18.9317933 ], [ 72.8306636, 18.9316044 ], [ 72.8305278, 18.9316234 ], [ 72.8304766, 18.9312963 ], [ 72.83042, 18.9313042 ], [ 72.8303965, 18.9311537 ], [ 72.8305511, 18.9311334 ], [ 72.8305966, 18.9314402 ], [ 72.8306495, 18.9314332 ], [ 72.8306668, 18.9315499 ], [ 72.8307352, 18.9315408 ] ] ] } },
{ "type": "Feature", "properties": { "name": "Bank of India", "building": "office", "building:levels": "5", "height": null, "addr:street": null }, "geometry": { "type": "Polygon", "coordinates": [ [ [ 72.8307318, 18.9306424 ], [ 72.8311476, 18.9306441 ], [ 72.8311459, 18.9311131 ], [ 72.8307709, 18.9311097 ], [ 72.8307691, 18.9309668 ], [ 72.8307389, 18.9309668 ], [ 72.8307318, 18.9306424 ] ] ] } },
{ "type": "Feature", "properties": { "name": "HSBC", "building": "office", "building:levels": null, "height": null, "addr:street": null }, "geometry": { "type": "Polygon", "coordinates": [ [ [ 72.8307709, 18.9311097 ], [ 72.8308686, 18.9316795 ], [ 72.8310534, 18.9316476 ], [ 72.8311139, 18.9315938 ], [ 72.831137, 18.931535 ], [ 72.8311459, 18.9311131 ], [ 72.8307709, 18.9311097 ] ] ] } },
{ "type": "Feature", "properties": { "name": "Building (Unlabeled)", "building": "yes", "building:levels": null, "height": null, "addr:street": null }, "geometry": { "type": "Polygon", "coordinates": [ [ [ 72.8326979, 18.9305345 ], [ 72.8327139, 18.9302874 ], [ 72.8327334, 18.9302638 ], [ 72.8330657, 18.9302806 ], [ 72.8330497, 18.930521 ], [ 72.8329893, 18.930521 ], [ 72.8329893, 18.9304857 ], [ 72.8328294, 18.930479 ], [ 72.8328292, 18.9305391 ], [ 72.8326979, 18.9305345 ] ] ] } },
{ "type": "Feature", "properties": { "name": "Building (Unlabeled)", "building": "yes", "building:levels": null, "height": null, "addr:street": null }, "geometry": { "type": "Polygon", "coordinates": [ [ [ 72.8331788, 18.9308364 ], [ 72.8330131, 18.9308485 ], [ 72.8330021, 18.9307147 ], [ 72.8326986, 18.9307369 ], [ 72.8326865, 18.9305884 ], [ 72.8328252, 18.9305783 ], [ 72.8330214, 18.9305639 ], [ 72.8330296, 18.930664 ], [ 72.8331639, 18.9306542 ], [ 72.8331788, 18.9308364 ] ] ] } },
{ "type": "Feature", "properties": { "name": "Chhatrapati Shivaji Maharaj Vastu Sangrahalaya", "building": "yes", "building:levels": "3", "height": null, "addr:street": "Mahatma Gandhi Road" }, "geometry": { "type": "Polygon", "coordinates": [ [ [ 72.8323161, 18.9270381 ], [ 72.8324306, 18.9271702 ], [ 72.8326125, 18.9270291 ], [ 72.8326892, 18.9271176 ], [ 72.8328782, 18.926971 ], [ 72.8328015, 18.9268825 ], [ 72.8330018, 18.9267273 ], [ 72.8329246, 18.9266383 ], [ 72.8328872, 18.9265951 ], [ 72.8326867, 18.9267506 ], [ 72.8326379, 18.9266943 ], [ 72.8325922, 18.9267298 ], [ 72.8325607, 18.9266935 ], [ 72.8324908, 18.9267477 ], [ 72.8325222, 18.926784 ], [ 72.8324729, 18.9268222 ], [ 72.8325218, 18.9268786 ], [ 72.8323161, 18.9270381 ] ] ] } },
{ "type": "Feature", "properties": { "name": "Jehangir Art Gallery", "building": "commercial", "building:levels": null, "height": null, "addr:street": "Mahatma Gandhi Road" }, "geometry": { "type": "Polygon", "coordinates": [ [ [ 72.8317943, 18.9275912 ], [ 72.8316955, 18.9275392 ], [ 72.8315993, 18.9274662 ], [ 72.8315613, 18.9274229 ], [ 72.8315472, 18.9273743 ], [ 72.8315444, 18.9273145 ], [ 72.8315472, 18.9269781 ], [ 72.8316652, 18.9269807 ], [ 72.8316625, 18.9272899 ], [ 72.8318328, 18.9274119 ], [ 72.8318832, 18.9274886 ], [ 72.8318911, 18.9275537 ], [ 72.8318685, 18.9275873 ], [ 72.8317943, 18.9275912 ] ] ] } },
{ "type": "Feature", "properties": { "name": "मुंबई शहर दिवाणी व सत्र न्यायालय", "building": "yes", "building:levels": null, "height": null, "addr:street": null }, "geometry": { "type": "Polygon", "coordinates": [ [ [ 72.8301844, 18.9270007 ], [ 72.8305818, 18.9270091 ], [ 72.8305779, 18.9271733 ], [ 72.8303417, 18.9271683 ], [ 72.83034, 18.9272432 ], [ 72.830386, 18.9272442 ], [ 72.830374, 18.927752 ], [ 72.8303349, 18.9277512 ], [ 72.8303322, 18.9278649 ], [ 72.8303713, 18.9278658 ], [ 72.8303685, 18.9279826 ], [ 72.8303225, 18.9279816 ], [ 72.8303205, 18.9280646 ], [ 72.8305567, 18.9280696 ], [ 72.8305527, 18.9282379 ], [ 72.8301552, 18.9282295 ], [ 72.8301683, 18.9276804 ], [ 72.8300617, 18.927676 ], [ 72.830064, 18.9275798 ], [ 72.8301706, 18.927583 ], [ 72.8301844, 18.9270007 ] ] ] } },
{ "type": "Feature", "properties": { "name": "Building (Unlabeled)", "building": "yes", "building:levels": "3", "height": null, "addr:street": null }, "geometry": { "type": "Polygon", "coordinates": [ [ [ 72.8298911, 18.9266587 ], [ 72.8308231, 18.9266715 ], [ 72.8308328, 18.9265209 ], [ 72.8300445, 18.9265025 ], [ 72.8300639, 18.9263556 ], [ 72.8301435, 18.926227 ], [ 72.8302542, 18.9261333 ], [ 72.8303222, 18.9260874 ], [ 72.8311396, 18.9259111 ], [ 72.8311746, 18.9259699 ], [ 72.831227, 18.9260048 ], [ 72.8310173, 18.9264915 ], [ 72.8310134, 18.9266587 ], [ 72.8311008, 18.9266348 ], [ 72.8311513, 18.9265889 ], [ 72.8311804, 18.9265025 ], [ 72.8313678, 18.9260828 ], [ 72.8314118, 18.9260968 ], [ 72.8314424, 18.9260454 ], [ 72.8313948, 18.9260188 ], [ 72.8314153, 18.9260093 ], [ 72.8314537, 18.9259295 ], [ 72.8314556, 18.9258716 ], [ 72.8314154, 18.9258008 ], [ 72.8313474, 18.9257495 ], [ 72.8312717, 18.9257384 ], [ 72.8311901, 18.9257715 ], [ 72.8311668, 18.9257991 ], [ 72.831159, 18.9257586 ], [ 72.8304348, 18.9259166 ], [ 72.830262, 18.925968 ], [ 72.8301319, 18.9260525 ], [ 72.8300445, 18.9261462 ], [ 72.8299688, 18.9262527 ], [ 72.8299163, 18.9263666 ], [ 72.8298892, 18.9265044 ], [ 72.8298911, 18.9266587 ] ] ] } },
{ "type": "Feature", "properties": { "name": "Building (Unlabeled)", "building": "yes", "building:levels": null, "height": null, "addr:street": null }, "geometry": { "type": "Polygon", "coordinates": [ [ [ 72.8308173, 18.9263813 ], [ 72.8309327, 18.9263791 ], [ 72.8309269, 18.9261073 ], [ 72.8308115, 18.9261095 ], [ 72.8308173, 18.9263813 ] ] ] } },
{ "type": "Feature", "properties": { "name": "Building (Unlabeled)", "building": "yes", "building:levels": null, "height": null, "addr:street": null }, "geometry": { "type": "Polygon", "coordinates": [ [ [ 72.8310406, 18.9278215 ], [ 72.8310399, 18.927627 ], [ 72.8311881, 18.9276265 ], [ 72.8311889, 18.927821 ], [ 72.8310406, 18.9278215 ] ] ] } },
{ "type": "Feature", "properties": { "name": "Building (Unlabeled)", "building": "yes", "building:levels": null, "height": null, "addr:street": null }, "geometry": { "type": "Polygon", "coordinates": [ [ [ 72.8304833, 18.9267927 ], [ 72.8304821, 18.9269168 ], [ 72.8298724, 18.9269113 ], [ 72.8298736, 18.9267872 ], [ 72.8304833, 18.9267927 ] ] ] } },
{ "type": "Feature", "properties": { "name": "Building (Unlabeled)", "building": "yes", "building:levels": null, "height": null, "addr:street": null }, "geometry": { "type": "Polygon", "coordinates": [ [ [ 72.8319659, 18.9275548 ], [ 72.8318859, 18.9274443 ], [ 72.8321344, 18.9272833 ], [ 72.8322145, 18.9273938 ], [ 72.8319659, 18.9275548 ] ] ] } },
{ "type": "Feature", "properties": { "name": "Building (Unlabeled)", "building": "yes", "building:levels": null, "height": null, "addr:street": null }, "geometry": { "type": "Polygon", "coordinates": [ [ [ 72.830427, 18.9279609 ], [ 72.8305368, 18.9279626 ], [ 72.8305484, 18.9272793 ], [ 72.8304387, 18.9272776 ], [ 72.830427, 18.9279609 ] ] ] } },
{ "type": "Feature", "properties": { "name": "Building (Unlabeled)", "building": "yes", "building:levels": null, "height": null, "addr:street": null }, "geometry": { "type": "Polygon", "coordinates": [ [ [ 72.8303571, 18.9261572 ], [ 72.8304645, 18.926127 ], [ 72.8305441, 18.9263805 ], [ 72.8304367, 18.9264107 ], [ 72.8303571, 18.9261572 ] ] ] } },
{ "type": "Feature", "properties": { "name": "Building (Unlabeled)", "building": "yes", "building:levels": null, "height": null, "addr:street": null }, "geometry": { "type": "Polygon", "coordinates": [ [ [ 72.8312037, 18.9281492 ], [ 72.8312047, 18.9284067 ], [ 72.8306571, 18.9284085 ], [ 72.8306561, 18.928151 ], [ 72.8308018, 18.9281505 ], [ 72.8311901, 18.9281492 ], [ 72.8312037, 18.9281492 ] ] ] } },
{ "type": "Feature", "properties": { "name": "Building (Unlabeled)", "building": "yes", "building:levels": null, "height": null, "addr:street": null }, "geometry": { "type": "Polygon", "coordinates": [ [ [ 72.8329758, 18.926483 ], [ 72.8328693, 18.9265589 ], [ 72.8329006, 18.9265982 ], [ 72.8329648, 18.9265524 ], [ 72.8329888, 18.9265825 ], [ 72.833031, 18.9265524 ], [ 72.8329758, 18.926483 ] ] ] } },
{ "type": "Feature", "properties": { "name": "Army And Navy Building", "building": "retail", "building:levels": null, "height": null, "addr:street": null }, "geometry": { "type": "Polygon", "coordinates": [ [ [ 72.8308018, 18.9281505 ], [ 72.8308015, 18.928084 ], [ 72.8306622, 18.9280844 ], [ 72.8306612, 18.9278228 ], [ 72.8310406, 18.9278215 ], [ 72.8311889, 18.927821 ], [ 72.8311901, 18.9281492 ], [ 72.8308018, 18.9281505 ] ] ] } },
{ "type": "Feature", "properties": { "name": "एल्फिन्स्टन कॉलेज", "building": "yes", "building:levels": null, "height": null, "addr:street": null }, "geometry": { "type": "Polygon", "coordinates": [ [ [ 72.8306658, 18.9274576 ], [ 72.8308698, 18.9274561 ], [ 72.8308649, 18.9268832 ], [ 72.8309833, 18.9268823 ], [ 72.8309882, 18.9274552 ], [ 72.8312091, 18.9274535 ], [ 72.8312033, 18.9267721 ], [ 72.83066, 18.9267762 ], [ 72.8306658, 18.9274576 ] ] ] } },
{ "type": "Feature", "properties": { "name": "Hornbill House", "building": "commercial", "building:levels": null, "height": null, "addr:street": "Shahid Bhagat Singh Road" }, "geometry": { "type": "Polygon", "coordinates": [ [ [ 72.8329993, 18.9264858 ], [ 72.8330523, 18.9265481 ], [ 72.8331663, 18.9266819 ], [ 72.8334667, 18.926453 ], [ 72.8334012, 18.9263761 ], [ 72.8332991, 18.9262563 ], [ 72.8332337, 18.9261795 ], [ 72.8331696, 18.9262283 ], [ 72.8332355, 18.9263057 ], [ 72.8329993, 18.9264858 ] ] ] } },
{ "type": "Feature", "properties": { "name": "Building (Unlabeled)", "building": "yes", "building:levels": "2", "height": null, "addr:street": null }, "geometry": { "type": "Polygon", "coordinates": [ [ [ 72.8317532, 18.9313244 ], [ 72.8316853, 18.9313299 ], [ 72.8315571, 18.9308725 ], [ 72.8318406, 18.9308744 ], [ 72.8317532, 18.9313244 ] ] ] } },
{ "type": "Feature", "properties": { "name": "Building (Unlabeled)", "building": "yes", "building:levels": "6", "height": null, "addr:street": null }, "geometry": { "type": "Polygon", "coordinates": [ [ [ 72.8315598, 18.930852 ], [ 72.831554, 18.9305012 ], [ 72.8316394, 18.9304185 ], [ 72.8319307, 18.9304461 ], [ 72.8318414, 18.9308685 ], [ 72.8315598, 18.930852 ] ] ] } },
{ "type": "Feature", "properties": { "name": "Building (Unlabeled)", "building": "stadium", "building:levels": null, "height": null, "addr:street": null }, "geometry": { "type": "Polygon", "coordinates": [ [ [ 72.8252332, 18.9313437 ], [ 72.825296, 18.9312622 ], [ 72.8255401, 18.9314648 ], [ 72.8258778, 18.9322306 ], [ 72.8258944, 18.932502 ], [ 72.8258746, 18.9325723 ], [ 72.8256943, 18.9325321 ], [ 72.8256201, 18.9325121 ], [ 72.8256174, 18.9323114 ], [ 72.8255113, 18.9320606 ], [ 72.8252992, 18.9315766 ], [ 72.8251544, 18.9314838 ], [ 72.8252332, 18.9313437 ] ] ] } },
{ "type": "Feature", "properties": { "name": "CCI Club", "building": "yes", "building:levels": null, "height": null, "addr:street": "Dinshaw Wachha Road" }, "geometry": { "type": "Polygon", "coordinates": [ [ [ 72.8241252, 18.9314104 ], [ 72.8247248, 18.9311946 ], [ 72.8246903, 18.9311083 ], [ 72.8248919, 18.9310303 ], [ 72.824982, 18.9312661 ], [ 72.825164, 18.9313233 ], [ 72.8250924, 18.9314938 ], [ 72.8249678, 18.9314637 ], [ 72.8248193, 18.9314788 ], [ 72.8242572, 18.9317045 ], [ 72.8241538, 18.9317722 ], [ 72.8240928, 18.93186 ], [ 72.8239549, 18.9317772 ], [ 72.8240902, 18.9316242 ], [ 72.8241459, 18.9316694 ], [ 72.8242174, 18.9316167 ], [ 72.8241252, 18.9314104 ] ] ] } },
{ "type": "Feature", "properties": { "name": "Maker Chambers-IV", "building": "commercial", "building:levels": "14", "height": null, "addr:street": "Jamnalal Bajaj Marg" }, "geometry": { "type": "Polygon", "coordinates": [ [ [ 72.8226154, 18.9246052 ], [ 72.8225856, 18.9247699 ], [ 72.8227842, 18.9247896 ], [ 72.8227922, 18.924717 ], [ 72.8228735, 18.9246579 ], [ 72.8229594, 18.9245953 ], [ 72.8230477, 18.924531 ], [ 72.8231226, 18.9245382 ], [ 72.823144, 18.9243386 ], [ 72.8229426, 18.9243192 ], [ 72.8229348, 18.9243919 ], [ 72.8226793, 18.9245803 ], [ 72.8226154, 18.9246052 ] ] ] } },
{ "type": "Feature", "properties": { "name": "Maker Chambers III", "building": "commercial", "building:levels": "14", "height": null, "addr:street": "Jamnalal Bajaj Marg" }, "geometry": { "type": "Polygon", "coordinates": [ [ [ 72.8228513, 18.9248856 ], [ 72.8228295, 18.9250824 ], [ 72.8230282, 18.925102 ], [ 72.8230362, 18.9250295 ], [ 72.8231862, 18.9249203 ], [ 72.8232917, 18.9248435 ], [ 72.8233665, 18.9248507 ], [ 72.823388, 18.9246511 ], [ 72.8231866, 18.9246317 ], [ 72.8231787, 18.9247044 ], [ 72.8230894, 18.924771 ], [ 72.8230614, 18.9247914 ], [ 72.8230035, 18.9248336 ], [ 72.8229232, 18.9248927 ], [ 72.8228513, 18.9248856 ] ] ] } },
{ "type": "Feature", "properties": { "name": "Building (Unlabeled)", "building": "apartments", "building:levels": null, "height": null, "addr:street": null }, "geometry": { "type": "Polygon", "coordinates": [ [ [ 72.8231927, 18.9307899 ], [ 72.8233338, 18.9307222 ], [ 72.8232325, 18.9305332 ], [ 72.8230914, 18.9306008 ], [ 72.8231927, 18.9307899 ] ] ] } },
{ "type": "Feature", "properties": { "name": "Oceana", "building": "apartments", "building:levels": "6", "height": null, "addr:street": null }, "geometry": { "type": "Polygon", "coordinates": [ [ [ 72.8230287, 18.930628 ], [ 72.8231451, 18.9308295 ], [ 72.8229159, 18.9309479 ], [ 72.8227995, 18.9307465 ], [ 72.8230287, 18.930628 ] ] ] } },
{ "type": "Feature", "properties": { "name": "Tulisani Chambers", "building": "commercial", "building:levels": "11", "height": null, "addr:street": "Free Press Marg, Nariman Point" }, "geometry": { "type": "Polygon", "coordinates": [ [ [ 72.824025, 18.9240939 ], [ 72.8239931, 18.9240557 ], [ 72.8236493, 18.9243121 ], [ 72.8236812, 18.9243503 ], [ 72.8236447, 18.9243775 ], [ 72.8235941, 18.9243168 ], [ 72.8235141, 18.9243765 ], [ 72.8235647, 18.9244372 ], [ 72.8236393, 18.9245267 ], [ 72.8236887, 18.924586 ], [ 72.8237687, 18.9245263 ], [ 72.8237193, 18.9244671 ], [ 72.8237558, 18.9244398 ], [ 72.8237919, 18.9244832 ], [ 72.823944, 18.9243698 ], [ 72.8241357, 18.9242268 ], [ 72.8240996, 18.9241834 ], [ 72.8241383, 18.9241546 ], [ 72.8241877, 18.9242139 ], [ 72.8242654, 18.9241559 ], [ 72.824216, 18.9240966 ], [ 72.8241414, 18.9240071 ], [ 72.8240908, 18.9239464 ], [ 72.8240131, 18.9240044 ], [ 72.8240637, 18.9240651 ], [ 72.824025, 18.9240939 ] ] ] } },
{ "type": "Feature", "properties": { "name": "Dalamal Towers", "building": "commercial", "building:levels": "13", "height": null, "addr:street": "Free Press Journal Marg, Nariman Point," }, "geometry": { "type": "Polygon", "coordinates": [ [ [ 72.8246152, 18.9244887 ], [ 72.8244859, 18.9243336 ], [ 72.8239071, 18.9247652 ], [ 72.8238771, 18.9247875 ], [ 72.8239875, 18.92492 ], [ 72.8240174, 18.9248977 ], [ 72.8240363, 18.9249203 ], [ 72.8246152, 18.9244887 ] ] ] } },
{ "type": "Feature", "properties": { "name": "Building (Unlabeled)", "building": "apartments", "building:levels": null, "height": null, "addr:street": null }, "geometry": { "type": "Polygon", "coordinates": [ [ [ 72.822764, 18.9292955 ], [ 72.8230518, 18.9291216 ], [ 72.8232024, 18.9292552 ], [ 72.8229306, 18.9295602 ], [ 72.822764, 18.9292955 ] ] ] } },
{ "type": "Feature", "properties": { "name": "Building (Unlabeled)", "building": "apartments", "building:levels": null, "height": null, "addr:street": null }, "geometry": { "type": "Polygon", "coordinates": [ [ [ 72.8236621, 18.9298539 ], [ 72.8235823, 18.9299 ], [ 72.8236996, 18.9300815 ], [ 72.8237793, 18.9300354 ], [ 72.8236621, 18.9298539 ] ] ] } },
{ "type": "Feature", "properties": { "name": "Building (Unlabeled)", "building": "apartments", "building:levels": null, "height": null, "addr:street": null }, "geometry": { "type": "Polygon", "coordinates": [ [ [ 72.8241818, 18.9301942 ], [ 72.8242764, 18.9303415 ], [ 72.8244123, 18.9302633 ], [ 72.8243177, 18.930116 ], [ 72.8241818, 18.9301942 ] ] ] } },
{ "type": "Feature", "properties": { "name": "Free Press House", "building": "commercial", "building:levels": "12", "height": null, "addr:street": "Free Press Journal Marg, Nariman Point" }, "geometry": { "type": "Polygon", "coordinates": [ [ [ 72.8232979, 18.9229434 ], [ 72.8234673, 18.9231155 ], [ 72.8228686, 18.9235549 ], [ 72.8227039, 18.9233541 ], [ 72.8232979, 18.9229434 ] ] ] } },
{ "type": "Feature", "properties": { "name": "Raheja Centre", "building": "apartments", "building:levels": "13", "height": null, "addr:street": "Free Press Journal Marg, Nariman Point" }, "geometry": { "type": "Polygon", "coordinates": [ [ [ 72.8230138, 18.9236711 ], [ 72.8231536, 18.9238415 ], [ 72.8237183, 18.9234269 ], [ 72.8235785, 18.9232565 ], [ 72.8230138, 18.9236711 ] ] ] } },
{ "type": "Feature", "properties": { "name": "Building (Unlabeled)", "building": "commercial", "building:levels": null, "height": null, "addr:street": null }, "geometry": { "type": "Polygon", "coordinates": [ [ [ 72.8238355, 18.9238975 ], [ 72.8239609, 18.9238032 ], [ 72.8238241, 18.9236403 ], [ 72.8236866, 18.9237437 ], [ 72.8236725, 18.9237269 ], [ 72.823612, 18.9237724 ], [ 72.823626, 18.9237891 ], [ 72.8234708, 18.9239058 ], [ 72.8234567, 18.9238891 ], [ 72.8234087, 18.9239252 ], [ 72.8234227, 18.9239419 ], [ 72.8233091, 18.9240272 ], [ 72.8233202, 18.9240405 ], [ 72.8232888, 18.9240641 ], [ 72.8233972, 18.9241931 ], [ 72.8234286, 18.9241695 ], [ 72.8234459, 18.9241902 ], [ 72.8235594, 18.9241049 ], [ 72.8235771, 18.9241259 ], [ 72.8236264, 18.9240889 ], [ 72.8236087, 18.9240679 ], [ 72.8237665, 18.9239493 ], [ 72.8237842, 18.9239704 ], [ 72.8238531, 18.9239185 ], [ 72.8238355, 18.9238975 ] ] ] } },
{ "type": "Feature", "properties": { "name": "Building (Unlabeled)", "building": "apartments", "building:levels": null, "height": null, "addr:street": null }, "geometry": { "type": "Polygon", "coordinates": [ [ [ 72.8227747, 18.9300984 ], [ 72.8226224, 18.9298385 ], [ 72.8228675, 18.92971 ], [ 72.8230198, 18.9299698 ], [ 72.8227747, 18.9300984 ] ] ] } },
{ "type": "Feature", "properties": { "name": "Building (Unlabeled)", "building": "apartments", "building:levels": null, "height": null, "addr:street": null }, "geometry": { "type": "Polygon", "coordinates": [ [ [ 72.8232567, 18.930142 ], [ 72.8234076, 18.9303869 ], [ 72.8236635, 18.9302457 ], [ 72.8235125, 18.9300009 ], [ 72.8232567, 18.930142 ] ] ] } },
{ "type": "Feature", "properties": { "name": "Building (Unlabeled)", "building": "apartments", "building:levels": null, "height": null, "addr:street": null }, "geometry": { "type": "Polygon", "coordinates": [ [ [ 72.8224807, 18.9295006 ], [ 72.8227196, 18.9293826 ], [ 72.8228755, 18.9296649 ], [ 72.8226366, 18.929783 ], [ 72.8224807, 18.9295006 ] ] ] } },
{ "type": "Feature", "properties": { "name": "Riviera", "building": "apartments", "building:levels": "6", "height": null, "addr:street": null }, "geometry": { "type": "Polygon", "coordinates": [ [ [ 72.8225108, 18.9297757 ], [ 72.8223587, 18.9295174 ], [ 72.8221706, 18.9296165 ], [ 72.8221409, 18.9296692 ], [ 72.8222763, 18.9298993 ], [ 72.8225108, 18.9297757 ] ] ] } },
{ "type": "Feature", "properties": { "name": "Shalimar", "building": "apartments", "building:levels": "6", "height": null, "addr:street": null }, "geometry": { "type": "Polygon", "coordinates": [ [ [ 72.8225535, 18.9298715 ], [ 72.8227004, 18.9301274 ], [ 72.8224985, 18.9302312 ], [ 72.8224381, 18.9302041 ], [ 72.8223122, 18.9299932 ], [ 72.8225535, 18.9298715 ] ] ] } },
{ "type": "Feature", "properties": { "name": "Thakur Niwas", "building": "apartments", "building:levels": null, "height": null, "addr:street": null }, "geometry": { "type": "Polygon", "coordinates": [ [ [ 72.8245029, 18.9293677 ], [ 72.8246828, 18.9293021 ], [ 72.824796, 18.9293198 ], [ 72.8249466, 18.9294824 ], [ 72.8246748, 18.9296639 ], [ 72.8245682, 18.9294206 ], [ 72.8245362, 18.9294269 ], [ 72.8245029, 18.9293677 ] ] ] } },
{ "type": "Feature", "properties": { "name": "Building (Unlabeled)", "building": "apartments", "building:levels": null, "height": null, "addr:street": null }, "geometry": { "type": "Polygon", "coordinates": [ [ [ 72.8229364, 18.930316 ], [ 72.8230836, 18.9305631 ], [ 72.8231727, 18.9305156 ], [ 72.8230968, 18.9303881 ], [ 72.8231457, 18.930362 ], [ 72.8232217, 18.9304896 ], [ 72.8233154, 18.9304396 ], [ 72.8231683, 18.9301925 ], [ 72.8229364, 18.930316 ] ] ] } },
{ "type": "Feature", "properties": { "name": "Building (Unlabeled)", "building": "apartments", "building:levels": null, "height": null, "addr:street": null }, "geometry": { "type": "Polygon", "coordinates": [ [ [ 72.8216162, 18.9263723 ], [ 72.8218672, 18.926664 ], [ 72.8222208, 18.9263918 ], [ 72.8219715, 18.926102 ], [ 72.8218005, 18.9262337 ], [ 72.8218387, 18.9262782 ], [ 72.8218749, 18.9263201 ], [ 72.821854, 18.9263362 ], [ 72.8218177, 18.9262939 ], [ 72.821778, 18.9262478 ], [ 72.8216162, 18.9263723 ] ] ] } },
{ "type": "Feature", "properties": { "name": "Nirmal", "building": "apartments", "building:levels": "21", "height": null, "addr:street": "Barrister Rajni Patel Road" }, "geometry": { "type": "Polygon", "coordinates": [ [ [ 72.8220843, 18.9273204 ], [ 72.8220754, 18.9273153 ], [ 72.8219737, 18.9274733 ], [ 72.8219956, 18.9275485 ], [ 72.822098, 18.9276074 ], [ 72.8221793, 18.9275917 ], [ 72.8222279, 18.9275756 ], [ 72.8224347, 18.9272542 ], [ 72.8224273, 18.9272063 ], [ 72.8224063, 18.9271283 ], [ 72.822304, 18.9270693 ], [ 72.8222135, 18.9270832 ], [ 72.8221228, 18.9272242 ], [ 72.8221399, 18.927234 ], [ 72.8220843, 18.9273204 ] ] ] } },
{ "type": "Feature", "properties": { "name": "CR2 Mall", "building": "apartments", "building:levels": "10", "height": null, "addr:street": "Barrister Rajni Patel Road" }, "geometry": { "type": "Polygon", "coordinates": [ [ [ 72.8223307, 18.926922 ], [ 72.8224994, 18.9270408 ], [ 72.8229817, 18.926472 ], [ 72.8228234, 18.9263542 ], [ 72.8225545, 18.9266138 ], [ 72.8223307, 18.926922 ] ] ] } },
{ "type": "Feature", "properties": { "name": "Mafatlal Bhavan", "building": "apartments", "building:levels": "12", "height": null, "addr:street": "Vidhan Bhavan Road" }, "geometry": { "type": "Polygon", "coordinates": [ [ [ 72.8224308, 18.9276501 ], [ 72.822671, 18.9277727 ], [ 72.8229185, 18.9273587 ], [ 72.8227046, 18.9272361 ], [ 72.8224308, 18.9276501 ] ] ] } },
{ "type": "Feature", "properties": { "name": "Bank House", "building": "government", "building:levels": null, "height": null, "addr:street": null }, "geometry": { "type": "Polygon", "coordinates": [ [ [ 72.8255642, 18.928564 ], [ 72.8256375, 18.9285979 ], [ 72.8256489, 18.9285758 ], [ 72.8257341, 18.9286151 ], [ 72.8257888, 18.928509 ], [ 72.8257428, 18.9284877 ], [ 72.8257574, 18.9284594 ], [ 72.8258297, 18.9284927 ], [ 72.8257603, 18.9286272 ], [ 72.8258887, 18.9286864 ], [ 72.8260119, 18.9284173 ], [ 72.825681, 18.9283495 ], [ 72.8255642, 18.928564 ] ] ] } },
{ "type": "Feature", "properties": { "name": "Rajesh Mansion", "building": "apartments", "building:levels": null, "height": null, "addr:street": null }, "geometry": { "type": "Polygon", "coordinates": [ [ [ 72.8278171, 18.930023 ], [ 72.8279031, 18.9300233 ], [ 72.8279045, 18.9299738 ], [ 72.8279369, 18.9299725 ], [ 72.8279576, 18.9299871 ], [ 72.8279739, 18.9299884 ], [ 72.8279766, 18.9300101 ], [ 72.8279939, 18.9300142 ], [ 72.8280001, 18.9300437 ], [ 72.828095, 18.9300392 ], [ 72.8280883, 18.9298029 ], [ 72.827979, 18.9297412 ], [ 72.8278166, 18.9297986 ], [ 72.8278171, 18.930023 ] ] ] } },
{ "type": "Feature", "properties": { "name": "Shalaka Building", "building": "apartments", "building:levels": null, "height": null, "addr:street": null }, "geometry": { "type": "Polygon", "coordinates": [ [ [ 72.8275672, 18.924454 ], [ 72.8276335, 18.9244531 ], [ 72.8276331, 18.9244245 ], [ 72.8277743, 18.9244226 ], [ 72.8277747, 18.9244513 ], [ 72.827826, 18.9244506 ], [ 72.8278222, 18.9241907 ], [ 72.8277621, 18.9241915 ], [ 72.8277626, 18.9242204 ], [ 72.8276997, 18.9242212 ], [ 72.8277001, 18.924251 ], [ 72.8276199, 18.924252 ], [ 72.827619, 18.9241934 ], [ 72.8275633, 18.9241941 ], [ 72.8275672, 18.924454 ] ] ] } },
{ "type": "Feature", "properties": { "name": "Advent Apartments", "building": "apartments", "building:levels": "8", "height": null, "addr:street": null }, "geometry": { "type": "Polygon", "coordinates": [ [ [ 72.8264572, 18.9247578 ], [ 72.8264933, 18.9243053 ], [ 72.8263596, 18.9242957 ], [ 72.8263236, 18.9247483 ], [ 72.8264572, 18.9247578 ] ] ] } },
{ "type": "Feature", "properties": { "name": "Sita Kunj", "building": "apartments", "building:levels": "6", "height": null, "addr:street": null }, "geometry": { "type": "Polygon", "coordinates": [ [ [ 72.8275844, 18.9256413 ], [ 72.8279132, 18.9256349 ], [ 72.827909, 18.9254408 ], [ 72.8275801, 18.9254472 ], [ 72.8275844, 18.9256413 ] ] ] } },
{ "type": "Feature", "properties": { "name": "Building (Unlabeled)", "building": "apartments", "building:levels": null, "height": null, "addr:street": null }, "geometry": { "type": "Polygon", "coordinates": [ [ [ 72.8277549, 18.9268967 ], [ 72.8279992, 18.926892 ], [ 72.8279941, 18.9266568 ], [ 72.8277498, 18.9266616 ], [ 72.8277549, 18.9268967 ] ] ] } },
{ "type": "Feature", "properties": { "name": "Firuz - Ara Apartment Building", "building": "apartments", "building:levels": "6", "height": null, "addr:street": null }, "geometry": { "type": "Polygon", "coordinates": [ [ [ 72.8275762, 18.9262645 ], [ 72.8279335, 18.9262576 ], [ 72.827928, 18.9260049 ], [ 72.8275707, 18.9260119 ], [ 72.8275762, 18.9262645 ] ] ] } },
{ "type": "Feature", "properties": { "name": "Building (Unlabeled)", "building": "apartments", "building:levels": null, "height": null, "addr:street": null }, "geometry": { "type": "Polygon", "coordinates": [ [ [ 72.8274615, 18.9310294 ], [ 72.8276599, 18.9310314 ], [ 72.8276625, 18.9308096 ], [ 72.827464, 18.9308076 ], [ 72.8274615, 18.9310294 ] ] ] } },
{ "type": "Feature", "properties": { "name": "Ivanhoe", "building": "apartments", "building:levels": "6", "height": null, "addr:street": null }, "geometry": { "type": "Polygon", "coordinates": [ [ [ 72.8271401, 18.9259587 ], [ 72.8274695, 18.9259523 ], [ 72.8274648, 18.9257389 ], [ 72.8271355, 18.9257453 ], [ 72.8271401, 18.9259587 ] ] ] } },
{ "type": "Feature", "properties": { "name": "Nariman Building", "building": "apartments", "building:levels": "6", "height": null, "addr:street": null }, "geometry": { "type": "Polygon", "coordinates": [ [ [ 72.8275776, 18.9259471 ], [ 72.8279283, 18.9259403 ], [ 72.827924, 18.9257402 ], [ 72.8275732, 18.925747 ], [ 72.8275776, 18.9259471 ] ] ] } },
{ "type": "Feature", "properties": { "name": "Rajjab Mahal", "building": "apartments", "building:levels": null, "height": null, "addr:street": null }, "geometry": { "type": "Polygon", "coordinates": [ [ [ 72.8277854, 18.929154 ], [ 72.8280208, 18.9291564 ], [ 72.8280236, 18.9289105 ], [ 72.8277882, 18.9289081 ], [ 72.8277854, 18.929154 ] ] ] } },
{ "type": "Feature", "properties": { "name": "Building (Unlabeled)", "building": "apartments", "building:levels": null, "height": null, "addr:street": null }, "geometry": { "type": "Polygon", "coordinates": [ [ [ 72.8265029, 18.9317936 ], [ 72.8266607, 18.9319682 ], [ 72.8269134, 18.9317639 ], [ 72.8268045, 18.9316331 ], [ 72.8267142, 18.9316253 ], [ 72.8265029, 18.9317936 ] ] ] } },
{ "type": "Feature", "properties": { "name": "Building (Unlabeled)", "building": "apartments", "building:levels": null, "height": null, "addr:street": null }, "geometry": { "type": "Polygon", "coordinates": [ [ [ 72.8261495, 18.9313954 ], [ 72.8263027, 18.931572 ], [ 72.8265099, 18.9314135 ], [ 72.8265206, 18.9313937 ], [ 72.8265278, 18.9313738 ], [ 72.8265291, 18.931355 ], [ 72.826526, 18.9313362 ], [ 72.8264069, 18.9311955 ], [ 72.8261495, 18.9313954 ] ] ] } },
{ "type": "Feature", "properties": { "name": "K C College", "building": "yes", "building:levels": null, "height": null, "addr:street": "Dinshaw Wachha Road" }, "geometry": { "type": "Polygon", "coordinates": [ [ [ 72.8270578, 18.9297978 ], [ 72.8272864, 18.9296998 ], [ 72.827122, 18.9293567 ], [ 72.8268934, 18.9294547 ], [ 72.8270578, 18.9297978 ] ] ] } },
{ "type": "Feature", "properties": { "name": "Building (Unlabeled)", "building": "apartments", "building:levels": null, "height": null, "addr:street": null }, "geometry": { "type": "Polygon", "coordinates": [ [ [ 72.8277404, 18.9278476 ], [ 72.8279768, 18.927843 ], [ 72.8279719, 18.9276168 ], [ 72.8277355, 18.9276214 ], [ 72.8277404, 18.9278476 ] ] ] } },
{ "type": "Feature", "properties": { "name": "Shiv Shanti Bhuvan", "building": "apartments", "building:levels": null, "height": null, "addr:street": null }, "geometry": { "type": "Polygon", "coordinates": [ [ [ 72.8277652, 18.9288732 ], [ 72.828011, 18.9288758 ], [ 72.828014, 18.928617 ], [ 72.8277682, 18.9286145 ], [ 72.8277652, 18.9288732 ] ] ] } },
{ "type": "Feature", "properties": { "name": "Building (Unlabeled)", "building": "apartments", "building:levels": null, "height": null, "addr:street": null }, "geometry": { "type": "Polygon", "coordinates": [ [ [ 72.827716, 18.9271725 ], [ 72.8279657, 18.9271677 ], [ 72.827961, 18.9269499 ], [ 72.8277113, 18.9269548 ], [ 72.827716, 18.9271725 ] ] ] } },
{ "type": "Feature", "properties": { "name": "Building (Unlabeled)", "building": "apartments", "building:levels": null, "height": null, "addr:street": null }, "geometry": { "type": "Polygon", "coordinates": [ [ [ 72.8278393, 18.930791 ], [ 72.8281041, 18.9307938 ], [ 72.8281064, 18.9305948 ], [ 72.8278416, 18.930592 ], [ 72.8278393, 18.930791 ] ] ] } },
{ "type": "Feature", "properties": { "name": "Building (Unlabeled)", "building": "apartments", "building:levels": "6", "height": null, "addr:street": null }, "geometry": { "type": "Polygon", "coordinates": [ [ [ 72.8278425, 18.931223 ], [ 72.8281209, 18.9312259 ], [ 72.828123, 18.931044 ], [ 72.8278446, 18.9310411 ], [ 72.8278425, 18.931223 ] ] ] } },
{ "type": "Feature", "properties": { "name": "Ramon House", "building": "commercial", "building:levels": null, "height": null, "addr:street": null }, "geometry": { "type": "Polygon", "coordinates": [ [ [ 72.8262273, 18.9296691 ], [ 72.8264398, 18.9295425 ], [ 72.8262782, 18.9292997 ], [ 72.8260657, 18.9294262 ], [ 72.8262273, 18.9296691 ] ] ] } },
{ "type": "Feature", "properties": { "name": "MVM Banquets", "building": "apartments", "building:levels": null, "height": null, "addr:street": null }, "geometry": { "type": "Polygon", "coordinates": [ [ [ 72.8269705, 18.9232479 ], [ 72.8273446, 18.9232406 ], [ 72.8273386, 18.9229652 ], [ 72.8269645, 18.9229724 ], [ 72.8269705, 18.9232479 ] ] ] } },
{ "type": "Feature", "properties": { "name": "The Shipping Corporation of India Ltd.", "building": "yes", "building:levels": "16", "height": null, "addr:street": "Madame Cama Rd, Nariman Point" }, "geometry": { "type": "Polygon", "coordinates": [ [ [ 72.8256333, 18.9265675 ], [ 72.8257481, 18.9266433 ], [ 72.8260678, 18.9262098 ], [ 72.825953, 18.926134 ], [ 72.8256333, 18.9265675 ] ] ] } },
{ "type": "Feature", "properties": { "name": "Building (Unlabeled)", "building": "apartments", "building:levels": null, "height": null, "addr:street": null }, "geometry": { "type": "Polygon", "coordinates": [ [ [ 72.8278234, 18.9303149 ], [ 72.8280926, 18.9303177 ], [ 72.8280952, 18.9300868 ], [ 72.827826, 18.930084 ], [ 72.8278234, 18.9303149 ] ] ] } },
{ "type": "Feature", "properties": { "name": "Star Bazaar", "building": "retail", "building:levels": "1", "height": null, "addr:street": "Dinshaw Wachha Road" }, "geometry": { "type": "Polygon", "coordinates": [ [ [ 72.8264085, 18.9300496 ], [ 72.8266232, 18.9299563 ], [ 72.8264915, 18.9296851 ], [ 72.8262767, 18.9297785 ], [ 72.8264085, 18.9300496 ] ] ] } },
{ "type": "Feature", "properties": { "name": "H R College", "building": "yes", "building:levels": null, "height": null, "addr:street": null }, "geometry": { "type": "Polygon", "coordinates": [ [ [ 72.8267304, 18.9299327 ], [ 72.826962, 18.9298396 ], [ 72.8268235, 18.9295312 ], [ 72.8265919, 18.9296243 ], [ 72.8267304, 18.9299327 ] ] ] } },
{ "type": "Feature", "properties": { "name": "Mafatlal House", "building": "commercial", "building:levels": null, "height": null, "addr:street": null }, "geometry": { "type": "Polygon", "coordinates": [ [ [ 72.8269139, 18.9286591 ], [ 72.8267699, 18.9284393 ], [ 72.8265574, 18.9285639 ], [ 72.8267014, 18.9287837 ], [ 72.8269139, 18.9286591 ] ] ] } },
{ "type": "Feature", "properties": { "name": "Building (Unlabeled)", "building": "yes", "building:levels": null, "height": null, "addr:street": null }, "geometry": { "type": "Polygon", "coordinates": [ [ [ 72.82587, 18.9310601 ], [ 72.826096, 18.9313185 ], [ 72.8263621, 18.9311213 ], [ 72.8261933, 18.9309139 ], [ 72.82587, 18.9310601 ] ] ] } },
{ "type": "Feature", "properties": { "name": "New State Administration Building", "building": "yes", "building:levels": null, "height": null, "addr:street": null }, "geometry": { "type": "Polygon", "coordinates": [ [ [ 72.8260895, 18.9265476 ], [ 72.8260547, 18.9265165 ], [ 72.8259887, 18.9265823 ], [ 72.8260235, 18.9266135 ], [ 72.8260055, 18.9266314 ], [ 72.8258934, 18.9268058 ], [ 72.8259912, 18.9268903 ], [ 72.8261603, 18.9267702 ], [ 72.8261862, 18.9267934 ], [ 72.826285, 18.9266949 ], [ 72.8262591, 18.9266716 ], [ 72.8264023, 18.9264646 ], [ 72.8263046, 18.9263801 ], [ 72.8261043, 18.9265328 ], [ 72.8260895, 18.9265476 ] ] ] } },
{ "type": "Feature", "properties": { "name": "Building (Unlabeled)", "building": "apartments", "building:levels": null, "height": null, "addr:street": null }, "geometry": { "type": "Polygon", "coordinates": [ [ [ 72.8274669, 18.9307132 ], [ 72.8276883, 18.9307155 ], [ 72.827691, 18.9304807 ], [ 72.8274696, 18.9304784 ], [ 72.8274669, 18.9307132 ] ] ] } },
{ "type": "Feature", "properties": { "name": "Building (Unlabeled)", "building": "apartments", "building:levels": null, "height": null, "addr:street": null }, "geometry": { "type": "Polygon", "coordinates": [ [ [ 72.8274655, 18.930392 ], [ 72.8276926, 18.9303943 ], [ 72.8276951, 18.9301774 ], [ 72.827468, 18.9301751 ], [ 72.8274655, 18.930392 ] ] ] } },
{ "type": "Feature", "properties": { "name": "Building (Unlabeled)", "building": "apartments", "building:levels": null, "height": null, "addr:street": null }, "geometry": { "type": "Polygon", "coordinates": [ [ [ 72.8274628, 18.9313622 ], [ 72.8277134, 18.9313648 ], [ 72.8277161, 18.9311296 ], [ 72.8274655, 18.931127 ], [ 72.8274628, 18.9313622 ] ] ] } },
{ "type": "Feature", "properties": { "name": "Nariman Point Post Office", "building": "yes", "building:levels": null, "height": null, "addr:street": null }, "geometry": { "type": "Polygon", "coordinates": [ [ [ 72.8255866, 18.9229818 ], [ 72.8256717, 18.9230842 ], [ 72.8258238, 18.9229711 ], [ 72.8257387, 18.9228687 ], [ 72.8255866, 18.9229818 ] ] ] } },
{ "type": "Feature", "properties": { "name": "Sarang", "building": "apartments", "building:levels": "17", "height": null, "addr:street": null }, "geometry": { "type": "Polygon", "coordinates": [ [ [ 72.8264691, 18.9235777 ], [ 72.8264983, 18.9235736 ], [ 72.8264567, 18.9233085 ], [ 72.8263608, 18.9233219 ], [ 72.8264024, 18.9235871 ], [ 72.8264412, 18.9235816 ], [ 72.8264468, 18.9236179 ], [ 72.8263193, 18.9236358 ], [ 72.826328, 18.9236916 ], [ 72.826509, 18.9236662 ], [ 72.8265003, 18.9236104 ], [ 72.8264748, 18.923614 ], [ 72.8264691, 18.9235777 ] ] ] } },
{ "type": "Feature", "properties": { "name": "Horizon View Point", "building": "apartments", "building:levels": "6", "height": null, "addr:street": null }, "geometry": { "type": "Polygon", "coordinates": [ [ [ 72.8271211, 18.9256516 ], [ 72.8274512, 18.9256451 ], [ 72.8274471, 18.9254575 ], [ 72.827117, 18.9254639 ], [ 72.8271211, 18.9256516 ] ] ] } },
{ "type": "Feature", "properties": { "name": "Building (Unlabeled)", "building": "apartments", "building:levels": "6", "height": null, "addr:street": null }, "geometry": { "type": "Polygon", "coordinates": [ [ [ 72.8278519, 18.9316804 ], [ 72.8281309, 18.9316832 ], [ 72.8281334, 18.9314696 ], [ 72.8278544, 18.9314667 ], [ 72.8278519, 18.9316804 ] ] ] } },
{ "type": "Feature", "properties": { "name": "Buena Vista CHS", "building": "apartments", "building:levels": null, "height": null, "addr:street": null }, "geometry": { "type": "Polygon", "coordinates": [ [ [ 72.8271878, 18.9244364 ], [ 72.8273274, 18.9244315 ], [ 72.8273159, 18.9241389 ], [ 72.8271762, 18.9241438 ], [ 72.8271878, 18.9244364 ] ] ] } },
{ "type": "Feature", "properties": { "name": "the J", "building": "apartments", "building:levels": "1", "height": "100", "addr:street": "Dm road" }, "geometry": { "type": "Polygon", "coordinates": [ [ [ 72.8268634, 18.9304188 ], [ 72.8272322, 18.9304097 ], [ 72.8272259, 18.9301808 ], [ 72.8272229, 18.9300705 ], [ 72.8269928, 18.9301524 ], [ 72.8268271, 18.9302341 ], [ 72.8268634, 18.9304188 ] ] ] } },
{ "type": "Feature", "properties": { "name": "Building (Unlabeled)", "building": "apartments", "building:levels": null, "height": null, "addr:street": null }, "geometry": { "type": "Polygon", "coordinates": [ [ [ 72.825391, 18.9311894 ], [ 72.8255626, 18.9311285 ], [ 72.82543, 18.9307941 ], [ 72.8252584, 18.930855 ], [ 72.825391, 18.9311894 ] ] ] } },
{ "type": "Feature", "properties": { "name": "Building (Unlabeled)", "building": "apartments", "building:levels": "6", "height": null, "addr:street": null }, "geometry": { "type": "Polygon", "coordinates": [ [ [ 72.827846, 18.9314367 ], [ 72.8281378, 18.9314397 ], [ 72.8281399, 18.9312522 ], [ 72.8278482, 18.9312492 ], [ 72.827846, 18.9314367 ] ] ] } },
{ "type": "Feature", "properties": { "name": "Building (Unlabeled)", "building": "apartments", "building:levels": null, "height": null, "addr:street": null }, "geometry": { "type": "Polygon", "coordinates": [ [ [ 72.8277452, 18.9281511 ], [ 72.8279935, 18.9281463 ], [ 72.8279882, 18.9279021 ], [ 72.8277399, 18.927907 ], [ 72.8277452, 18.9281511 ] ] ] } },
{ "type": "Feature", "properties": { "name": "Building (Unlabeled)", "building": "apartments", "building:levels": null, "height": null, "addr:street": null }, "geometry": { "type": "Polygon", "coordinates": [ [ [ 72.8278335, 18.9305393 ], [ 72.8280791, 18.9305418 ], [ 72.8280813, 18.9303476 ], [ 72.8278357, 18.930345 ], [ 72.8278335, 18.9305393 ] ] ] } },
{ "type": "Feature", "properties": { "name": "Petroleum House Annex", "building": "commercial", "building:levels": "7", "height": "30", "addr:street": "Jamshedji Tata Road" }, "geometry": { "type": "Polygon", "coordinates": [ [ [ 72.8255276, 18.928851 ], [ 72.82565, 18.9289554 ], [ 72.8258008, 18.9287973 ], [ 72.8256784, 18.9286929 ], [ 72.8255276, 18.928851 ] ] ] } },
{ "type": "Feature", "properties": { "name": "Building (Unlabeled)", "building": "apartments", "building:levels": "6", "height": null, "addr:street": null }, "geometry": { "type": "Polygon", "coordinates": [ [ [ 72.8278331, 18.9310094 ], [ 72.8281106, 18.9310123 ], [ 72.8281127, 18.9308304 ], [ 72.8278352, 18.9308276 ], [ 72.8278331, 18.9310094 ] ] ] } },
{ "type": "Feature", "properties": { "name": "Building (Unlabeled)", "building": "apartments", "building:levels": null, "height": null, "addr:street": null }, "geometry": { "type": "Polygon", "coordinates": [ [ [ 72.8277538, 18.9274387 ], [ 72.8279716, 18.9274345 ], [ 72.8279661, 18.9271825 ], [ 72.8277484, 18.9271867 ], [ 72.8277538, 18.9274387 ] ] ] } },
{ "type": "Feature", "properties": { "name": "ICICI Centre", "building": "commercial", "building:levels": null, "height": null, "addr:street": null }, "geometry": { "type": "Polygon", "coordinates": [ [ [ 72.8271924, 18.9284766 ], [ 72.8270619, 18.9282697 ], [ 72.8268545, 18.9283867 ], [ 72.826985, 18.9285936 ], [ 72.8271924, 18.9284766 ] ] ] } },
{ "type": "Feature", "properties": { "name": "Building (Unlabeled)", "building": "apartments", "building:levels": null, "height": null, "addr:street": null }, "geometry": { "type": "Polygon", "coordinates": [ [ [ 72.8274737, 18.9316834 ], [ 72.8276945, 18.9316868 ], [ 72.8276986, 18.9314517 ], [ 72.8274778, 18.9314483 ], [ 72.8274737, 18.9316834 ] ] ] } },
{ "type": "Feature", "properties": { "name": "Y B Chavan Centre", "building": "commercial", "building:levels": null, "height": null, "addr:street": null }, "geometry": { "type": "Polygon", "coordinates": [ [ [ 72.8266484, 18.9253458 ], [ 72.8266395, 18.9249331 ], [ 72.8263487, 18.9249387 ], [ 72.8263576, 18.9253514 ], [ 72.8266484, 18.9253458 ] ] ] } },
{ "type": "Feature", "properties": { "name": "Building (Unlabeled)", "building": "apartments", "building:levels": null, "height": null, "addr:street": null }, "geometry": { "type": "Polygon", "coordinates": [ [ [ 72.8257306, 18.9297545 ], [ 72.825842, 18.929904 ], [ 72.8261055, 18.9297356 ], [ 72.8259493, 18.9295168 ], [ 72.8257564, 18.9296234 ], [ 72.8257377, 18.9296525 ], [ 72.8257306, 18.9296816 ], [ 72.8257264, 18.9297161 ], [ 72.8257306, 18.9297545 ] ] ] } },
{ "type": "Feature", "properties": { "name": "Building (Unlabeled)", "building": "apartments", "building:levels": null, "height": null, "addr:street": null }, "geometry": { "type": "Polygon", "coordinates": [ [ [ 72.8257794, 18.9310093 ], [ 72.8260837, 18.9308474 ], [ 72.8259351, 18.9306388 ], [ 72.8257794, 18.9306289 ], [ 72.8255411, 18.930721 ], [ 72.8257794, 18.9310093 ] ] ] } },
{ "type": "Feature", "properties": { "name": "Building (Unlabeled)", "building": "apartments", "building:levels": null, "height": null, "addr:street": null }, "geometry": { "type": "Polygon", "coordinates": [ [ [ 72.8264945, 18.9306333 ], [ 72.8267942, 18.930457 ], [ 72.8267328, 18.930279 ], [ 72.8263792, 18.9304025 ], [ 72.8263697, 18.9304916 ], [ 72.8264945, 18.9306333 ] ] ] } },
{ "type": "Feature", "properties": { "name": "Empress Court", "building": "apartments", "building:levels": null, "height": null, "addr:street": null }, "geometry": { "type": "Polygon", "coordinates": [ [ [ 72.8277887, 18.9294569 ], [ 72.8278118, 18.9295327 ], [ 72.8280066, 18.9294501 ], [ 72.8280468, 18.9293888 ], [ 72.8280365, 18.9291996 ], [ 72.8277833, 18.9292089 ], [ 72.8277887, 18.9294569 ] ] ] } },
{ "type": "Feature", "properties": { "name": "Building (Unlabeled)", "building": "apartments", "building:levels": null, "height": null, "addr:street": null }, "geometry": { "type": "Polygon", "coordinates": [ [ [ 72.8265793, 18.9307257 ], [ 72.8268069, 18.9309726 ], [ 72.8269943, 18.9308456 ], [ 72.8272199, 18.9308363 ], [ 72.8272229, 18.9305094 ], [ 72.8268541, 18.9305131 ], [ 72.8265793, 18.9307257 ] ] ] } },
{ "type": "Feature", "properties": { "name": "Broadcasting House", "building": "commercial", "building:levels": null, "height": null, "addr:street": null }, "geometry": { "type": "Polygon", "coordinates": [ [ [ 72.8262057, 18.9287952 ], [ 72.8258155, 18.9290189 ], [ 72.8259514, 18.9292309 ], [ 72.8264463, 18.9289472 ], [ 72.8262955, 18.9287461 ], [ 72.8261961, 18.9286564 ], [ 72.8262489, 18.9285517 ], [ 72.8260915, 18.9284817 ], [ 72.8259909, 18.9286847 ], [ 72.8261399, 18.9287445 ], [ 72.8262057, 18.9287952 ] ] ] } },
{ "type": "Feature", "properties": { "name": "Suruchi", "building": "apartments", "building:levels": null, "height": null, "addr:street": null }, "geometry": { "type": "Polygon", "coordinates": [ [ [ 72.8266525, 18.9256656 ], [ 72.8266391, 18.9254448 ], [ 72.8265231, 18.9254511 ], [ 72.8265274, 18.9255212 ], [ 72.8264803, 18.9255238 ], [ 72.8264855, 18.9256086 ], [ 72.8265325, 18.925606 ], [ 72.8265365, 18.9256719 ], [ 72.8266525, 18.9256656 ] ] ] } },
{ "type": "Feature", "properties": { "name": "Beacon", "building": "apartments", "building:levels": "6", "height": null, "addr:street": null }, "geometry": { "type": "Polygon", "coordinates": [ [ [ 72.827157, 18.9262449 ], [ 72.8272704, 18.9262439 ], [ 72.8272699, 18.9261944 ], [ 72.8273047, 18.9261599 ], [ 72.8274642, 18.9261584 ], [ 72.8274631, 18.9260495 ], [ 72.8271551, 18.9260523 ], [ 72.827157, 18.9262449 ] ] ] } },
{ "type": "Feature", "properties": { "name": "Sunita", "building": "apartments", "building:levels": "11", "height": null, "addr:street": "General Jagannath Bhosle Rd, Nariman Point" }, "geometry": { "type": "Polygon", "coordinates": [ [ [ 72.8263468, 18.9256973 ], [ 72.8263334, 18.9254772 ], [ 72.8262059, 18.9254841 ], [ 72.8262106, 18.9255615 ], [ 72.8261858, 18.9255628 ], [ 72.8261902, 18.9256341 ], [ 72.826215, 18.9256327 ], [ 72.8262193, 18.9257042 ], [ 72.8263468, 18.9256973 ] ] ] } },
{ "type": "Feature", "properties": { "name": "Bank of Baroda", "building": "commercial", "building:levels": "2", "height": "116", "addr:street": "Dinshaw Wachha Road" }, "geometry": { "type": "Polygon", "coordinates": [ [ [ 72.827373, 18.9296744 ], [ 72.8276113, 18.9295846 ], [ 72.8276004, 18.9292351 ], [ 72.8274694, 18.929269 ], [ 72.8274701, 18.9294039 ], [ 72.8273784, 18.9294155 ], [ 72.8273173, 18.9293005 ], [ 72.8272208, 18.92933 ], [ 72.827373, 18.9296744 ] ] ] } },
{ "type": "Feature", "properties": { "name": "Mandlik House", "building": "yes", "building:levels": null, "height": null, "addr:street": null }, "geometry": { "type": "Polygon", "coordinates": [ [ [ 72.8317241, 18.9222004 ], [ 72.8319156, 18.9221169 ], [ 72.8318441, 18.9219702 ], [ 72.8316526, 18.9220537 ], [ 72.8317241, 18.9222004 ] ] ] } },
{ "type": "Feature", "properties": { "name": "Balaji Bhuvan", "building": "apartments", "building:levels": "3", "height": null, "addr:street": null }, "geometry": { "type": "Polygon", "coordinates": [ [ [ 72.8313519, 18.922041 ], [ 72.8315679, 18.9219588 ], [ 72.831515, 18.9218346 ], [ 72.8312991, 18.9219168 ], [ 72.8313519, 18.922041 ] ] ] } },
{ "type": "Feature", "properties": { "name": "Hotel Moti International", "building": "yes", "building:levels": null, "height": null, "addr:street": null }, "geometry": { "type": "Polygon", "coordinates": [ [ [ 72.8316263, 18.9220051 ], [ 72.8318423, 18.9219305 ], [ 72.8317766, 18.9217601 ], [ 72.8315606, 18.9218346 ], [ 72.8316263, 18.9220051 ] ] ] } },
{ "type": "Feature", "properties": { "name": "Pattan Swasthya Bhavan", "building": "yes", "building:levels": "3", "height": null, "addr:street": null }, "geometry": { "type": "Polygon", "coordinates": [ [ [ 72.8320929, 18.9218455 ], [ 72.8319178, 18.9219075 ], [ 72.8319884, 18.9220861 ], [ 72.8321635, 18.9220241 ], [ 72.8320929, 18.9218455 ] ] ] } },
{ "type": "Feature", "properties": { "name": "Shah House", "building": "apartments", "building:levels": "3", "height": null, "addr:street": null }, "geometry": { "type": "Polygon", "coordinates": [ [ [ 72.8314715, 18.9223301 ], [ 72.8316521, 18.9222582 ], [ 72.8315989, 18.9221385 ], [ 72.8314182, 18.9222105 ], [ 72.8314715, 18.9223301 ] ] ] } },
{ "type": "Feature", "properties": { "name": "Rabro House", "building": "yes", "building:levels": "3", "height": null, "addr:street": null }, "geometry": { "type": "Polygon", "coordinates": [ [ [ 72.8314171, 18.9221862 ], [ 72.8316059, 18.9221169 ], [ 72.831558, 18.9220002 ], [ 72.8313692, 18.9220695 ], [ 72.8314171, 18.9221862 ] ] ] } },
{ "type": "Feature", "properties": { "name": "Wodehouse Apartment", "building": "apartments", "building:levels": "6", "height": null, "addr:street": "Nathalal Parikh Marg, Cusrow Baug Colony, Apollo Bandar, Colaba" }, "geometry": { "type": "Polygon", "coordinates": [ [ [ 72.8292187, 18.9222383 ], [ 72.829238, 18.9222832 ], [ 72.8291129, 18.9223313 ], [ 72.8291709, 18.9224665 ], [ 72.8293092, 18.9224134 ], [ 72.8292927, 18.9223751 ], [ 72.82939, 18.9223377 ], [ 72.8293291, 18.9221959 ], [ 72.8292187, 18.9222383 ] ] ] } },
{ "type": "Feature", "properties": { "name": "Bennett Villa", "building": "apartments", "building:levels": "12", "height": null, "addr:street": "Old Custom House Rd, Colaba" }, "geometry": { "type": "Polygon", "coordinates": [ [ [ 72.8292796, 18.9224801 ], [ 72.8293871, 18.9226513 ], [ 72.8294221, 18.9226317 ], [ 72.829427, 18.9226394 ], [ 72.8294584, 18.9226218 ], [ 72.8294642, 18.922631 ], [ 72.8295364, 18.9225904 ], [ 72.8293984, 18.9223706 ], [ 72.8293258, 18.9224115 ], [ 72.8293456, 18.922443 ], [ 72.8292796, 18.9224801 ] ] ] } },
{ "type": "Feature", "properties": { "name": "Nowroji Mansion", "building": "residential", "building:levels": "4", "height": null, "addr:street": "Nathalal M. Parikh Road" }, "geometry": { "type": "Polygon", "coordinates": [ [ [ 72.8288022, 18.9222656 ], [ 72.8289303, 18.9223611 ], [ 72.82898, 18.92232 ], [ 72.8292198, 18.9220461 ], [ 72.8291418, 18.9219232 ], [ 72.8291203, 18.9219047 ], [ 72.8290658, 18.9219614 ], [ 72.8290921, 18.9219737 ], [ 72.8288022, 18.9222656 ] ] ] } },
{ "type": "Feature", "properties": { "name": "Building (Unlabeled)", "building": "yes", "building:levels": null, "height": null, "addr:street": null }, "geometry": { "type": "Polygon", "coordinates": [ [ [ 72.8320731, 18.9222695 ], [ 72.8321173, 18.9223736 ], [ 72.8322176, 18.9223354 ], [ 72.8321735, 18.9222314 ], [ 72.8320731, 18.9222695 ] ] ] } },
{ "type": "Feature", "properties": { "name": "Florence House", "building": "commercial", "building:levels": "3", "height": null, "addr:street": "B K Boman Behram Marg, Apollo Bandar, Colaba" }, "geometry": { "type": "Polygon", "coordinates": [ [ [ 72.8323992, 18.9223744 ], [ 72.8324712, 18.9225379 ], [ 72.8326407, 18.9224711 ], [ 72.8327034, 18.9224464 ], [ 72.8326313, 18.9222829 ], [ 72.8323992, 18.9223744 ] ] ] } },
{ "type": "Feature", "properties": { "name": "Building (Unlabeled)", "building": "yes", "building:levels": null, "height": null, "addr:street": null }, "geometry": { "type": "Polygon", "coordinates": [ [ [ 72.8293139, 18.9220099 ], [ 72.8294551, 18.9219254 ], [ 72.8293861, 18.9218223 ], [ 72.8292449, 18.9219068 ], [ 72.8293139, 18.9220099 ] ] ] } },
{ "type": "Feature", "properties": { "name": "GM Best office", "building": "commercial", "building:levels": "15", "height": null, "addr:street": "BEST Marg, Cusrow Baug Colony, Apollo Bandar, Colaba" }, "geometry": { "type": "Polygon", "coordinates": [ [ [ 72.8294545, 18.9221205 ], [ 72.8296113, 18.9224168 ], [ 72.8297202, 18.9223652 ], [ 72.8296239, 18.9221831 ], [ 72.8297043, 18.922145 ], [ 72.8296277, 18.9220004 ], [ 72.8295697, 18.9220279 ], [ 72.8295858, 18.9220583 ], [ 72.8294545, 18.9221205 ] ] ] } },
{ "type": "Feature", "properties": { "name": "Building (Unlabeled)", "building": "yes", "building:levels": null, "height": null, "addr:street": null }, "geometry": { "type": "Polygon", "coordinates": [ [ [ 72.8320708, 18.9226693 ], [ 72.8323829, 18.9225421 ], [ 72.8323084, 18.9223785 ], [ 72.8319963, 18.9225057 ], [ 72.8320708, 18.9226693 ] ] ] } },
{ "type": "Feature", "properties": { "name": "Mathuradas Estate", "building": "hotel", "building:levels": null, "height": null, "addr:street": "Nanabhai Moos Marg (Upper Colaba Road)" }, "geometry": { "type": "Polygon", "coordinates": [ [ [ 72.8316037, 18.9226793 ], [ 72.8318522, 18.9225952 ], [ 72.8318068, 18.9224752 ], [ 72.8315583, 18.9225593 ], [ 72.8316037, 18.9226793 ] ] ] } },
{ "type": "Feature", "properties": { "name": "Candy House", "building": "apartments", "building:levels": "3", "height": null, "addr:street": "Mandlik Road" }, "geometry": { "type": "Polygon", "coordinates": [ [ [ 72.8321709, 18.9219229 ], [ 72.8322312, 18.9220482 ], [ 72.8324752, 18.9219468 ], [ 72.8324185, 18.9218206 ], [ 72.8321709, 18.9219229 ] ] ] } },
{ "type": "Feature", "properties": { "name": "Sunny House", "building": "commercial", "building:levels": "3", "height": null, "addr:street": "Mandlik Rd, Apollo Bandar, Colaba" }, "geometry": { "type": "Polygon", "coordinates": [ [ [ 72.8322644, 18.9221118 ], [ 72.8323364, 18.9222622 ], [ 72.832581, 18.9221573 ], [ 72.832509, 18.922007 ], [ 72.8322644, 18.9221118 ] ] ] } },
{ "type": "Feature", "properties": { "name": "Ram Nimi Building", "building": "commercial", "building:levels": "3", "height": null, "addr:street": "Mandlik Rd,Apollo Bandar" }, "geometry": { "type": "Polygon", "coordinates": [ [ [ 72.8317822, 18.9223611 ], [ 72.8318533, 18.9225056 ], [ 72.8320638, 18.9224129 ], [ 72.8319927, 18.9222684 ], [ 72.8317822, 18.9223611 ] ] ] } },
{ "type": "Feature", "properties": { "name": "Khubsons", "building": "hotel", "building:levels": null, "height": null, "addr:street": null }, "geometry": { "type": "Polygon", "coordinates": [ [ [ 72.8315092, 18.9224151 ], [ 72.8315628, 18.9225538 ], [ 72.8317896, 18.9224754 ], [ 72.831736, 18.9223366 ], [ 72.8315092, 18.9224151 ] ] ] } },
{ "type": "Feature", "properties": { "name": "Ram Mansion", "building": "commercial", "building:levels": "3", "height": null, "addr:street": "Navroji Furdunji Street, Colaba Causeway, Apollo Bandar" }, "geometry": { "type": "Polygon", "coordinates": [ [ [ 72.831973, 18.922486 ], [ 72.8318554, 18.9225329 ], [ 72.831949, 18.9227432 ], [ 72.8320667, 18.9226963 ], [ 72.831973, 18.922486 ] ] ] } },
{ "type": "Feature", "properties": { "name": "Vidhi Bhawan", "building": "apartments", "building:levels": null, "height": null, "addr:street": null }, "geometry": { "type": "Polygon", "coordinates": [ [ [ 72.8269353, 18.9224847 ], [ 72.8269844, 18.9224821 ], [ 72.8269827, 18.922454 ], [ 72.8270268, 18.9224517 ], [ 72.8270327, 18.922552 ], [ 72.8271291, 18.9225469 ], [ 72.8271237, 18.9224566 ], [ 72.8271588, 18.9224547 ], [ 72.8271599, 18.9224729 ], [ 72.827239, 18.9224687 ], [ 72.8272306, 18.9223262 ], [ 72.8269269, 18.9223422 ], [ 72.8269353, 18.9224847 ] ] ] } },
{ "type": "Feature", "properties": { "name": "Rahim Mansion - II", "building": "yes", "building:levels": "3", "height": null, "addr:street": null }, "geometry": { "type": "Polygon", "coordinates": [ [ [ 72.8310794, 18.9226826 ], [ 72.8311979, 18.9226471 ], [ 72.8312283, 18.9227379 ], [ 72.8313994, 18.9226867 ], [ 72.8313409, 18.9225119 ], [ 72.8309332, 18.9226339 ], [ 72.8309876, 18.9227965 ], [ 72.8310271, 18.9227846 ], [ 72.8310564, 18.9228723 ], [ 72.831135, 18.9228488 ], [ 72.8310794, 18.9226826 ] ] ] } },
{ "type": "Feature", "properties": { "name": "Neelambari", "building": "apartments", "building:levels": null, "height": null, "addr:street": null }, "geometry": { "type": "Polygon", "coordinates": [ [ [ 72.8274575, 18.9227972 ], [ 72.8277467, 18.9227951 ], [ 72.8277455, 18.9226461 ], [ 72.8274563, 18.9226482 ], [ 72.8274575, 18.9227972 ] ] ] } },
{ "type": "Feature", "properties": { "name": "Building (Unlabeled)", "building": "yes", "building:levels": null, "height": null, "addr:street": null }, "geometry": { "type": "Polygon", "coordinates": [ [ [ 72.8308645, 18.9225935 ], [ 72.8310083, 18.922532 ], [ 72.8309853, 18.9224838 ], [ 72.8308414, 18.9225453 ], [ 72.8308645, 18.9225935 ] ] ] } },
{ "type": "Feature", "properties": { "name": "Building (Unlabeled)", "building": "apartments", "building:levels": null, "height": null, "addr:street": null }, "geometry": { "type": "Polygon", "coordinates": [ [ [ 72.8269348, 18.9226393 ], [ 72.8269355, 18.9227594 ], [ 72.8270666, 18.9227587 ], [ 72.8270659, 18.9226387 ], [ 72.8269348, 18.9226393 ] ] ] } },
{ "type": "Feature", "properties": { "name": "Building (Unlabeled)", "building": "yes", "building:levels": null, "height": null, "addr:street": null }, "geometry": { "type": "Polygon", "coordinates": [ [ [ 72.8311183, 18.9225057 ], [ 72.8312455, 18.9224576 ], [ 72.8312245, 18.9224082 ], [ 72.8310974, 18.9224563 ], [ 72.8311183, 18.9225057 ] ] ] } },
{ "type": "Feature", "properties": { "name": "Building (Unlabeled)", "building": "yes", "building:levels": null, "height": null, "addr:street": null }, "geometry": { "type": "Polygon", "coordinates": [ [ [ 72.8308233, 18.9225295 ], [ 72.8309893, 18.9224681 ], [ 72.830952, 18.9223779 ], [ 72.830786, 18.9224393 ], [ 72.8308233, 18.9225295 ] ] ] } },
{ "type": "Feature", "properties": { "name": "Building (Unlabeled)", "building": "apartments", "building:levels": null, "height": null, "addr:street": null }, "geometry": { "type": "Polygon", "coordinates": [ [ [ 72.8259821, 18.9228561 ], [ 72.8260683, 18.9229489 ], [ 72.8261185, 18.9229072 ], [ 72.8261444, 18.9229351 ], [ 72.8260943, 18.9229768 ], [ 72.8261798, 18.9230688 ], [ 72.826266, 18.9229971 ], [ 72.8262257, 18.9229537 ], [ 72.8261744, 18.9229963 ], [ 72.8261529, 18.9229732 ], [ 72.8262042, 18.9229306 ], [ 72.8261278, 18.9228483 ], [ 72.8260775, 18.9228901 ], [ 72.8260563, 18.9228672 ], [ 72.8261065, 18.9228254 ], [ 72.8260684, 18.9227844 ], [ 72.8259821, 18.9228561 ] ] ] } },
{ "type": "Feature", "properties": { "name": "Samata", "building": "apartments", "building:levels": "13", "height": null, "addr:street": null }, "geometry": { "type": "Polygon", "coordinates": [ [ [ 72.8270131, 18.9236057 ], [ 72.8271096, 18.9236442 ], [ 72.8271393, 18.9235774 ], [ 72.8271646, 18.9235875 ], [ 72.8272151, 18.9234743 ], [ 72.8271872, 18.9234632 ], [ 72.8271949, 18.923446 ], [ 72.827185, 18.9234421 ], [ 72.8271919, 18.9234267 ], [ 72.8271859, 18.9234243 ], [ 72.8272024, 18.9233873 ], [ 72.8271221, 18.9233552 ], [ 72.8271039, 18.9233962 ], [ 72.827054, 18.9233763 ], [ 72.8270356, 18.9234176 ], [ 72.8270551, 18.9234254 ], [ 72.8270129, 18.92352 ], [ 72.827, 18.9235149 ], [ 72.826983, 18.9235528 ], [ 72.8270286, 18.923571 ], [ 72.8270131, 18.9236057 ] ] ] } },
{ "type": "Feature", "properties": { "name": "Express Towers", "building": "commercial", "building:levels": null, "height": null, "addr:street": "Barrister Rajni Patel Road" }, "geometry": { "type": "Polygon", "coordinates": [ [ [ 72.8217798, 18.9282264 ], [ 72.8219595, 18.9282463 ], [ 72.8219507, 18.9283388 ], [ 72.8222804, 18.928367 ], [ 72.8222893, 18.9282744 ], [ 72.82248, 18.9282907 ], [ 72.8225414, 18.9280611 ], [ 72.8225249, 18.9280111 ], [ 72.8224874, 18.9279777 ], [ 72.821919, 18.9278356 ], [ 72.8218603, 18.9278367 ], [ 72.8218201, 18.9278723 ], [ 72.8217798, 18.9282264 ] ] ] } },
{ "type": "Feature", "properties": { "name": "HCG Hospital", "building": "hospital", "building:levels": "13", "height": null, "addr:street": "Maharshi Karve Rd, Nariman Point" }, "geometry": { "type": "Polygon", "coordinates": [ [ [ 72.8274556, 18.9231838 ], [ 72.8277504, 18.9231863 ], [ 72.8277521, 18.9230078 ], [ 72.8274573, 18.9230052 ], [ 72.8274556, 18.9231838 ] ] ] } },
{ "type": "Feature", "properties": { "name": "Bank of Baroda", "building": "apartments", "building:levels": null, "height": null, "addr:street": "Jagannath Bhosle Rd, Nariman Point" }, "geometry": { "type": "Polygon", "coordinates": [ [ [ 72.8270786, 18.9238521 ], [ 72.8270884, 18.9239787 ], [ 72.8272188, 18.9239697 ], [ 72.8272091, 18.9238431 ], [ 72.8270786, 18.9238521 ] ] ] } },
{ "type": "Feature", "properties": { "name": "Archdiocese of Bombay", "building": "yes", "building:levels": null, "height": null, "addr:street": null }, "geometry": { "type": "Polygon", "coordinates": [ [ [ 72.8302911, 18.9233457 ], [ 72.8304164, 18.9234436 ], [ 72.8306248, 18.923205 ], [ 72.8305451, 18.9231428 ], [ 72.8305108, 18.9231821 ], [ 72.8304651, 18.9231464 ], [ 72.8302911, 18.9233457 ] ] ] } },
{ "type": "Feature", "properties": { "name": "Nariman Point Fire Station", "building": "service", "building:levels": null, "height": null, "addr:street": "Rajendra Venkateshwara Rao Marg" }, "geometry": { "type": "Polygon", "coordinates": [ [ [ 72.8258386, 18.9230967 ], [ 72.8258954, 18.9231603 ], [ 72.8259393, 18.9231252 ], [ 72.8259624, 18.923151 ], [ 72.8259185, 18.9231861 ], [ 72.825975, 18.9232494 ], [ 72.8261773, 18.9230877 ], [ 72.8260409, 18.922935 ], [ 72.8258386, 18.9230967 ] ] ] } },
{ "type": "Feature", "properties": { "name": "Mahanagar Telephone Nigam Ltd", "building": "commercial", "building:levels": "17", "height": null, "addr:street": "Maharshi Karve Rd, Nariman Point" }, "geometry": { "type": "Polygon", "coordinates": [ [ [ 72.827562, 18.9253779 ], [ 72.8278757, 18.9253688 ], [ 72.8278557, 18.9249819 ], [ 72.8277192, 18.9250491 ], [ 72.8277218, 18.9251269 ], [ 72.8275928, 18.9251298 ], [ 72.8275939, 18.9251721 ], [ 72.8275166, 18.9251738 ], [ 72.8275199, 18.9253029 ], [ 72.8275601, 18.925302 ], [ 72.8275607, 18.9253259 ], [ 72.827562, 18.9253779 ] ] ] } },
{ "type": "Feature", "properties": { "name": "Madhuban Apartments", "building": "apartments", "building:levels": null, "height": null, "addr:street": "General Jagannath Bhosle Rd,Nariman Point" }, "geometry": { "type": "Polygon", "coordinates": [ [ [ 72.8272253, 18.9251204 ], [ 72.8271017, 18.9251262 ], [ 72.8271026, 18.9252123 ], [ 72.8272135, 18.9252112 ], [ 72.8272679, 18.9253329 ], [ 72.8273532, 18.9252926 ], [ 72.8273105, 18.9251994 ], [ 72.8273131, 18.9251355 ], [ 72.8274307, 18.9250626 ], [ 72.8273743, 18.9249812 ], [ 72.827209, 18.9250837 ], [ 72.8272253, 18.9251204 ] ] ] } },
{ "type": "Feature", "properties": { "name": "Sachivalay Gymkhana", "building": "apartments", "building:levels": null, "height": null, "addr:street": "General Jagannath Bhosale Marg, Nariman Point" }, "geometry": { "type": "Polygon", "coordinates": [ [ [ 72.8267092, 18.9261134 ], [ 72.8266813, 18.9257808 ], [ 72.8263713, 18.9257994 ], [ 72.8263389, 18.925828 ], [ 72.826338, 18.9258643 ], [ 72.8263466, 18.925897 ], [ 72.8263799, 18.9259273 ], [ 72.8263822, 18.9259551 ], [ 72.8264222, 18.9259521 ], [ 72.8264242, 18.9259751 ], [ 72.8264475, 18.9259734 ], [ 72.8264568, 18.9260838 ], [ 72.8265613, 18.9260759 ], [ 72.8265653, 18.9261242 ], [ 72.8267092, 18.9261134 ] ] ] } },
{ "type": "Feature", "properties": { "name": "Building (Unlabeled)", "building": "yes", "building:levels": "4", "height": null, "addr:street": null }, "geometry": { "type": "Polygon", "coordinates": [ [ [ 72.8261495, 18.9300439 ], [ 72.8261654, 18.9300843 ], [ 72.8261433, 18.930108 ], [ 72.8261634, 18.9301316 ], [ 72.8262989, 18.9300807 ], [ 72.8262603, 18.9299887 ], [ 72.8261972, 18.9299871 ], [ 72.8262191, 18.9298905 ], [ 72.8261125, 18.929869 ], [ 72.8260937, 18.9299525 ], [ 72.8260578, 18.9299135 ], [ 72.8259521, 18.929968 ], [ 72.8260299, 18.9300819 ], [ 72.8260645, 18.9300662 ], [ 72.8261031, 18.9300228 ], [ 72.8261173, 18.9300498 ], [ 72.8261495, 18.9300439 ] ] ] } },
{ "type": "Feature", "properties": { "name": "Ameeta Cooperative Housing Society", "building": "apartments", "building:levels": "13", "height": null, "addr:street": "General Jagannath Bhosle Rd, Nariman Point" }, "geometry": { "type": "Polygon", "coordinates": [ [ [ 72.8271799, 18.9247182 ], [ 72.827079, 18.924779 ], [ 72.8270953, 18.9248994 ], [ 72.8274272, 18.9247249 ], [ 72.8273624, 18.9246186 ], [ 72.8271984, 18.9247081 ], [ 72.8271845, 18.9246885 ], [ 72.8272026, 18.924677 ], [ 72.8271648, 18.9246237 ], [ 72.8271777, 18.9246155 ], [ 72.8271493, 18.9245754 ], [ 72.8271228, 18.9245922 ], [ 72.827106, 18.9245684 ], [ 72.8270554, 18.9246004 ], [ 72.8270763, 18.9246299 ], [ 72.8270595, 18.9246406 ], [ 72.8270836, 18.9246747 ], [ 72.8271175, 18.9246532 ], [ 72.8271551, 18.9247063 ], [ 72.8271664, 18.9246991 ], [ 72.8271799, 18.9247182 ] ] ] } },
{ "type": "Feature", "properties": { "name": "Air-India Building", "building": "apartments", "building:levels": null, "height": null, "addr:street": "Madame Cama Road" }, "geometry": { "type": "Polygon", "coordinates": [ [ [ 72.8217543, 18.9288793 ], [ 72.8218227, 18.9290531 ], [ 72.8219206, 18.9291821 ], [ 72.8219918, 18.9292175 ], [ 72.8220636, 18.9292014 ], [ 72.8224775, 18.9289607 ], [ 72.8225061, 18.9289298 ], [ 72.8225085, 18.9288858 ], [ 72.8224978, 18.9287098 ], [ 72.8224841, 18.928538 ], [ 72.8224662, 18.9285054 ], [ 72.822431, 18.9284888 ], [ 72.8217871, 18.9284507 ], [ 72.8217408, 18.9284873 ], [ 72.8217299, 18.9286798 ], [ 72.8217543, 18.9288793 ] ] ] } },
{ "type": "Feature", "properties": { "name": "Building (Unlabeled)", "building": "yes", "building:levels": null, "height": null, "addr:street": null }, "geometry": { "type": "Polygon", "coordinates": [ [ [ 72.8326702, 18.9243656 ], [ 72.8328455, 18.9241535 ], [ 72.8326809, 18.9240319 ], [ 72.8325057, 18.9242439 ], [ 72.8326702, 18.9243656 ] ] ] } },
{ "type": "Feature", "properties": { "name": "Dilwara Building", "building": "apartments", "building:levels": "14", "height": null, "addr:street": "Maharshi Karve Rd, Nariman Point," }, "geometry": { "type": "Polygon", "coordinates": [ [ [ 72.8277462, 18.9246198 ], [ 72.8277456, 18.9248922 ], [ 72.8278569, 18.9248925 ], [ 72.8278575, 18.9246201 ], [ 72.8277462, 18.9246198 ] ] ] } },
{ "type": "Feature", "properties": { "name": "Building (Unlabeled)", "building": "yes", "building:levels": null, "height": null, "addr:street": null }, "geometry": { "type": "Polygon", "coordinates": [ [ [ 72.8327574, 18.9287578 ], [ 72.8326956, 18.9288708 ], [ 72.8328204, 18.9289319 ], [ 72.8328822, 18.9288188 ], [ 72.8327574, 18.9287578 ] ] ] } },
{ "type": "Feature", "properties": { "name": "Building (Unlabeled)", "building": "yes", "building:levels": null, "height": null, "addr:street": null }, "geometry": { "type": "Polygon", "coordinates": [ [ [ 72.8315966, 18.9295825 ], [ 72.831586, 18.9297241 ], [ 72.831912, 18.9297459 ], [ 72.8319226, 18.9296043 ], [ 72.8315966, 18.9295825 ] ] ] } },
{ "type": "Feature", "properties": { "name": "Oval House", "building": "yes", "building:levels": null, "height": null, "addr:street": null }, "geometry": { "type": "Polygon", "coordinates": [ [ [ 72.8329102, 18.9289768 ], [ 72.8331425, 18.9290366 ], [ 72.8331682, 18.9289471 ], [ 72.8329359, 18.9288873 ], [ 72.8329102, 18.9289768 ] ] ] } },
{ "type": "Feature", "properties": { "name": "Archbishop's House", "building": "yes", "building:levels": null, "height": null, "addr:street": "Nathalal Parikh Marg, Scindia Society, Cusrow Baug Colony, Apollo Bandar, Colaba" }, "geometry": { "type": "Polygon", "coordinates": [ [ [ 72.8302186, 18.92329 ], [ 72.8303572, 18.9231191 ], [ 72.8302203, 18.9230198 ], [ 72.8300817, 18.9231907 ], [ 72.8302186, 18.92329 ] ] ] } },
{ "type": "Feature", "properties": { "name": "Building (Unlabeled)", "building": "yes", "building:levels": null, "height": null, "addr:street": null }, "geometry": { "type": "Polygon", "coordinates": [ [ [ 72.832783, 18.9287115 ], [ 72.8328428, 18.9287321 ], [ 72.83305, 18.9287752 ], [ 72.8330904, 18.9286233 ], [ 72.8329155, 18.9285792 ], [ 72.8328656, 18.9285533 ], [ 72.832783, 18.9287115 ] ] ] } },
{ "type": "Feature", "properties": { "name": "Building (Unlabeled)", "building": "yes", "building:levels": null, "height": null, "addr:street": null }, "geometry": { "type": "Polygon", "coordinates": [ [ [ 72.8322844, 18.9241484 ], [ 72.8321965, 18.924274 ], [ 72.8321934, 18.9243335 ], [ 72.832207, 18.9244003 ], [ 72.832278, 18.9245156 ], [ 72.8324515, 18.9242821 ], [ 72.8322844, 18.9241484 ] ] ] } },
{ "type": "Feature", "properties": { "name": "Building (Unlabeled)", "building": "apartments", "building:levels": null, "height": null, "addr:street": null }, "geometry": { "type": "Polygon", "coordinates": [ [ [ 72.8328457, 18.9234914 ], [ 72.8327276, 18.92363 ], [ 72.8329008, 18.9237622 ], [ 72.8329248, 18.9237342 ], [ 72.8330195, 18.9238064 ], [ 72.8331137, 18.9236959 ], [ 72.8328457, 18.9234914 ] ] ] } },
{ "type": "Feature", "properties": { "name": "Building (Unlabeled)", "building": "apartments", "building:levels": null, "height": null, "addr:street": null }, "geometry": { "type": "Polygon", "coordinates": [ [ [ 72.8243918, 18.9233776 ], [ 72.824636, 18.9231939 ], [ 72.8244421, 18.9229632 ], [ 72.8240673, 18.923245 ], [ 72.824118, 18.9233054 ], [ 72.8241747, 18.9232627 ], [ 72.8242408, 18.9233414 ], [ 72.8242784, 18.9233131 ], [ 72.8243106, 18.9233515 ], [ 72.8243469, 18.9233242 ], [ 72.8243918, 18.9233776 ] ] ] } },
{ "type": "Feature", "properties": { "name": "Industry House", "building": "commercial", "building:levels": null, "height": null, "addr:street": null }, "geometry": { "type": "Polygon", "coordinates": [ [ [ 72.8254204, 18.9293268 ], [ 72.8254502, 18.9293695 ], [ 72.8255068, 18.9294077 ], [ 72.8255635, 18.9294167 ], [ 72.8256299, 18.9294098 ], [ 72.8258489, 18.9292653 ], [ 72.8257114, 18.9290842 ], [ 72.8254204, 18.9293268 ] ] ] } },
{ "type": "Feature", "properties": { "name": "Bajaj Bhawan", "building": "commercial", "building:levels": null, "height": null, "addr:street": "Barrister Rajni Patel Road" }, "geometry": { "type": "Polygon", "coordinates": [ [ [ 72.8221124, 18.9260095 ], [ 72.8223283, 18.9262575 ], [ 72.8227174, 18.9259544 ], [ 72.8225014, 18.9257063 ], [ 72.8223195, 18.925848 ], [ 72.8223553, 18.9258892 ], [ 72.8223891, 18.9259281 ], [ 72.822362, 18.9259492 ], [ 72.8223278, 18.9259099 ], [ 72.8222924, 18.9258693 ], [ 72.8221124, 18.9260095 ] ] ] } },
{ "type": "Feature", "properties": { "name": "Petroleum House", "building": "commercial", "building:levels": "7", "height": "30", "addr:street": "Jamshedji Tata Road" }, "geometry": { "type": "Polygon", "coordinates": [ [ [ 72.825337, 18.9292538 ], [ 72.8256079, 18.9290439 ], [ 72.8253848, 18.9288285 ], [ 72.8251862, 18.9289758 ], [ 72.8251632, 18.9289994 ], [ 72.8251584, 18.9290285 ], [ 72.8251632, 18.9290585 ], [ 72.8251889, 18.9290847 ], [ 72.825337, 18.9292538 ] ] ] } },
{ "type": "Feature", "properties": { "name": "Union Bank of India Building", "building": "apartments", "building:levels": null, "height": null, "addr:street": "Vidhan Bhavan" }, "geometry": { "type": "Polygon", "coordinates": [ [ [ 72.8227616, 18.9269908 ], [ 72.8227731, 18.9270001 ], [ 72.8227503, 18.9270244 ], [ 72.8230124, 18.9272435 ], [ 72.8231556, 18.9270916 ], [ 72.8233711, 18.926919 ], [ 72.8233893, 18.9268606 ], [ 72.8233803, 18.9268032 ], [ 72.8231969, 18.9265492 ], [ 72.8230531, 18.926695 ], [ 72.8228697, 18.9268759 ], [ 72.8228833, 18.9268887 ], [ 72.8227616, 18.9269908 ] ] ] } },
{ "type": "Feature", "properties": { "name": "Building (Unlabeled)", "building": "yes", "building:levels": null, "height": null, "addr:street": null }, "geometry": { "type": "Polygon", "coordinates": [ [ [ 72.8317162, 18.9303402 ], [ 72.8319477, 18.9303584 ], [ 72.8319719, 18.9302148 ], [ 72.8319102, 18.9302099 ], [ 72.8319218, 18.9300778 ], [ 72.8318509, 18.9300722 ], [ 72.8318416, 18.9301785 ], [ 72.8318084, 18.9301758 ], [ 72.8318064, 18.9301982 ], [ 72.8317617, 18.9301947 ], [ 72.8317545, 18.9302766 ], [ 72.831722, 18.9302741 ], [ 72.8317162, 18.9303402 ] ] ] } },
{ "type": "Feature", "properties": { "name": "COTTAGE EMPORIUM", "building": "yes", "building:levels": "4", "height": null, "addr:street": "B K Boman Behram Marg, Apollo Bandar" }, "geometry": { "type": "Polygon", "coordinates": [ [ [ 72.8328289, 18.9227438 ], [ 72.8326123, 18.922831 ], [ 72.8326447, 18.922903 ], [ 72.8327247, 18.9228708 ], [ 72.8327477, 18.9229219 ], [ 72.8326619, 18.9229564 ], [ 72.8326743, 18.9229839 ], [ 72.8326246, 18.923004 ], [ 72.8326639, 18.9230911 ], [ 72.8328628, 18.923011 ], [ 72.8328755, 18.9230392 ], [ 72.8329249, 18.9230193 ], [ 72.8329187, 18.9230056 ], [ 72.8329424, 18.9229961 ], [ 72.8328289, 18.9227438 ] ] ] } },
{ "type": "Feature", "properties": { "name": "Metro House", "building": "retail", "building:levels": null, "height": null, "addr:street": null }, "geometry": { "type": "Polygon", "coordinates": [ [ [ 72.8319491, 18.9235312 ], [ 72.8320441, 18.923823 ], [ 72.8322596, 18.9237602 ], [ 72.8321645, 18.9234684 ], [ 72.8319491, 18.9235312 ] ] ] } },
{ "type": "Feature", "properties": { "name": "Stockist Grand Bazar", "building": "commercial", "building:levels": null, "height": null, "addr:street": null }, "geometry": { "type": "Polygon", "coordinates": [ [ [ 72.8318771, 18.9235037 ], [ 72.8321336, 18.9234264 ], [ 72.8320805, 18.9232687 ], [ 72.831824, 18.9233459 ], [ 72.8318771, 18.9235037 ] ] ] } },
{ "type": "Feature", "properties": { "name": "KC College of Management Studies", "building": "college", "building:levels": "10", "height": null, "addr:street": "Mahakavi Bhushan Marg" }, "geometry": { "type": "Polygon", "coordinates": [ [ [ 72.8324235, 18.9237761 ], [ 72.8325607, 18.9236193 ], [ 72.8324609, 18.9235412 ], [ 72.8323742, 18.9236403 ], [ 72.8323237, 18.923698 ], [ 72.8324235, 18.9237761 ] ] ] } },
{ "type": "Feature", "properties": { "name": "Holy Name High School", "building": "school", "building:levels": "5", "height": null, "addr:street": "Convent Street" }, "geometry": { "type": "Polygon", "coordinates": [ [ [ 72.8304262, 18.9229643 ], [ 72.8308459, 18.9232727 ], [ 72.830913, 18.923191 ], [ 72.830634, 18.9229739 ], [ 72.8309622, 18.9228076 ], [ 72.8309239, 18.922719 ], [ 72.8304262, 18.9229643 ] ] ] } },
{ "type": "Feature", "properties": { "name": "Eucharistic Congress Building", "building": "yes", "building:levels": null, "height": null, "addr:street": null }, "geometry": { "type": "Polygon", "coordinates": [ [ [ 72.8310825, 18.9234404 ], [ 72.8315782, 18.9232896 ], [ 72.8314959, 18.9230477 ], [ 72.8310002, 18.9231985 ], [ 72.8310825, 18.9234404 ] ] ] } },
{ "type": "Feature", "properties": { "name": "Metro House", "building": "yes", "building:levels": "4", "height": null, "addr:street": "SBS Road, Apollo Bandar" }, "geometry": { "type": "Polygon", "coordinates": [ [ [ 72.8322537, 18.9237777 ], [ 72.8320679, 18.9238308 ], [ 72.832142, 18.9240366 ], [ 72.8321555, 18.9240608 ], [ 72.832164, 18.9240679 ], [ 72.832175, 18.9240715 ], [ 72.8321858, 18.9240688 ], [ 72.8321977, 18.9240618 ], [ 72.8323115, 18.9239297 ], [ 72.8322537, 18.9237777 ] ] ] } },
{ "type": "Feature", "properties": { "name": "Indian Navy Sailors Institute", "building": "yes", "building:levels": "2", "height": null, "addr:street": "Maharshi Karve Rd, Dr Ambedkar Statue Chowk Area, Colaba" }, "geometry": { "type": "Polygon", "coordinates": [ [ [ 72.8280794, 18.9228875 ], [ 72.8281917, 18.9228856 ], [ 72.8284043, 18.9228822 ], [ 72.8284052, 18.9229301 ], [ 72.8286939, 18.9229255 ], [ 72.8286923, 18.9228393 ], [ 72.8286019, 18.9228408 ], [ 72.8286013, 18.9228074 ], [ 72.8280698, 18.922355 ], [ 72.8280794, 18.9228875 ] ] ] } },
{ "type": "Feature", "properties": { "name": "City Walk House", "building": "yes", "building:levels": null, "height": null, "addr:street": null }, "geometry": { "type": "Polygon", "coordinates": [ [ [ 72.8317367, 18.9230631 ], [ 72.8319846, 18.9229831 ], [ 72.831936, 18.9228484 ], [ 72.8316882, 18.9229284 ], [ 72.8317367, 18.9230631 ] ] ] } },
{ "type": "Feature", "properties": { "name": "Crescent House", "building": "hotel", "building:levels": null, "height": null, "addr:street": null }, "geometry": { "type": "Polygon", "coordinates": [ [ [ 72.8317906, 18.9232404 ], [ 72.8318237, 18.9233349 ], [ 72.8320731, 18.9232569 ], [ 72.83204, 18.9231623 ], [ 72.8317906, 18.9232404 ] ] ] } },
{ "type": "Feature", "properties": { "name": "Convent of Jesus and Mary School", "building": "yes", "building:levels": null, "height": null, "addr:street": null }, "geometry": { "type": "Polygon", "coordinates": [ [ [ 72.8310882, 18.9234796 ], [ 72.8309461, 18.9233815 ], [ 72.8307156, 18.9236593 ], [ 72.8307935, 18.9237237 ], [ 72.8307829, 18.9237449 ], [ 72.8308305, 18.9237802 ], [ 72.8310882, 18.9234796 ] ] ] } },
{ "type": "Feature", "properties": { "name": "Majestic Aamdaar Niwas", "building": "yes", "building:levels": null, "height": null, "addr:street": null }, "geometry": { "type": "Polygon", "coordinates": [ [ [ 72.8314429, 18.924236 ], [ 72.8318287, 18.9245212 ], [ 72.8319791, 18.9244479 ], [ 72.8318043, 18.9240291 ], [ 72.8316874, 18.9240548 ], [ 72.8317527, 18.9242629 ], [ 72.8317309, 18.9242758 ], [ 72.8315403, 18.9241267 ], [ 72.8314429, 18.924236 ] ] ] } },
{ "type": "Feature", "properties": { "name": "Building (Unlabeled)", "building": "yes", "building:levels": null, "height": null, "addr:street": null }, "geometry": { "type": "Polygon", "coordinates": [ [ [ 72.8321992, 18.930068 ], [ 72.8323595, 18.9300924 ], [ 72.8323854, 18.9299405 ], [ 72.8322251, 18.9299161 ], [ 72.8321992, 18.930068 ] ] ] } },
{ "type": "Feature", "properties": { "name": "Building (Unlabeled)", "building": "yes", "building:levels": null, "height": null, "addr:street": null }, "geometry": { "type": "Polygon", "coordinates": [ [ [ 72.8324084, 18.9299588 ], [ 72.8323871, 18.9301024 ], [ 72.832474, 18.9301139 ], [ 72.8324954, 18.9299703 ], [ 72.8324084, 18.9299588 ] ] ] } },
{ "type": "Feature", "properties": { "name": "Building (Unlabeled)", "building": "yes", "building:levels": null, "height": null, "addr:street": null }, "geometry": { "type": "Polygon", "coordinates": [ [ [ 72.8249453, 18.9291392 ], [ 72.82499, 18.9290348 ], [ 72.824965, 18.9290004 ], [ 72.8249154, 18.9289693 ], [ 72.8248543, 18.9289522 ], [ 72.8248105, 18.9289552 ], [ 72.8247691, 18.9290749 ], [ 72.8249453, 18.9291392 ] ] ] } },
{ "type": "Feature", "properties": { "name": "Building (Unlabeled)", "building": "commercial", "building:levels": null, "height": null, "addr:street": null }, "geometry": { "type": "Polygon", "coordinates": [ [ [ 72.8323424, 18.9286898 ], [ 72.8326282, 18.9288338 ], [ 72.8325666, 18.9289433 ], [ 72.8322808, 18.9287993 ], [ 72.8323424, 18.9286898 ] ] ] } },
{ "type": "Feature", "properties": { "name": "Building (Unlabeled)", "building": "commercial", "building:levels": null, "height": null, "addr:street": null }, "geometry": { "type": "Polygon", "coordinates": [ [ [ 72.8323319, 18.9286593 ], [ 72.8326363, 18.9288191 ], [ 72.8327101, 18.9286669 ], [ 72.8323587, 18.9285743 ], [ 72.8323319, 18.9286593 ] ] ] } },
{ "type": "Feature", "properties": { "name": "Building (Unlabeled)", "building": "commercial", "building:levels": null, "height": null, "addr:street": null }, "geometry": { "type": "Polygon", "coordinates": [ [ [ 72.8324694, 18.9283344 ], [ 72.8328181, 18.9284175 ], [ 72.8327403, 18.9286705 ], [ 72.8323858, 18.9285736 ], [ 72.8324694, 18.9283344 ] ] ] } },
{ "type": "Feature", "properties": { "name": "Building (Unlabeled)", "building": "commercial", "building:levels": null, "height": null, "addr:street": null }, "geometry": { "type": "Polygon", "coordinates": [ [ [ 72.8325455, 18.9283376 ], [ 72.8325646, 18.9282251 ], [ 72.8328959, 18.9282752 ], [ 72.8328768, 18.9283878 ], [ 72.8325455, 18.9283376 ] ] ] } },
{ "type": "Feature", "properties": { "name": "Building (Unlabeled)", "building": "commercial", "building:levels": null, "height": null, "addr:street": null }, "geometry": { "type": "Polygon", "coordinates": [ [ [ 72.8315358, 18.9291664 ], [ 72.8320534, 18.9292873 ], [ 72.8319979, 18.9295423 ], [ 72.831525, 18.9295001 ], [ 72.8315358, 18.9291664 ] ] ] } },
{ "type": "Feature", "properties": { "name": "Building (Unlabeled)", "building": "commercial", "building:levels": null, "height": null, "addr:street": null }, "geometry": { "type": "Polygon", "coordinates": [ [ [ 72.8321679, 18.9291194 ], [ 72.8324121, 18.9291886 ], [ 72.8325295, 18.9289805 ], [ 72.8322524, 18.9288793 ], [ 72.8321679, 18.9291194 ] ] ] } },
{ "type": "Feature", "properties": { "name": "Building (Unlabeled)", "building": "commercial", "building:levels": "3", "height": null, "addr:street": null }, "geometry": { "type": "Polygon", "coordinates": [ [ [ 72.8315674, 18.9287752 ], [ 72.8318697, 18.9287894 ], [ 72.8318767, 18.9286548 ], [ 72.8315745, 18.9286406 ], [ 72.8315674, 18.9287752 ] ] ] } },
{ "type": "Feature", "properties": { "name": "Building (Unlabeled)", "building": "commercial", "building:levels": "5", "height": null, "addr:street": null }, "geometry": { "type": "Polygon", "coordinates": [ [ [ 72.8318553, 18.9290913 ], [ 72.8318922, 18.9288332 ], [ 72.8315822, 18.9287936 ], [ 72.8315454, 18.9290517 ], [ 72.8318553, 18.9290913 ] ] ] } },
{ "type": "Feature", "properties": { "name": "Building (Unlabeled)", "building": "commercial", "building:levels": null, "height": null, "addr:street": null }, "geometry": { "type": "Polygon", "coordinates": [ [ [ 72.8318725, 18.9290876 ], [ 72.8319429, 18.9287981 ], [ 72.8322241, 18.9288592 ], [ 72.8321537, 18.9291488 ], [ 72.8318725, 18.9290876 ] ] ] } },
{ "type": "Feature", "properties": { "name": "Building (Unlabeled)", "building": "commercial", "building:levels": null, "height": null, "addr:street": null }, "geometry": { "type": "Polygon", "coordinates": [ [ [ 72.8315375, 18.9285467 ], [ 72.8315405, 18.9284097 ], [ 72.8317146, 18.9282407 ], [ 72.8320366, 18.9282013 ], [ 72.8319426, 18.9285758 ], [ 72.8315375, 18.9285467 ] ] ] } },
{ "type": "Feature", "properties": { "name": "Building (Unlabeled)", "building": "industrial", "building:levels": null, "height": null, "addr:street": null }, "geometry": { "type": "Polygon", "coordinates": [ [ [ 72.8320873, 18.928367 ], [ 72.8323697, 18.9283867 ], [ 72.8323816, 18.9282331 ], [ 72.8320992, 18.9282134 ], [ 72.8320873, 18.928367 ] ] ] } },
{ "type": "Feature", "properties": { "name": "Malido cafe", "building": "yes", "building:levels": null, "height": null, "addr:street": "Burjorji Bharucha Road" }, "geometry": { "type": "Polygon", "coordinates": [ [ [ 72.8320722, 18.9283891 ], [ 72.8320483, 18.9284532 ], [ 72.8322275, 18.9285051 ], [ 72.8322824, 18.9284123 ], [ 72.8320722, 18.9283891 ] ] ] } },
{ "type": "Feature", "properties": { "name": "Building (Unlabeled)", "building": "industrial", "building:levels": null, "height": null, "addr:street": null }, "geometry": { "type": "Polygon", "coordinates": [ [ [ 72.8321579, 18.9286685 ], [ 72.8322647, 18.9287125 ], [ 72.8323261, 18.9285788 ], [ 72.8322193, 18.9285349 ], [ 72.8321579, 18.9286685 ] ] ] } },
{ "type": "Feature", "properties": { "name": "Building (Unlabeled)", "building": "commercial", "building:levels": null, "height": null, "addr:street": null }, "geometry": { "type": "Polygon", "coordinates": [ [ [ 72.8326723, 18.9281943 ], [ 72.8329694, 18.9282198 ], [ 72.8329874, 18.9280324 ], [ 72.8326903, 18.9280069 ], [ 72.8326723, 18.9281943 ] ] ] } },
{ "type": "Feature", "properties": { "name": "Building (Unlabeled)", "building": "commercial", "building:levels": null, "height": null, "addr:street": null }, "geometry": { "type": "Polygon", "coordinates": [ [ [ 72.8325305, 18.9275878 ], [ 72.8325589, 18.9276534 ], [ 72.8325901, 18.927763 ], [ 72.8326155, 18.9278555 ], [ 72.8328327, 18.927788 ], [ 72.8328325, 18.9277677 ], [ 72.8328304, 18.9276841 ], [ 72.8328122, 18.9276168 ], [ 72.8327806, 18.9275899 ], [ 72.8327237, 18.9275005 ], [ 72.8325305, 18.9275878 ] ] ] } },
{ "type": "Feature", "properties": { "name": "Examiner Press Building", "building": "commercial", "building:levels": "4", "height": null, "addr:street": "Dalal Street" }, "geometry": { "type": "Polygon", "coordinates": [ [ [ 72.8324939, 18.9292778 ], [ 72.8326156, 18.9290087 ], [ 72.8329106, 18.9292015 ], [ 72.832857, 18.9293436 ], [ 72.8324939, 18.9292778 ] ] ] } },
{ "type": "Feature", "properties": { "name": "Maker Chambers-VI", "building": "commercial", "building:levels": "14", "height": null, "addr:street": "Jamnalal Bajaj Marg" }, "geometry": { "type": "Polygon", "coordinates": [ [ [ 72.8219947, 18.9240233 ], [ 72.8221172, 18.9240412 ], [ 72.8221248, 18.9239947 ], [ 72.8222245, 18.9240092 ], [ 72.822235, 18.9239653 ], [ 72.822428, 18.9238266 ], [ 72.8224722, 18.9238289 ], [ 72.8224823, 18.9237405 ], [ 72.8225403, 18.9237465 ], [ 72.822555, 18.9236183 ], [ 72.8224335, 18.9236058 ], [ 72.8224274, 18.9236587 ], [ 72.8223286, 18.9236485 ], [ 72.8223264, 18.9236984 ], [ 72.8221324, 18.923836 ], [ 72.8220691, 18.9238244 ], [ 72.8220548, 18.9239123 ], [ 72.8220138, 18.9239063 ], [ 72.8219947, 18.9240233 ] ] ] } },
{ "type": "Feature", "properties": { "name": "Maker Chambers-V", "building": "commercial", "building:levels": "14", "height": null, "addr:street": "Jamnalal Bajaj Marg" }, "geometry": { "type": "Polygon", "coordinates": [ [ [ 72.822715, 18.9241724 ], [ 72.822685, 18.9241366 ], [ 72.8227022, 18.9241237 ], [ 72.822719, 18.9241436 ], [ 72.8227734, 18.9241027 ], [ 72.8227567, 18.9240827 ], [ 72.8228787, 18.923991 ], [ 72.8228059, 18.9239044 ], [ 72.8226839, 18.9239962 ], [ 72.8226668, 18.9239758 ], [ 72.8226123, 18.9240167 ], [ 72.8226295, 18.9240371 ], [ 72.8226122, 18.9240501 ], [ 72.8225827, 18.9240149 ], [ 72.8223985, 18.9241534 ], [ 72.8224281, 18.9241885 ], [ 72.8224122, 18.9242005 ], [ 72.8223951, 18.9241801 ], [ 72.8223294, 18.9242294 ], [ 72.8223466, 18.9242498 ], [ 72.8222239, 18.9243421 ], [ 72.8222966, 18.9244287 ], [ 72.8224193, 18.9243364 ], [ 72.8224361, 18.9243564 ], [ 72.8225017, 18.924307 ], [ 72.822485, 18.924287 ], [ 72.8225008, 18.9242751 ], [ 72.8225309, 18.9243109 ], [ 72.822715, 18.9241724 ] ] ] } },
{ "type": "Feature", "properties": { "name": "Veena Chambers", "building": "office", "building:levels": null, "height": null, "addr:street": "Dalal Street" }, "geometry": { "type": "Polygon", "coordinates": [ [ [ 72.8329646, 18.929336 ], [ 72.8330921, 18.9290861 ], [ 72.8333692, 18.9292119 ], [ 72.8333119, 18.9292818 ], [ 72.8332066, 18.9292311 ], [ 72.8331069, 18.9293727 ], [ 72.8329646, 18.929336 ] ] ] } },
{ "type": "Feature", "properties": { "name": "Building (Unlabeled)", "building": "yes", "building:levels": null, "height": null, "addr:street": null }, "geometry": { "type": "Polygon", "coordinates": [ [ [ 72.8226107, 18.9275804 ], [ 72.8226979, 18.9274442 ], [ 72.8226177, 18.9273982 ], [ 72.8225305, 18.9275345 ], [ 72.8226107, 18.9275804 ] ] ] } },
{ "type": "Feature", "properties": { "name": "Mittal Court", "building": "commercial", "building:levels": "16", "height": null, "addr:street": "Barrister Rajni Patel Marg" }, "geometry": { "type": "Polygon", "coordinates": [ [ [ 72.8237554, 18.9250582 ], [ 72.8237344, 18.9250682 ], [ 72.8232261, 18.925309 ], [ 72.8230926, 18.9253723 ], [ 72.8230545, 18.9253903 ], [ 72.8230057, 18.9254135 ], [ 72.8230675, 18.9255301 ], [ 72.8231331, 18.9255729 ], [ 72.8232123, 18.9255722 ], [ 72.823755, 18.925315 ], [ 72.8238184, 18.9252494 ], [ 72.8238271, 18.9251937 ], [ 72.8237554, 18.9250582 ] ] ] } },
{ "type": "Feature", "properties": { "name": "Dalamal Towers", "building": "apartments", "building:levels": null, "height": null, "addr:street": null }, "geometry": { "type": "Polygon", "coordinates": [ [ [ 72.8237579, 18.9228779 ], [ 72.8238229, 18.9228237 ], [ 72.8239013, 18.922789 ], [ 72.8239869, 18.9227767 ], [ 72.8240727, 18.9227877 ], [ 72.8241518, 18.9228212 ], [ 72.8242176, 18.9228744 ], [ 72.8242649, 18.922943 ], [ 72.8239878, 18.9231514 ], [ 72.8237579, 18.9228779 ] ] ] } },
{ "type": "Feature", "properties": { "name": "Building (Unlabeled)", "building": "yes", "building:levels": null, "height": null, "addr:street": null }, "geometry": { "type": "Polygon", "coordinates": [ [ [ 72.8245822, 18.9262752 ], [ 72.8246091, 18.9262177 ], [ 72.8246711, 18.9261951 ], [ 72.8247319, 18.9262205 ], [ 72.8247558, 18.9262792 ], [ 72.8247289, 18.9263367 ], [ 72.8246669, 18.9263593 ], [ 72.8246061, 18.9263339 ], [ 72.8245822, 18.9262752 ] ] ] } },
{ "type": "Feature", "properties": { "name": "Building (Unlabeled)", "building": "apartments", "building:levels": "6", "height": null, "addr:street": null }, "geometry": { "type": "Polygon", "coordinates": [ [ [ 72.8278949, 18.9322868 ], [ 72.8275221, 18.9318745 ], [ 72.82751, 18.9317996 ], [ 72.8281202, 18.9317996 ], [ 72.8281229, 18.9321447 ], [ 72.8280813, 18.9322525 ], [ 72.8280518, 18.9322715 ], [ 72.8280237, 18.9322855 ], [ 72.8279861, 18.9322931 ], [ 72.8279566, 18.9322994 ], [ 72.8279244, 18.9322982 ], [ 72.8278949, 18.9322868 ] ] ] } },
{ "type": "Feature", "properties": { "name": "Building (Unlabeled)", "building": "construction", "building:levels": null, "height": null, "addr:street": null }, "geometry": { "type": "Polygon", "coordinates": [ [ [ 72.8247175, 18.9236608 ], [ 72.8246049, 18.9235433 ], [ 72.8247234, 18.9234417 ], [ 72.8246842, 18.9234008 ], [ 72.8247704, 18.9233269 ], [ 72.824871, 18.9234319 ], [ 72.824775, 18.9235141 ], [ 72.8248262, 18.9235676 ], [ 72.8247175, 18.9236608 ] ] ] } },
{ "type": "Feature", "properties": { "name": "Building (Unlabeled)", "building": "construction", "building:levels": null, "height": null, "addr:street": null }, "geometry": { "type": "Polygon", "coordinates": [ [ [ 72.8248968, 18.9232739 ], [ 72.8250094, 18.9233914 ], [ 72.8251279, 18.9232898 ], [ 72.8251671, 18.9233307 ], [ 72.8252533, 18.9232568 ], [ 72.8251527, 18.9231518 ], [ 72.8250568, 18.9232341 ], [ 72.8250056, 18.9231807 ], [ 72.8248968, 18.9232739 ] ] ] } },
{ "type": "Feature", "properties": { "name": "Building (Unlabeled)", "building": "construction", "building:levels": null, "height": null, "addr:street": null }, "geometry": { "type": "Polygon", "coordinates": [ [ [ 72.825423, 18.923666 ], [ 72.8253122, 18.9235471 ], [ 72.8254322, 18.9234471 ], [ 72.8253935, 18.9234056 ], [ 72.8254809, 18.9233328 ], [ 72.8255799, 18.9234392 ], [ 72.8254827, 18.9235201 ], [ 72.8255331, 18.9235743 ], [ 72.825423, 18.923666 ] ] ] } },
{ "type": "Feature", "properties": { "name": "Building (Unlabeled)", "building": "construction", "building:levels": null, "height": null, "addr:street": null }, "geometry": { "type": "Polygon", "coordinates": [ [ [ 72.8248762, 18.9238257 ], [ 72.8249887, 18.9239431 ], [ 72.8251072, 18.9238416 ], [ 72.8251465, 18.9238825 ], [ 72.8252327, 18.9238085 ], [ 72.8251321, 18.9237036 ], [ 72.8250361, 18.9237859 ], [ 72.8249849, 18.9237324 ], [ 72.8248762, 18.9238257 ] ] ] } },
{ "type": "Feature", "properties": { "name": "Maharashtra Chambers", "building": "yes", "building:levels": null, "height": null, "addr:street": "New Bakehouse, Lane, Kala Ghoda, Fort" }, "geometry": { "type": "Polygon", "coordinates": [ [ [ 72.8328019, 18.9280092 ], [ 72.8328072, 18.9279154 ], [ 72.8330097, 18.9279331 ], [ 72.8330071, 18.9280219 ], [ 72.8328019, 18.9280092 ] ] ] } },
{ "type": "Feature", "properties": { "name": "Building (Unlabeled)", "building": "yes", "building:levels": null, "height": null, "addr:street": "Chamber of Commerce Ln, Kala Ghoda, Fort" }, "geometry": { "type": "Polygon", "coordinates": [ [ [ 72.8328452, 18.9279037 ], [ 72.8328439, 18.9277889 ], [ 72.833017, 18.9278049 ], [ 72.8330062, 18.9279214 ], [ 72.8328452, 18.9279037 ] ] ] } },
{ "type": "Feature", "properties": { "name": "Jamaat", "building": "yes", "building:levels": null, "height": null, "addr:street": null }, "geometry": { "type": "Polygon", "coordinates": [ [ [ 72.8322922, 18.9234325 ], [ 72.8322245, 18.9232784 ], [ 72.8324019, 18.9232087 ], [ 72.8324696, 18.9233628 ], [ 72.8322922, 18.9234325 ] ] ] } },
{ "type": "Feature", "properties": { "name": "Akbar House", "building": "yes", "building:levels": null, "height": null, "addr:street": null }, "geometry": { "type": "Polygon", "coordinates": [ [ [ 72.8320644, 18.9230103 ], [ 72.8319981, 18.9228491 ], [ 72.8322016, 18.9227742 ], [ 72.8322679, 18.9229354 ], [ 72.8320644, 18.9230103 ] ] ] } },
{ "type": "Feature", "properties": { "name": "Attar Ahmed Dawood", "building": "yes", "building:levels": null, "height": null, "addr:street": null }, "geometry": { "type": "Polygon", "coordinates": [ [ [ 72.8324526, 18.9233785 ], [ 72.8324977, 18.9234846 ], [ 72.8323681, 18.9235339 ], [ 72.8323444, 18.9234782 ], [ 72.8323785, 18.9234652 ], [ 72.8323571, 18.9234148 ], [ 72.8323712, 18.9234094 ], [ 72.8324526, 18.9233785 ] ] ] } },
{ "type": "Feature", "properties": { "name": "Holland House", "building": "yes", "building:levels": "2", "height": null, "addr:street": "Shahid Bhagat Singh Rd, Scindia Society, Police Colony, Apollo Bandar" }, "geometry": { "type": "Polygon", "coordinates": [ [ [ 72.8316028, 18.9239766 ], [ 72.8315365, 18.9237724 ], [ 72.8315882, 18.9237573 ], [ 72.8315761, 18.9237203 ], [ 72.8317243, 18.9236772 ], [ 72.8317364, 18.9237142 ], [ 72.8317727, 18.9237037 ], [ 72.831839, 18.9239079 ], [ 72.8316028, 18.9239766 ] ] ] } },
{ "type": "Feature", "properties": { "name": "Building (Unlabeled)", "building": "yes", "building:levels": null, "height": null, "addr:street": null }, "geometry": { "type": "Polygon", "coordinates": [ [ [ 72.8315351, 18.9235654 ], [ 72.8315105, 18.9234922 ], [ 72.8316582, 18.923448 ], [ 72.8317144, 18.9236157 ], [ 72.8314608, 18.9236917 ], [ 72.8314488, 18.9236559 ], [ 72.8313898, 18.9236736 ], [ 72.8314059, 18.9237216 ], [ 72.8313194, 18.9237475 ], [ 72.8312576, 18.9235633 ], [ 72.8314251, 18.9235131 ], [ 72.8314623, 18.9236241 ], [ 72.8316262, 18.9235749 ], [ 72.831615, 18.9235415 ], [ 72.8315351, 18.9235654 ] ] ] } },
{ "type": "Feature", "properties": { "name": "Tanna House", "building": "yes", "building:levels": null, "height": null, "addr:street": null }, "geometry": { "type": "Polygon", "coordinates": [ [ [ 72.8312094, 18.9240438 ], [ 72.83138, 18.9241674 ], [ 72.8314915, 18.9240297 ], [ 72.8314525, 18.9240014 ], [ 72.8314427, 18.9240134 ], [ 72.8313804, 18.9239683 ], [ 72.8314052, 18.9239377 ], [ 72.8313359, 18.9238876 ], [ 72.8312094, 18.9240438 ] ] ] } },
{ "type": "Feature", "properties": { "name": "Schoen House", "building": "yes", "building:levels": null, "height": null, "addr:street": null }, "geometry": { "type": "Polygon", "coordinates": [ [ [ 72.8309783, 18.9238722 ], [ 72.8311189, 18.9239887 ], [ 72.8311765, 18.9239264 ], [ 72.831147, 18.923902 ], [ 72.8312538, 18.9237868 ], [ 72.8311878, 18.9237321 ], [ 72.8310895, 18.9238382 ], [ 72.8310444, 18.9238008 ], [ 72.8309783, 18.9238722 ] ] ] } },
{ "type": "Feature", "properties": { "name": "Cathedral of the Holy Name", "building": "cathedral", "building:levels": null, "height": null, "addr:street": null }, "geometry": { "type": "Polygon", "coordinates": [ [ [ 72.830592, 18.9236037 ], [ 72.8304419, 18.9234849 ], [ 72.8306797, 18.9232162 ], [ 72.8308298, 18.923335 ], [ 72.830592, 18.9236037 ] ] ] } },
{ "type": "Feature", "properties": { "name": "MSLTA guest House", "building": "yes", "building:levels": null, "height": null, "addr:street": null }, "geometry": { "type": "Polygon", "coordinates": [ [ [ 72.8290746, 18.9232558 ], [ 72.8290683, 18.9229331 ], [ 72.8292105, 18.9229307 ], [ 72.8292167, 18.9232534 ], [ 72.8290746, 18.9232558 ] ] ] } },
{ "type": "Feature", "properties": { "name": "MSLTA Functional Fitness Centre", "building": "yes", "building:levels": null, "height": null, "addr:street": null }, "geometry": { "type": "Polygon", "coordinates": [ [ [ 72.8282334, 18.92322 ], [ 72.8281113, 18.9232227 ], [ 72.8281045, 18.9229505 ], [ 72.8282269, 18.9229478 ], [ 72.8282334, 18.92322 ] ] ] } },
{ "type": "Feature", "properties": { "name": "Building (Unlabeled)", "building": "yes", "building:levels": null, "height": null, "addr:street": null }, "geometry": { "type": "Polygon", "coordinates": [ [ [ 72.8264648, 18.92793 ], [ 72.8263333, 18.9277118 ], [ 72.8260836, 18.9278464 ], [ 72.826215, 18.9280646 ], [ 72.8264648, 18.92793 ] ] ] } },
{ "type": "Feature", "properties": { "name": "Museum cafeteria", "building": "yes", "building:levels": null, "height": null, "addr:street": null }, "geometry": { "type": "Polygon", "coordinates": [ [ [ 72.8327095, 18.9259612 ], [ 72.8327175, 18.9259897 ], [ 72.8326992, 18.9259943 ], [ 72.8326912, 18.9259658 ], [ 72.8327095, 18.9259612 ] ] ] } },
{ "type": "Feature", "properties": { "name": "Oricon House", "building": "commercial", "building:levels": null, "height": null, "addr:street": null }, "geometry": { "type": "Polygon", "coordinates": [ [ [ 72.8331458, 18.9271522 ], [ 72.8329372, 18.9272926 ], [ 72.8329812, 18.9273419 ], [ 72.8331815, 18.9272024 ], [ 72.8331458, 18.9271522 ] ] ] } },
{ "type": "Feature", "properties": { "name": "Building (Unlabeled)", "building": "yes", "building:levels": null, "height": null, "addr:street": null }, "geometry": { "type": "Polygon", "coordinates": [ [ [ 72.8330543, 18.9261237 ], [ 72.8331107, 18.9260776 ], [ 72.8330258, 18.9259808 ], [ 72.8329735, 18.9260169 ], [ 72.8330543, 18.9261237 ] ] ] } },
{ "type": "Feature", "properties": { "name": "PVM Gymkhana", "building": "yes", "building:levels": null, "height": null, "addr:street": null }, "geometry": { "type": "Polygon", "coordinates": [ [ [ 72.8275185, 18.9235992 ], [ 72.8274802, 18.9236203 ], [ 72.8274792, 18.9236356 ], [ 72.8274911, 18.9236517 ], [ 72.8275105, 18.9236567 ], [ 72.8275926, 18.9236585 ], [ 72.8275954, 18.9236872 ], [ 72.8277263, 18.9236836 ], [ 72.8277249, 18.9236307 ], [ 72.8277855, 18.9236302 ], [ 72.8277846, 18.9235903 ], [ 72.8278135, 18.923588 ], [ 72.8278107, 18.9235145 ], [ 72.8277931, 18.9235149 ], [ 72.827787, 18.9233939 ], [ 72.8275319, 18.9234044 ], [ 72.8273483, 18.9234108 ], [ 72.827354, 18.9235819 ], [ 72.8275192, 18.9235774 ], [ 72.8275185, 18.9235992 ] ] ] } },
{ "type": "Feature", "properties": { "name": "Rahim Mansion - I", "building": "yes", "building:levels": "3", "height": null, "addr:street": null }, "geometry": { "type": "Polygon", "coordinates": [ [ [ 72.8310567, 18.9230871 ], [ 72.8314409, 18.9229704 ], [ 72.8313832, 18.9228002 ], [ 72.831232, 18.9228461 ], [ 72.8312522, 18.9229056 ], [ 72.8311171, 18.9229467 ], [ 72.8310969, 18.9228872 ], [ 72.8309989, 18.9229169 ], [ 72.8310567, 18.9230871 ] ] ] } },
{ "type": "Feature", "properties": { "name": "Advent Building", "building": "apartments", "building:levels": "8", "height": null, "addr:street": null }, "geometry": { "type": "Polygon", "coordinates": [ [ [ 72.8267496, 18.9247072 ], [ 72.8267328, 18.9243581 ], [ 72.8266669, 18.9243448 ], [ 72.8266379, 18.9247008 ], [ 72.8267496, 18.9247072 ] ] ] } },
{ "type": "Feature", "properties": { "name": "Stephen Hall", "building": "yes", "building:levels": null, "height": null, "addr:street": "Nathalal Parikh Marg, Scindia Society, Cusrow Baug Colony, Apollo Bandar, Colaba" }, "geometry": { "type": "Polygon", "coordinates": [ [ [ 72.8299022, 18.9231447 ], [ 72.8299395, 18.923101 ], [ 72.8300041, 18.9231503 ], [ 72.8302329, 18.9228819 ], [ 72.8300951, 18.9227767 ], [ 72.8298846, 18.9230236 ], [ 72.82992, 18.9230506 ], [ 72.8298644, 18.9231158 ], [ 72.8299022, 18.9231447 ] ] ] } },
{ "type": "Feature", "properties": { "name": "Amarchand Mansion", "building": "apartments", "building:levels": "3", "height": null, "addr:street": "Liberty Oil Mills, Madame Cama Rd, Dr Ambedkar Statue Chowk Area, Colaba" }, "geometry": { "type": "Polygon", "coordinates": [ [ [ 72.830356, 18.9255561 ], [ 72.8303521, 18.9255377 ], [ 72.8304125, 18.9255262 ], [ 72.8304162, 18.9255437 ], [ 72.8304495, 18.9255374 ], [ 72.83044, 18.9254923 ], [ 72.8305476, 18.9254721 ], [ 72.8305599, 18.9255306 ], [ 72.8306964, 18.9255049 ], [ 72.8306866, 18.925458 ], [ 72.8307268, 18.9254505 ], [ 72.8307342, 18.9254856 ], [ 72.8307853, 18.9254791 ], [ 72.8307638, 18.9254059 ], [ 72.8307753, 18.9254031 ], [ 72.8307624, 18.9253411 ], [ 72.8307459, 18.9253427 ], [ 72.830707, 18.9251956 ], [ 72.8306236, 18.9252107 ], [ 72.830634, 18.9252561 ], [ 72.8306982, 18.9252442 ], [ 72.8307128, 18.9253149 ], [ 72.8306848, 18.9253201 ], [ 72.8306918, 18.9253538 ], [ 72.8306498, 18.9253615 ], [ 72.8306362, 18.9252957 ], [ 72.8306093, 18.9253007 ], [ 72.8305876, 18.9251964 ], [ 72.8305154, 18.9252099 ], [ 72.8305254, 18.9252579 ], [ 72.8305097, 18.9252608 ], [ 72.8305181, 18.9253008 ], [ 72.8305418, 18.9252963 ], [ 72.8305558, 18.9253624 ], [ 72.830482, 18.9253764 ], [ 72.8304763, 18.9253496 ], [ 72.8304419, 18.9253561 ], [ 72.8304347, 18.9253223 ], [ 72.8304696, 18.9253156 ], [ 72.8304625, 18.9252821 ], [ 72.830451, 18.9252843 ], [ 72.8304394, 18.9252302 ], [ 72.8303697, 18.9252436 ], [ 72.8303911, 18.9253426 ], [ 72.8303725, 18.9253461 ], [ 72.8303834, 18.9253967 ], [ 72.830369, 18.9253995 ], [ 72.8303645, 18.9253789 ], [ 72.8303339, 18.9253848 ], [ 72.8303223, 18.925331 ], [ 72.8303632, 18.9253232 ], [ 72.8303441, 18.9252338 ], [ 72.830204, 18.9252606 ], [ 72.8302707, 18.9255725 ], [ 72.830356, 18.9255561 ] ] ] } },
{ "type": "Feature", "properties": { "name": "Mittal Tower-C", "building": "apartments", "building:levels": "16", "height": null, "addr:street": "Barrister Rajni Patel Marg, Nariman Point" }, "geometry": { "type": "Polygon", "coordinates": [ [ [ 72.8243255, 18.9251566 ], [ 72.8244177, 18.9251586 ], [ 72.8244169, 18.9251954 ], [ 72.8245311, 18.9251979 ], [ 72.8245319, 18.9251641 ], [ 72.824619, 18.9251659 ], [ 72.8246235, 18.9250366 ], [ 72.8243285, 18.9250317 ], [ 72.8243255, 18.9251566 ] ] ] } },
{ "type": "Feature", "properties": { "name": "Mittal Tower-B", "building": "apartments", "building:levels": "16", "height": null, "addr:street": "Barrister Rajni Patel Marg, Nariman Point" }, "geometry": { "type": "Polygon", "coordinates": [ [ [ 72.8246235, 18.9250366 ], [ 72.8249084, 18.9250393 ], [ 72.8249092, 18.9249605 ], [ 72.8249325, 18.9249607 ], [ 72.8249331, 18.9249006 ], [ 72.8248274, 18.9248996 ], [ 72.8248278, 18.9248544 ], [ 72.8247057, 18.9248533 ], [ 72.8247053, 18.9248987 ], [ 72.824625, 18.9248979 ], [ 72.8246235, 18.9250366 ] ] ] } },
{ "type": "Feature", "properties": { "name": "Mittal Tower-A", "building": "apartments", "building:levels": "16", "height": null, "addr:street": "Barrister Rajni Patel Marg, Nariman Point" }, "geometry": { "type": "Polygon", "coordinates": [ [ [ 72.8249084, 18.9250393 ], [ 72.8249091, 18.9251651 ], [ 72.8249701, 18.9251659 ], [ 72.8249694, 18.9252072 ], [ 72.8250963, 18.9252089 ], [ 72.8250969, 18.9251676 ], [ 72.8251849, 18.9251688 ], [ 72.8251868, 18.9250453 ], [ 72.8249084, 18.9250393 ] ] ] } },
{ "type": "Feature", "properties": { "name": "Wesley Church ( C.N.I )", "building": "apartments", "building:levels": null, "height": null, "addr:street": "Shahid Bhagat Singh Road" }, "geometry": { "type": "Polygon", "coordinates": [ [ [ 72.8308097, 18.9223801 ], [ 72.8309906, 18.9223011 ], [ 72.8309766, 18.9222727 ], [ 72.830939, 18.9222892 ], [ 72.8309118, 18.9222339 ], [ 72.8309697, 18.9222084 ], [ 72.8309898, 18.9222493 ], [ 72.8311552, 18.9221765 ], [ 72.8310688, 18.9220007 ], [ 72.8307661, 18.9221339 ], [ 72.8308148, 18.922233 ], [ 72.8307509, 18.9222611 ], [ 72.8308097, 18.9223801 ] ] ] } },
{ "type": "Feature", "properties": { "name": "State Bank Bhavan", "building": "commercial", "building:levels": "20", "height": null, "addr:street": "Vidhan Bhavan Marg, Nariman Point" }, "geometry": { "type": "Polygon", "coordinates": [ [ [ 72.8254456, 18.925905 ], [ 72.825218, 18.9263884 ], [ 72.8254429, 18.9264832 ], [ 72.8256704, 18.9259997 ], [ 72.8254456, 18.925905 ] ] ] } },
{ "type": "Feature", "properties": { "name": "Indian Mercantile Mansion", "building": "yes", "building:levels": "4", "height": null, "addr:street": "Madame Cama Rd" }, "geometry": { "type": "Polygon", "coordinates": [ [ [ 72.8315623, 18.9250473 ], [ 72.8316775, 18.9249277 ], [ 72.8316701, 18.9249208 ], [ 72.8317797, 18.9247802 ], [ 72.8319239, 18.9249022 ], [ 72.8319368, 18.9248907 ], [ 72.831972, 18.9249119 ], [ 72.831968, 18.9249586 ], [ 72.8319373, 18.9249549 ], [ 72.8319186, 18.9251006 ], [ 72.8317077, 18.9250555 ], [ 72.8316909, 18.9250937 ], [ 72.8315623, 18.9250473 ] ] ] } },
{ "type": "Feature", "properties": { "name": "Oriental Mansion", "building": "yes", "building:levels": "4", "height": null, "addr:street": "Madame Cama Rd" }, "geometry": { "type": "Polygon", "coordinates": [ [ [ 72.8315623, 18.9250473 ], [ 72.8315946, 18.9251837 ], [ 72.8315798, 18.9251875 ], [ 72.8316238, 18.9253588 ], [ 72.8318476, 18.9253075 ], [ 72.83189, 18.9253054 ], [ 72.8319114, 18.9252631 ], [ 72.8318629, 18.9252545 ], [ 72.8318979, 18.9251708 ], [ 72.8317277, 18.9251375 ], [ 72.8317167, 18.9251566 ], [ 72.8316624, 18.9251613 ], [ 72.8316909, 18.9250937 ], [ 72.8315623, 18.9250473 ] ] ] } },
{ "type": "Feature", "properties": { "name": "Linden House", "building": "yes", "building:levels": "3", "height": null, "addr:street": "B K Boman Behram Marg, Apollo Bandar" }, "geometry": { "type": "Polygon", "coordinates": [ [ [ 72.8327591, 18.9231277 ], [ 72.8328472, 18.923303 ], [ 72.8330234, 18.9230745 ], [ 72.833001, 18.9230294 ], [ 72.8327591, 18.9231277 ] ] ] } },
{ "type": "Feature", "properties": { "name": "Chhatrapati Shivaji Maharaj Vastu Sangrahalaya Ticket Office", "building": "yes", "building:levels": null, "height": null, "addr:street": null }, "geometry": { "type": "Polygon", "coordinates": [ [ [ 72.8315535, 18.9268818 ], [ 72.8317135, 18.9268906 ], [ 72.831729, 18.926638 ], [ 72.831569, 18.9266292 ], [ 72.8315535, 18.9268818 ] ] ] } },
{ "type": "Feature", "properties": { "name": "Building (Unlabeled)", "building": "yes", "building:levels": null, "height": null, "addr:street": null }, "geometry": { "type": "Polygon", "coordinates": [ [ [ 72.8296871, 18.9228186 ], [ 72.8299007, 18.9227168 ], [ 72.8299346, 18.9227421 ], [ 72.8298362, 18.9229478 ], [ 72.8296871, 18.9228186 ] ] ] } },
{ "type": "Feature", "properties": { "name": "Colaba Police Colony", "building": "yes", "building:levels": null, "height": null, "addr:street": null }, "geometry": { "type": "Polygon", "coordinates": [ [ [ 72.8301379, 18.9225828 ], [ 72.8302817, 18.9228234 ], [ 72.8303687, 18.9228417 ], [ 72.8307091, 18.9226629 ], [ 72.8307473, 18.9225959 ], [ 72.8305877, 18.9223288 ], [ 72.8305271, 18.9223612 ], [ 72.8306776, 18.9226132 ], [ 72.8305343, 18.9226898 ], [ 72.8303921, 18.9224518 ], [ 72.8303425, 18.9224783 ], [ 72.8304841, 18.9227151 ], [ 72.8303423, 18.9227909 ], [ 72.8301984, 18.9225504 ], [ 72.8301379, 18.9225828 ] ] ] } },
{ "type": "Feature", "properties": { "name": "St. Peter's Armenian Church", "building": "yes", "building:levels": null, "height": null, "addr:street": null }, "geometry": { "type": "Polygon", "coordinates": [ [ [ 72.8323083, 18.9296374 ], [ 72.8323471, 18.9295308 ], [ 72.8325683, 18.9295674 ], [ 72.832547, 18.9296823 ], [ 72.8323083, 18.9296374 ] ] ] } },
{ "type": "Feature", "properties": { "name": "Rythm House", "building": "commercial", "building:levels": null, "height": null, "addr:street": null }, "geometry": { "type": "Polygon", "coordinates": [ [ [ 72.8323673, 18.9281731 ], [ 72.8321402, 18.9281643 ], [ 72.8321414, 18.9281366 ], [ 72.8319705, 18.92813 ], [ 72.8319468, 18.9281121 ], [ 72.8319388, 18.9280748 ], [ 72.8319478, 18.9280456 ], [ 72.8321023, 18.9279131 ], [ 72.832239, 18.9279184 ], [ 72.8324274, 18.9279256 ], [ 72.8324226, 18.9280378 ], [ 72.8323732, 18.9280359 ], [ 72.8323673, 18.9281731 ] ] ] } },
{ "type": "Feature", "properties": { "name": "Building (Unlabeled)", "building": "yes", "building:levels": null, "height": null, "addr:street": null }, "geometry": { "type": "Polygon", "coordinates": [ [ [ 72.832239, 18.9279184 ], [ 72.832187, 18.9278572 ], [ 72.8324309, 18.9276798 ], [ 72.8324607, 18.9277931 ], [ 72.8324347, 18.9278042 ], [ 72.8324755, 18.9279016 ], [ 72.8324274, 18.9279256 ], [ 72.832239, 18.9279184 ] ] ] } },
{ "type": "Feature", "properties": { "name": "Building (Unlabeled)", "building": "yes", "building:levels": null, "height": null, "addr:street": null }, "geometry": { "type": "Polygon", "coordinates": [ [ [ 72.8328411, 18.930171 ], [ 72.8328743, 18.9299305 ], [ 72.8330149, 18.9299479 ], [ 72.8330063, 18.9300105 ], [ 72.8329501, 18.9300035 ], [ 72.8329418, 18.9300635 ], [ 72.8330303, 18.9300745 ], [ 72.8330367, 18.9300275 ], [ 72.8331353, 18.9300397 ], [ 72.8331125, 18.9302046 ], [ 72.8328411, 18.930171 ] ] ] } },
{ "type": "Feature", "properties": { "name": "Building (Unlabeled)", "building": "yes", "building:levels": null, "height": null, "addr:street": null }, "geometry": { "type": "Polygon", "coordinates": [ [ [ 72.8273685, 18.9218737 ], [ 72.8273908, 18.9220964 ], [ 72.8277297, 18.9220661 ], [ 72.8277075, 18.9218434 ], [ 72.8273685, 18.9218737 ] ] ] } },
{ "type": "Feature", "properties": { "name": "Building (Unlabeled)", "building": "yes", "building:levels": null, "height": null, "addr:street": null }, "geometry": { "type": "Polygon", "coordinates": [ [ [ 72.832359, 18.9229851 ], [ 72.832314, 18.9228812 ], [ 72.8325217, 18.9228006 ], [ 72.8325667, 18.9229044 ], [ 72.832359, 18.9229851 ] ] ] } },
{ "type": "Feature", "properties": { "name": "Building (Unlabeled)", "building": "yes", "building:levels": null, "height": null, "addr:street": null }, "geometry": { "type": "Polygon", "coordinates": [ [ [ 72.8322813, 18.9227458 ], [ 72.8323201, 18.9228286 ], [ 72.8324828, 18.9227603 ], [ 72.8324439, 18.9226775 ], [ 72.8322813, 18.9227458 ] ] ] } },
{ "type": "Feature", "properties": { "name": "Building (Unlabeled)", "building": "yes", "building:levels": null, "height": null, "addr:street": null }, "geometry": { "type": "Polygon", "coordinates": [ [ [ 72.8237045, 18.9259962 ], [ 72.8236838, 18.9259087 ], [ 72.8236534, 18.9259001 ], [ 72.8236424, 18.9259167 ], [ 72.8236126, 18.9259167 ], [ 72.8236081, 18.9259362 ], [ 72.8235738, 18.9259411 ], [ 72.8235744, 18.9259601 ], [ 72.8235473, 18.9259674 ], [ 72.823555, 18.9259925 ], [ 72.8235305, 18.9260109 ], [ 72.8235428, 18.9260354 ], [ 72.8235259, 18.9260574 ], [ 72.8235434, 18.9260776 ], [ 72.8235318, 18.926099 ], [ 72.8235583, 18.9261161 ], [ 72.8235596, 18.9261424 ], [ 72.8235867, 18.9261492 ], [ 72.8235971, 18.9261718 ], [ 72.8236178, 18.92617 ], [ 72.8236294, 18.9261957 ], [ 72.8236792, 18.9261192 ], [ 72.8236676, 18.9261008 ], [ 72.8236546, 18.9260837 ], [ 72.8236495, 18.9260629 ], [ 72.8236521, 18.9260384 ], [ 72.8236631, 18.9260219 ], [ 72.8236818, 18.9260084 ], [ 72.8237045, 18.9259962 ] ] ] } },
{ "type": "Feature", "properties": { "name": "Building (Unlabeled)", "building": "yes", "building:levels": null, "height": null, "addr:street": null }, "geometry": { "type": "Polygon", "coordinates": [ [ [ 72.8247518, 18.9258904 ], [ 72.8247629, 18.9258743 ], [ 72.8247596, 18.9258507 ], [ 72.8247496, 18.9258293 ], [ 72.8247342, 18.9258173 ], [ 72.8247159, 18.9258105 ], [ 72.824685, 18.9258032 ], [ 72.8246751, 18.9257071 ], [ 72.8246988, 18.9256919 ], [ 72.8247209, 18.9257008 ], [ 72.8247391, 18.9256925 ], [ 72.8247546, 18.9257086 ], [ 72.8247784, 18.9257092 ], [ 72.8247866, 18.9257269 ], [ 72.8248109, 18.9257322 ], [ 72.8248176, 18.9257551 ], [ 72.8248402, 18.925764 ], [ 72.824838, 18.9257865 ], [ 72.8248573, 18.9257995 ], [ 72.8248601, 18.9258225 ], [ 72.8248711, 18.9258434 ], [ 72.8248628, 18.9258617 ], [ 72.8248684, 18.9258821 ], [ 72.8248535, 18.9258998 ], [ 72.8248584, 18.9259192 ], [ 72.8248352, 18.9259505 ], [ 72.8247518, 18.9258904 ] ] ] } },
{ "type": "Feature", "properties": { "name": "राजाबाई घड्याळ टॉवर", "building": "clock_tower", "building:levels": "5", "height": null, "addr:street": null }, "geometry": { "type": "Polygon", "coordinates": [ [ [ 72.8299906, 18.9296108 ], [ 72.8300833, 18.9296191 ], [ 72.8300833, 18.9297133 ], [ 72.8299883, 18.9297134 ], [ 72.8299906, 18.9296108 ] ] ] } },
{ "type": "Feature", "properties": { "name": "Building (Unlabeled)", "building": "yes", "building:levels": null, "height": null, "addr:street": null }, "geometry": { "type": "Polygon", "coordinates": [ [ [ 72.8326643, 18.9288791 ], [ 72.8328511, 18.9289652 ], [ 72.8328224, 18.929021 ], [ 72.8327207, 18.9289742 ], [ 72.8327063, 18.9290022 ], [ 72.8326211, 18.9289629 ], [ 72.8326643, 18.9288791 ] ] ] } },
{ "type": "Feature", "properties": { "name": "Building (Unlabeled)", "building": "yes", "building:levels": null, "height": null, "addr:street": null }, "geometry": { "type": "Polygon", "coordinates": [ [ [ 72.8319554, 18.9286588 ], [ 72.8320948, 18.9286919 ], [ 72.8321101, 18.9287134 ], [ 72.8320851, 18.9288074 ], [ 72.8319259, 18.9287696 ], [ 72.8319554, 18.9286588 ] ] ] } },
{ "type": "Feature", "properties": { "name": "Building (Unlabeled)", "building": "yes", "building:levels": null, "height": null, "addr:street": null }, "geometry": { "type": "Polygon", "coordinates": [ [ [ 72.8320431, 18.928466 ], [ 72.8321591, 18.9285104 ], [ 72.8321107, 18.9286282 ], [ 72.831994, 18.9285858 ], [ 72.8320431, 18.928466 ] ] ] } },
{ "type": "Feature", "properties": { "name": "Building (Unlabeled)", "building": "yes", "building:levels": null, "height": null, "addr:street": null }, "geometry": { "type": "Polygon", "coordinates": [ [ [ 72.8328713, 18.9273022 ], [ 72.8329917, 18.927465 ], [ 72.8329023, 18.9275242 ], [ 72.8328816, 18.9274963 ], [ 72.832837, 18.9275258 ], [ 72.8327853, 18.9274559 ], [ 72.8327249, 18.9274958 ], [ 72.8326769, 18.9274309 ], [ 72.8328713, 18.9273022 ] ] ] } },
{ "type": "Feature", "properties": { "name": "Building (Unlabeled)", "building": "yes", "building:levels": null, "height": null, "addr:street": null }, "geometry": { "type": "Polygon", "coordinates": [ [ [ 72.832843, 18.9319766 ], [ 72.8331011, 18.9319466 ], [ 72.8331215, 18.9321039 ], [ 72.8328634, 18.9321338 ], [ 72.832843, 18.9319766 ] ] ] } },
{ "type": "Feature", "properties": { "name": "Building (Unlabeled)", "building": "yes", "building:levels": null, "height": null, "addr:street": null }, "geometry": { "type": "Polygon", "coordinates": [ [ [ 72.832591, 18.9318246 ], [ 72.8328693, 18.9317767 ], [ 72.8328964, 18.9319174 ], [ 72.8326181, 18.9319653 ], [ 72.832591, 18.9318246 ] ] ] } },
{ "type": "Feature", "properties": { "name": "Building (Unlabeled)", "building": "yes", "building:levels": null, "height": null, "addr:street": null }, "geometry": { "type": "Polygon", "coordinates": [ [ [ 72.8270255, 18.9318776 ], [ 72.8271446, 18.9320107 ], [ 72.8268966, 18.9322092 ], [ 72.8267775, 18.932076 ], [ 72.8270255, 18.9318776 ] ] ] } },
{ "type": "Feature", "properties": { "name": "Building (Unlabeled)", "building": "yes", "building:levels": null, "height": null, "addr:street": null }, "geometry": { "type": "Polygon", "coordinates": [ [ [ 72.8274793, 18.9300774 ], [ 72.8277137, 18.9300761 ], [ 72.8277125, 18.9298923 ], [ 72.8274786, 18.9299735 ], [ 72.8274793, 18.9300774 ] ] ] } },
{ "type": "Feature", "properties": { "name": "Building (Unlabeled)", "building": "yes", "building:levels": null, "height": null, "addr:street": null }, "geometry": { "type": "Polygon", "coordinates": [ [ [ 72.8319529, 18.9311905 ], [ 72.832131, 18.9312274 ], [ 72.8321043, 18.9313425 ], [ 72.8319262, 18.9313056 ], [ 72.8319529, 18.9311905 ] ] ] } },
{ "type": "Feature", "properties": { "name": "Building (Unlabeled)", "building": "yes", "building:levels": null, "height": null, "addr:street": null }, "geometry": { "type": "Polygon", "coordinates": [ [ [ 72.8320163, 18.9307386 ], [ 72.832332, 18.9307645 ], [ 72.8323209, 18.9308861 ], [ 72.8320051, 18.9308601 ], [ 72.8320163, 18.9307386 ] ] ] } },
{ "type": "Feature", "properties": { "name": "Building (Unlabeled)", "building": "yes", "building:levels": null, "height": null, "addr:street": null }, "geometry": { "type": "Polygon", "coordinates": [ [ [ 72.8323802, 18.9309031 ], [ 72.8325852, 18.9309111 ], [ 72.83259, 18.9308007 ], [ 72.832385, 18.9307927 ], [ 72.8323802, 18.9309031 ] ] ] } },
{ "type": "Feature", "properties": { "name": "Building (Unlabeled)", "building": "yes", "building:levels": null, "height": null, "addr:street": null }, "geometry": { "type": "Polygon", "coordinates": [ [ [ 72.832366, 18.9302344 ], [ 72.8323538, 18.9304648 ], [ 72.8320909, 18.9304332 ], [ 72.8321285, 18.9302805 ], [ 72.8321721, 18.9302459 ], [ 72.8322401, 18.9302363 ], [ 72.832366, 18.9302344 ] ] ] } },
{ "type": "Feature", "properties": { "name": "Building (Unlabeled)", "building": "yes", "building:levels": null, "height": null, "addr:street": null }, "geometry": { "type": "Polygon", "coordinates": [ [ [ 72.8322262, 18.9304606 ], [ 72.8321969, 18.9306365 ], [ 72.8320693, 18.9306176 ], [ 72.8320746, 18.9305857 ], [ 72.8320562, 18.9305829 ], [ 72.8320739, 18.9304768 ], [ 72.8320931, 18.9304796 ], [ 72.8320994, 18.9304417 ], [ 72.8322262, 18.9304606 ] ] ] } },
{ "type": "Feature", "properties": { "name": "Building (Unlabeled)", "building": "yes", "building:levels": null, "height": null, "addr:street": null }, "geometry": { "type": "Polygon", "coordinates": [ [ [ 72.8254219, 18.9287576 ], [ 72.8254954, 18.9288104 ], [ 72.8255454, 18.9287481 ], [ 72.825472, 18.9286953 ], [ 72.8254219, 18.9287576 ] ] ] } },
{ "type": "Feature", "properties": { "name": "Building (Unlabeled)", "building": "yes", "building:levels": null, "height": null, "addr:street": null }, "geometry": { "type": "Polygon", "coordinates": [ [ [ 72.8246478, 18.928958 ], [ 72.8246989, 18.9289671 ], [ 72.8246871, 18.9290266 ], [ 72.824636, 18.9290175 ], [ 72.8246478, 18.928958 ] ] ] } },
{ "type": "Feature", "properties": { "name": "Building (Unlabeled)", "building": "yes", "building:levels": null, "height": null, "addr:street": null }, "geometry": { "type": "Polygon", "coordinates": [ [ [ 72.8254454, 18.9297109 ], [ 72.8254722, 18.9297446 ], [ 72.8255288, 18.9297042 ], [ 72.8255019, 18.9296705 ], [ 72.8254454, 18.9297109 ] ] ] } }
]
}
