{
"type": "FeatureCollection",
"name": "roads",
"crs": { "type": "name", "properties": { "name": "urn:ogc:def:crs:OGC:1.3:CRS84" } },
"features": [
{ "type": "Feature", "properties": { "name": "Homi Modi Street", "highway": "residential", "lanes": "1" }, "geometry": { "type": "LineString", "coordinates": [ [ 72.8317041, 18.9316971 ], [ 72.8322628, 18.9315195 ], [ 72.8326027, 18.9314411 ], [ 72.8331, 18.9313284 ], [ 72.8340882, 18.9311664 ] ] } },
{ "type": "Feature", "properties": { "name": "Dinshaw Wachha Road", "highway": "tertiary", "lanes": "1" }, "geometry": { "type": "LineString", "coordinates": [ [ 72.8259223, 18.9304781 ], [ 72.8254075, 18.9306465 ], [ 72.8251082, 18.9307654 ], [ 72.8248193, 18.9308729 ], [ 72.8247467, 18.9308999 ], [ 72.8246066, 18.9309518 ], [ 72.8241142, 18.931135 ], [ 72.8240647, 18.9311524 ], [ 72.8240259, 18.9311645 ], [ 72.8237672, 18.931263 ], [ 72.8237379, 18.931274 ], [ 72.8234599, 18.9313778 ] ] } },
{ "type": "Feature", "properties": { "name": "Mahakavi Bhushan Road (Lansdowne Road)", "highway": "tertiary", "lanes": "1" }, "geometry": { "type": "LineString", "coordinates": [ [ 72.8321271, 18.9242436 ], [ 72.8324456, 18.9238081 ], [ 72.8326216, 18.9236044 ], [ 72.8328257, 18.9233598 ], [ 72.8330804, 18.9230594 ] ] } },
{ "type": "Feature", "properties": { "name": "Ambalal Doshi Road", "highway": "residential", "lanes": "1" }, "geometry": { "type": "LineString", "coordinates": [ [ 72.8338816, 18.930262 ], [ 72.8327344, 18.9302166 ], [ 72.8327012, 18.9302147 ], [ 72.8326794, 18.9302127 ] ] } },
{ "type": "Feature", "properties": { "name": "Dr V B Gandhi Road (Forbes Street)", "highway": "tertiary", "lanes": "1" }, "geometry": { "type": "LineString", "coordinates": [ [ 72.8317434, 18.9280825 ], [ 72.8320837, 18.9281729 ], [ 72.8324781, 18.9282075 ], [ 72.8330134, 18.9282918 ], [ 72.8333117, 18.9283877 ], [ 72.8334577, 18.9284213 ], [ 72.8335905, 18.9284428 ], [ 72.833666, 18.9284535 ], [ 72.8339441, 18.9284747 ] ] } },
{ "type": "Feature", "properties": { "name": "Tullock Road", "highway": "residential", "lanes": "1" }, "geometry": { "type": "LineString", "coordinates": [ [ 72.8326216, 18.9236044 ], [ 72.8322054, 18.9226885 ] ] } },
{ "type": "Feature", "properties": { "name": "Stevens Street", "highway": "residential", "lanes": "2" }, "geometry": { "type": "LineString", "coordinates": [ [ 72.8328257, 18.9233598 ], [ 72.8334761, 18.9238193 ] ] } },
{ "type": "Feature", "properties": { "name": "HT Parekh Road", "highway": "tertiary", "lanes": "1" }, "geometry": { "type": "LineString", "coordinates": [ [ 72.8255115, 18.9296405 ], [ 72.8256035, 18.9295834 ], [ 72.8256168, 18.9295752 ], [ 72.8257597, 18.9294874 ], [ 72.8258917, 18.9294064 ], [ 72.826603, 18.9289695 ], [ 72.8272744, 18.928629 ], [ 72.827484, 18.9285541 ], [ 72.8276833, 18.9285221 ], [ 72.8281185, 18.9285018 ] ] } },
{ "type": "Feature", "properties": { "name": "Burjorji Bharucha Road", "highway": "residential", "lanes": "1" }, "geometry": { "type": "LineString", "coordinates": [ [ 72.8325744, 18.9289618 ], [ 72.8322712, 18.928804 ], [ 72.8321627, 18.9287184 ], [ 72.8319629, 18.9286155 ], [ 72.8314543, 18.928565 ] ] } },
{ "type": "Feature", "properties": { "name": "Abdul Razak Allana Marg", "highway": "residential", "lanes": "1" }, "geometry": { "type": "LineString", "coordinates": [ [ 72.8322425, 18.9296127 ], [ 72.8320074, 18.9295709 ], [ 72.8318117, 18.9295423 ], [ 72.8314088, 18.9295071 ] ] } },
{ "type": "Feature", "properties": { "name": "Homi Modi Street", "highway": "tertiary", "lanes": "1" }, "geometry": { "type": "LineString", "coordinates": [ [ 72.8313121, 18.9319398 ], [ 72.8314964, 18.9318285 ], [ 72.8317041, 18.9316971 ] ] } },
{ "type": "Feature", "properties": { "name": "Rutherfield Street", "highway": "residential", "lanes": "1" }, "geometry": { "type": "LineString", "coordinates": [ [ 72.8319629, 18.9286155 ], [ 72.8320837, 18.9281729 ] ] } },
{ "type": "Feature", "properties": { "name": "Babubahi M. Chinai Road", "highway": "service", "lanes": "1" }, "geometry": { "type": "LineString", "coordinates": [ [ 72.8238087, 18.929557 ], [ 72.8237535, 18.9296491 ], [ 72.8234512, 18.9298069 ], [ 72.8231381, 18.9299703 ], [ 72.8231122, 18.9299838 ], [ 72.8230848, 18.9299974 ], [ 72.8227994, 18.9301387 ], [ 72.8223783, 18.9303526 ] ] } },
{ "type": "Feature", "properties": { "name": "Nowroji Ferdonji Street", "highway": "residential", "lanes": "1" }, "geometry": { "type": "LineString", "coordinates": [ [ 72.8328032, 18.9224596 ], [ 72.8322054, 18.9226885 ], [ 72.8316455, 18.922903 ] ] } },
{ "type": "Feature", "properties": { "name": "JD Daruwala Marg", "highway": "residential", "lanes": "1" }, "geometry": { "type": "LineString", "coordinates": [ [ 72.8256079, 18.9282027 ], [ 72.8258881, 18.9282497 ], [ 72.8260356, 18.9282852 ], [ 72.8261537, 18.9283405 ], [ 72.826353, 18.9286195 ], [ 72.826603, 18.9289695 ] ] } },
{ "type": "Feature", "properties": { "name": "Rope Walk Street", "highway": "residential", "lanes": "1" }, "geometry": { "type": "LineString", "coordinates": [ [ 72.8324781, 18.9282075 ], [ 72.8322712, 18.928804 ] ] } },
{ "type": "Feature", "properties": { "name": "Battery Street", "highway": "residential", "lanes": "1" }, "geometry": { "type": "LineString", "coordinates": [ [ 72.8324456, 18.9238081 ], [ 72.8330942, 18.9242794 ] ] } },
{ "type": "Feature", "properties": { "name": "Nagindas Master Road", "highway": "residential", "lanes": "1" }, "geometry": { "type": "LineString", "coordinates": [ [ 72.8319283, 18.9307064 ], [ 72.8320112, 18.930412 ], [ 72.8320712, 18.9301448 ], [ 72.8322425, 18.9296127 ], [ 72.8323712, 18.9293287 ], [ 72.8323811, 18.9293031 ], [ 72.8325744, 18.9289618 ], [ 72.8327227, 18.9287406 ], [ 72.8328658, 18.9285109 ], [ 72.8330134, 18.9282918 ] ] } },
{ "type": "Feature", "properties": { "name": "Convent Street", "highway": "residential", "lanes": "1" }, "geometry": { "type": "LineString", "coordinates": [ [ 72.830821, 18.9238758 ], [ 72.8311476, 18.923504 ], [ 72.8313977, 18.9234202 ], [ 72.8317089, 18.9233133 ] ] } },
{ "type": "Feature", "properties": { "name": "Homi Modi Street 2nd Cross Lane", "highway": "residential", "lanes": "1" }, "geometry": { "type": "LineString", "coordinates": [ [ 72.8326796, 18.9307758 ], [ 72.8326027, 18.9314411 ] ] } },
{ "type": "Feature", "properties": { "name": "Mupanna P Shetty Marg", "highway": "residential", "lanes": "1" }, "geometry": { "type": "LineString", "coordinates": [ [ 72.8326796, 18.9307758 ], [ 72.8329772, 18.9307855 ], [ 72.8329946, 18.9308012 ], [ 72.8331, 18.9313284 ] ] } },
{ "type": "Feature", "properties": { "name": "Vidhan Bhavan Cross Road", "highway": "service", "lanes": "1" }, "geometry": { "type": "LineString", "coordinates": [ [ 72.8250229, 18.9258471 ], [ 72.8247137, 18.9268488 ] ] } },
{ "type": "Feature", "properties": { "name": "Freedom Fighter Ramnanth Goenka Marg", "highway": "unclassified", "lanes": "1" }, "geometry": { "type": "LineString", "coordinates": [ [ 72.8217115, 18.927643 ], [ 72.8223865, 18.9278312 ], [ 72.8227743, 18.927933 ] ] } },
{ "type": "Feature", "properties": { "name": "Unnamed Road", "highway": "service", "lanes": "1" }, "geometry": { "type": "LineString", "coordinates": [ [ 72.8305584, 18.9301636 ], [ 72.8307199, 18.9310994 ], [ 72.8308313, 18.9317479 ], [ 72.8308475, 18.9317725 ], [ 72.8308723, 18.9317846 ], [ 72.8309079, 18.9317888 ], [ 72.8310049, 18.9317711 ], [ 72.8311769, 18.9317328 ], [ 72.8313252, 18.9316983 ] ] } },
{ "type": "Feature", "properties": { "name": "Ash Lane", "highway": "residential", "lanes": "1" }, "geometry": { "type": "LineString", "coordinates": [ [ 72.8313996, 18.9303556 ], [ 72.8317207, 18.9303853 ], [ 72.8320112, 18.930412 ] ] } },
{ "type": "Feature", "properties": { "name": "University Road", "highway": "residential", "lanes": "1" }, "geometry": { "type": "LineString", "coordinates": [ [ 72.8296835, 18.9301574 ], [ 72.8305584, 18.9301636 ], [ 72.8313002, 18.9301872 ], [ 72.8314032, 18.930194 ] ] } },
{ "type": "Feature", "properties": { "name": "Jeevan Bima Road", "highway": "tertiary", "lanes": "1" }, "geometry": { "type": "LineString", "coordinates": [ [ 72.8230904, 18.9289139 ], [ 72.8232603, 18.929096 ], [ 72.8233828, 18.9291861 ], [ 72.8235228, 18.9292584 ], [ 72.8236798, 18.9293189 ], [ 72.8238385, 18.9293596 ], [ 72.8240713, 18.9293512 ], [ 72.8243816, 18.9292702 ], [ 72.8244028, 18.9292647 ], [ 72.8247579, 18.9291388 ] ] } },
{ "type": "Feature", "properties": { "name": "Cooperage Road", "highway": "tertiary", "lanes": "1" }, "geometry": { "type": "LineString", "coordinates": [ [ 72.829771, 18.9258869 ], [ 72.8295552, 18.9252 ], [ 72.8294493, 18.9238817 ], [ 72.8294365, 18.923723 ], [ 72.8293815, 18.9230385 ], [ 72.8294226, 18.9228355 ] ] } },
{ "type": "Feature", "properties": { "name": "Maharshi Karve Road", "highway": "tertiary", "lanes": "1" }, "geometry": { "type": "LineString", "coordinates": [ [ 72.8278729, 18.921752 ], [ 72.8278904, 18.9220446 ], [ 72.8279245, 18.9229785 ], [ 72.8280127, 18.9253952 ], [ 72.8280127, 18.9254603 ], [ 72.8280309, 18.9259889 ], [ 72.8280322, 18.9260259 ], [ 72.8280343, 18.9263905 ] ] } },
{ "type": "Feature", "properties": { "name": "Vidhan Bhavan Road", "highway": "service", "lanes": "1" }, "geometry": { "type": "LineString", "coordinates": [ [ 72.8259816, 18.9271457 ], [ 72.8258376, 18.9270814 ], [ 72.825601, 18.9268759 ], [ 72.8252758, 18.9267162 ], [ 72.8250637, 18.926673 ], [ 72.8249493, 18.9267095 ], [ 72.8248669, 18.9267619 ], [ 72.8248, 18.9268159 ], [ 72.8247137, 18.9268488 ], [ 72.8244049, 18.9268986 ], [ 72.823882, 18.9269633 ], [ 72.8237675, 18.9269176 ] ] } },
{ "type": "Feature", "properties": { "name": "Nanik Motawani Marg", "highway": "residential", "lanes": "1" }, "geometry": { "type": "LineString", "coordinates": [ [ 72.8323712, 18.9293287 ], [ 72.8320312, 18.9292314 ], [ 72.8317016, 18.9291508 ], [ 72.8314327, 18.929102 ] ] } },
{ "type": "Feature", "properties": { "name": "Free Press Journal Road", "highway": "tertiary", "lanes": "1" }, "geometry": { "type": "LineString", "coordinates": [ [ 72.8233523, 18.9228186 ], [ 72.8235732, 18.9230767 ], [ 72.8238674, 18.9234245 ], [ 72.8239256, 18.9234933 ], [ 72.8241512, 18.9237601 ], [ 72.824212, 18.923832 ], [ 72.8244274, 18.9240867 ], [ 72.8245251, 18.9241972 ], [ 72.8247428, 18.9244429 ] ] } },
{ "type": "Feature", "properties": { "name": "Marine Drive", "highway": "primary", "lanes": "3" }, "geometry": { "type": "LineString", "coordinates": [ [ 72.8217873, 18.9296497 ], [ 72.8222416, 18.9304169 ], [ 72.8225315, 18.9309541 ], [ 72.8226569, 18.9312171 ] ] } },
{ "type": "Feature", "properties": { "name": "Jagannath Bhosle Road", "highway": "secondary", "lanes": "2" }, "geometry": { "type": "LineString", "coordinates": [ [ 72.8270167, 18.9263482 ], [ 72.8270804, 18.9262406 ], [ 72.8270677, 18.9259931 ], [ 72.8270484, 18.925703 ], [ 72.8270282, 18.9254264 ], [ 72.827005, 18.9250751 ], [ 72.8269938, 18.9247234 ], [ 72.8269728, 18.9242841 ], [ 72.8269317, 18.9238107 ], [ 72.8268035, 18.9229322 ], [ 72.8265934, 18.9217793 ], [ 72.8264768, 18.9213332 ], [ 72.8263833, 18.9210581 ] ] } },
{ "type": "Feature", "properties": { "name": "Nathalal M. Parikh Road", "highway": "tertiary", "lanes": "3" }, "geometry": { "type": "LineString", "coordinates": [ [ 72.8294226, 18.9228355 ], [ 72.8301819, 18.9234041 ], [ 72.830821, 18.9238758 ], [ 72.8318738, 18.9247201 ], [ 72.8321506, 18.9249729 ] ] } },
{ "type": "Feature", "properties": { "name": "Nanabhai Moos Marg (Upper Colaba Road)", "highway": "secondary", "lanes": "2" }, "geometry": { "type": "LineString", "coordinates": [ [ 72.8321271, 18.9242436 ], [ 72.83194, 18.9237635 ], [ 72.8316455, 18.922903 ], [ 72.8314532, 18.9223975 ], [ 72.8312283, 18.9218773 ] ] } },
{ "type": "Feature", "properties": { "name": "Unnamed Road", "highway": "secondary_link", "lanes": "1" }, "geometry": { "type": "LineString", "coordinates": [ [ 72.8320832, 18.9244997 ], [ 72.8318738, 18.9247201 ] ] } },
{ "type": "Feature", "properties": { "name": "Sai Baba Road", "highway": "residential", "lanes": "1" }, "geometry": { "type": "LineString", "coordinates": [ [ 72.8324761, 18.9275136 ], [ 72.8324791, 18.9275577 ], [ 72.8326056, 18.9279544 ], [ 72.8325904, 18.9279863 ], [ 72.8325325, 18.9279911 ], [ 72.8325159, 18.9280043 ], [ 72.8324781, 18.9282075 ] ] } },
{ "type": "Feature", "properties": { "name": "Kaikhushru Dubash Marg", "highway": "tertiary", "lanes": "1" }, "geometry": { "type": "LineString", "coordinates": [ [ 72.8333999, 18.9267606 ], [ 72.8332529, 18.9269006 ], [ 72.8331101, 18.9270179 ], [ 72.8328422, 18.9272104 ], [ 72.8324761, 18.9275136 ], [ 72.83225, 18.9277162 ] ] } },
{ "type": "Feature", "properties": { "name": "Karmaveer Bhaurao Patil Marg (Mayo Road)", "highway": "secondary", "lanes": "1" }, "geometry": { "type": "LineString", "coordinates": [ [ 72.8292197, 18.9263055 ], [ 72.8293702, 18.9263501 ], [ 72.8294487, 18.9263699 ], [ 72.8295175, 18.9264044 ], [ 72.8296172, 18.9265268 ], [ 72.8296658, 18.9266953 ], [ 72.82972, 18.926971 ] ] } },
{ "type": "Feature", "properties": { "name": "Chhatrapati Shivaji Maharaj Marg", "highway": "tertiary", "lanes": "3" }, "geometry": { "type": "LineString", "coordinates": [ [ 72.8325814, 18.9253002 ], [ 72.8326556, 18.9252291 ], [ 72.8326773, 18.9251952 ], [ 72.8326918, 18.9251725 ], [ 72.8327739, 18.924947 ], [ 72.8331441, 18.9243118 ], [ 72.833207, 18.924245 ], [ 72.8335218, 18.9238571 ], [ 72.8335925, 18.9237747 ], [ 72.8337867, 18.9235493 ], [ 72.8338289, 18.9234995 ], [ 72.8338523, 18.9234371 ] ] } },
{ "type": "Feature", "properties": { "name": "Barrister Rajni Patel Marg", "highway": "tertiary", "lanes": "1" }, "geometry": { "type": "LineString", "coordinates": [ [ 72.8252308, 18.9253946 ], [ 72.8250954, 18.9254098 ], [ 72.8248636, 18.9254048 ], [ 72.8246721, 18.9254135 ], [ 72.8243375, 18.9254346 ], [ 72.8241232, 18.9254647 ], [ 72.8236793, 18.9255893 ], [ 72.8232103, 18.925763 ], [ 72.8230833, 18.9258316 ], [ 72.8230785, 18.9258342 ] ] } },
{ "type": "Feature", "properties": { "name": "Dalal Street", "highway": "residential", "lanes": "1" }, "geometry": { "type": "LineString", "coordinates": [ [ 72.8338328, 18.9298128 ], [ 72.8337432, 18.9296966 ], [ 72.8330225, 18.9294246 ], [ 72.8324813, 18.9293273 ], [ 72.8324401, 18.9293157 ], [ 72.8323811, 18.9293031 ] ] } },
{ "type": "Feature", "properties": { "name": "Homi Modi Cross Street No 1", "highway": "service", "lanes": "1" }, "geometry": { "type": "LineString", "coordinates": [ [ 72.8331559, 18.9317121 ], [ 72.8324046, 18.9318348 ], [ 72.8323654, 18.9318266 ], [ 72.8323392, 18.9317987 ], [ 72.8322628, 18.9315195 ] ] } },
{ "type": "Feature", "properties": { "name": "Mahatma Gandhi Road", "highway": "tertiary", "lanes": "1" }, "geometry": { "type": "LineString", "coordinates": [ [ 72.8317819, 18.9314776 ], [ 72.8316763, 18.9313968 ], [ 72.8316299, 18.9313498 ], [ 72.8315726, 18.9311972 ], [ 72.831562, 18.9311692 ], [ 72.8314082, 18.9307601 ] ] } },
{ "type": "Feature", "properties": { "name": "Unnamed Road", "highway": "service", "lanes": "1" }, "geometry": { "type": "LineString", "coordinates": [ [ 72.831551, 18.9264095 ], [ 72.8316402, 18.9264473 ], [ 72.8317923, 18.9265388 ], [ 72.8318171, 18.9266195 ], [ 72.8319155, 18.9267356 ], [ 72.832034, 18.9268148 ], [ 72.8322114, 18.9270217 ], [ 72.8322221, 18.9270616 ], [ 72.8322064, 18.9271038 ], [ 72.8318523, 18.9273602 ] ] } },
{ "type": "Feature", "properties": { "name": "Unnamed Road", "highway": "service", "lanes": "1" }, "geometry": { "type": "LineString", "coordinates": [ [ 72.8317923, 18.9265388 ], [ 72.8318407, 18.9264305 ], [ 72.8319474, 18.9262948 ], [ 72.8320752, 18.9261894 ], [ 72.8322481, 18.9260921 ], [ 72.8323911, 18.9260385 ], [ 72.832519, 18.9260236 ], [ 72.8326383, 18.9260769 ], [ 72.8327003, 18.9261411 ], [ 72.8327456, 18.9262634 ], [ 72.8327567, 18.926331 ], [ 72.8327532, 18.9263747 ], [ 72.8327322, 18.9264727 ], [ 72.8326592, 18.9265995 ], [ 72.8325365, 18.9267349 ], [ 72.8324408, 18.9267984 ], [ 72.8323427, 18.9268317 ], [ 72.8322235, 18.9268415 ], [ 72.832034, 18.9268148 ] ] } },
{ "type": "Feature", "properties": { "name": "British Hotel Lane", "highway": "residential", "lanes": "1" }, "geometry": { "type": "LineString", "coordinates": [ [ 72.8327227, 18.9287406 ], [ 72.8334882, 18.9289108 ] ] } },
{ "type": "Feature", "properties": { "name": "Nanabhai Moos Marg (Upper Colaba Road)", "highway": "secondary", "lanes": "2" }, "geometry": { "type": "LineString", "coordinates": [ [ 72.8311531, 18.9219085 ], [ 72.8317089, 18.9233133 ], [ 72.8318052, 18.923605 ], [ 72.8319158, 18.9239181 ], [ 72.8319799, 18.9241068 ], [ 72.8320442, 18.9243396 ], [ 72.8320832, 18.9244997 ], [ 72.8321506, 18.9249729 ], [ 72.8321523, 18.9249863 ], [ 72.8321761, 18.9251002 ] ] } },
{ "type": "Feature", "properties": { "name": "Unnamed Road", "highway": "pedestrian", "lanes": "1" }, "geometry": { "type": "LineString", "coordinates": [ [ 72.8323339, 18.9264933 ], [ 72.8325365, 18.9267349 ] ] } },
{ "type": "Feature", "properties": { "name": "Unnamed Road", "highway": "pedestrian", "lanes": "1" }, "geometry": { "type": "LineString", "coordinates": [ [ 72.8322456, 18.9264876 ], [ 72.8319155, 18.9267356 ] ] } },
{ "type": "Feature", "properties": { "name": "Unnamed Road", "highway": "path", "lanes": "1" }, "geometry": { "type": "LineString", "coordinates": [ [ 72.8255608, 18.9225459 ], [ 72.8253811, 18.9219624 ], [ 72.8253168, 18.9216883 ], [ 72.8253123, 18.9216716 ], [ 72.8251022, 18.9208866 ], [ 72.8250807, 18.9207622 ], [ 72.8251263, 18.920643 ], [ 72.825754, 18.9204299 ], [ 72.8259471, 18.9203893 ], [ 72.8257915, 18.9199019 ], [ 72.8256279, 18.9193896 ], [ 72.8254267, 18.9192322 ], [ 72.8253933, 18.9191991 ], [ 72.825317, 18.9191236 ] ] } },
{ "type": "Feature", "properties": { "name": "Unnamed Road", "highway": "path", "lanes": "1" }, "geometry": { "type": "LineString", "coordinates": [ [ 72.8252899, 18.9227058 ], [ 72.8253516, 18.9225738 ], [ 72.8253623, 18.9224647 ], [ 72.8254214, 18.9223912 ], [ 72.8253007, 18.9219903 ], [ 72.8252819, 18.9217721 ], [ 72.8253123, 18.9216716 ] ] } },
{ "type": "Feature", "properties": { "name": "Jamshedji Tata Road", "highway": "tertiary", "lanes": "1" }, "geometry": { "type": "LineString", "coordinates": [ [ 72.824785, 18.928954 ], [ 72.8244507, 18.9285406 ], [ 72.8242777, 18.9282511 ] ] } },
{ "type": "Feature", "properties": { "name": "Mahatma Gandhi Road", "highway": "primary", "lanes": "3" }, "geometry": { "type": "LineString", "coordinates": [ [ 72.83174, 18.9258502 ], [ 72.8316177, 18.9260411 ], [ 72.831451, 18.9263614 ], [ 72.8313466, 18.9266773 ], [ 72.8313582, 18.9271054 ], [ 72.8313582, 18.9275521 ], [ 72.8313554, 18.9283345 ], [ 72.8313486, 18.9284243 ], [ 72.8313406, 18.9285534 ] ] } },
{ "type": "Feature", "properties": { "name": "Free Press Journal Road", "highway": "tertiary", "lanes": "1" }, "geometry": { "type": "LineString", "coordinates": [ [ 72.8255536, 18.9256284 ], [ 72.8259414, 18.925903 ], [ 72.8262259, 18.9261406 ], [ 72.8268237, 18.9265786 ] ] } },
{ "type": "Feature", "properties": { "name": "Unnamed Road", "highway": "service", "lanes": "1" }, "geometry": { "type": "LineString", "coordinates": [ [ 72.823908, 18.9316658 ], [ 72.8237691, 18.9317686 ], [ 72.8237353, 18.9318715 ], [ 72.8237359, 18.9321353 ], [ 72.8237945, 18.93235 ], [ 72.8237344, 18.9323766 ], [ 72.8234659, 18.9324686 ], [ 72.8233568, 18.9324674 ] ] } },
{ "type": "Feature", "properties": { "name": "Karmaveer Bhaurao Patil Road", "highway": "secondary", "lanes": "1" }, "geometry": { "type": "LineString", "coordinates": [ [ 72.8296969, 18.9283507 ], [ 72.8296817, 18.9287208 ] ] } },
{ "type": "Feature", "properties": { "name": "Jamshedji Tata Road", "highway": "tertiary", "lanes": "1" }, "geometry": { "type": "LineString", "coordinates": [ [ 72.8261041, 18.9305644 ], [ 72.8268095, 18.9314663 ], [ 72.8270772, 18.9318085 ], [ 72.8272297, 18.9319836 ], [ 72.8272709, 18.9320309 ], [ 72.8272943, 18.9320578 ], [ 72.8273919, 18.9321698 ] ] } },
{ "type": "Feature", "properties": { "name": "Jeevan Bima Road", "highway": "tertiary", "lanes": "1" }, "geometry": { "type": "LineString", "coordinates": [ [ 72.8249933, 18.9289762 ], [ 72.8252394, 18.9287956 ], [ 72.8253246, 18.9287206 ], [ 72.8254342, 18.9285952 ], [ 72.8255226, 18.9284465 ], [ 72.8256079, 18.9282027 ] ] } },
{ "type": "Feature", "properties": { "name": "Shahid Bhagat Singh Marg", "highway": "primary", "lanes": "1" }, "geometry": { "type": "LineString", "coordinates": [ [ 72.8323245, 18.9256025 ], [ 72.8325878, 18.925646 ], [ 72.832671, 18.9256615 ], [ 72.8330207, 18.9257571 ], [ 72.8333092, 18.9258901 ], [ 72.8333551, 18.9259247 ], [ 72.8335379, 18.9260889 ], [ 72.8336725, 18.926336 ], [ 72.833698, 18.9263942 ], [ 72.8337276, 18.9264618 ] ] } },
{ "type": "Feature", "properties": { "name": "Shahid Bhagat Singh Road", "highway": "primary", "lanes": "1" }, "geometry": { "type": "LineString", "coordinates": [ [ 72.8339277, 18.9269674 ], [ 72.8339576, 18.9268972 ], [ 72.8339517, 18.9267975 ], [ 72.8339455, 18.9266912 ], [ 72.8339601, 18.926617 ], [ 72.8339513, 18.9265617 ], [ 72.8339206, 18.9264692 ], [ 72.8338703, 18.9264036 ], [ 72.8338391, 18.926342 ], [ 72.8337403, 18.9261851 ], [ 72.8335857, 18.9259914 ], [ 72.8334069, 18.9258394 ], [ 72.8331557, 18.9257067 ], [ 72.8330686, 18.9256546 ], [ 72.8329127, 18.9255613 ], [ 72.8327166, 18.9254422 ], [ 72.8325801, 18.9253828 ] ] } },
{ "type": "Feature", "properties": { "name": "Unnamed Road", "highway": "primary_link", "lanes": "1" }, "geometry": { "type": "LineString", "coordinates": [ [ 72.8318338, 18.9260131 ], [ 72.831953, 18.9259606 ], [ 72.8319755, 18.9259487 ], [ 72.8321877, 18.9258365 ], [ 72.8323384, 18.9257699 ], [ 72.8324532, 18.9257436 ], [ 72.8325416, 18.9257354 ], [ 72.8325706, 18.9257229 ], [ 72.832671, 18.9256615 ] ] } },
{ "type": "Feature", "properties": { "name": "Nagindas Master Road", "highway": "tertiary", "lanes": "1" }, "geometry": { "type": "LineString", "coordinates": [ [ 72.8318398, 18.9323538 ], [ 72.8317096, 18.9318799 ], [ 72.8316991, 18.9318106 ], [ 72.8316991, 18.9317547 ], [ 72.8317041, 18.9316971 ] ] } },
{ "type": "Feature", "properties": { "name": "Unnamed Road", "highway": "service", "lanes": "1" }, "geometry": { "type": "LineString", "coordinates": [ [ 72.8297133, 18.928007 ], [ 72.8297861, 18.9280056 ], [ 72.8299163, 18.9280032 ], [ 72.8300095, 18.9279719 ], [ 72.8300464, 18.9279095 ], [ 72.8300367, 18.9273548 ], [ 72.8299668, 18.9272648 ], [ 72.8298114, 18.9271999 ], [ 72.8297286, 18.9271653 ] ] } },
{ "type": "Feature", "properties": { "name": "A D'Mello Road", "highway": "primary", "lanes": "4" }, "geometry": { "type": "LineString", "coordinates": [ [ 72.8313406, 18.9285534 ], [ 72.8312451, 18.928547 ], [ 72.8306276, 18.9285153 ], [ 72.8298953, 18.9284804 ], [ 72.8297931, 18.9285281 ], [ 72.8297315, 18.9286206 ], [ 72.8296817, 18.9287208 ] ] } },
{ "type": "Feature", "properties": { "name": "Unnamed Road", "highway": "primary_link", "lanes": "1" }, "geometry": { "type": "LineString", "coordinates": [ [ 72.8281323, 18.9269641 ], [ 72.8281819, 18.9268548 ], [ 72.8283321, 18.9266528 ], [ 72.8284769, 18.9265158 ], [ 72.8286377, 18.9264374 ] ] } },
{ "type": "Feature", "properties": { "name": "Oval Maidan Crossing", "highway": "footway", "lanes": "1" }, "geometry": { "type": "LineString", "coordinates": [ [ 72.8282503, 18.9296301 ], [ 72.8282874, 18.9296282 ], [ 72.828323, 18.9296272 ], [ 72.8294762, 18.9296015 ], [ 72.8296827, 18.9295899 ] ] } },
{ "type": "Feature", "properties": { "name": "Jamnalal Bajaj Road", "highway": "service", "lanes": "1" }, "geometry": { "type": "LineString", "coordinates": [ [ 72.8230305, 18.9259695 ], [ 72.8231323, 18.9260929 ], [ 72.8236295, 18.9267867 ], [ 72.8236498, 18.9268151 ], [ 72.8237675, 18.9269176 ] ] } },
{ "type": "Feature", "properties": { "name": "Vinayak K Shah Marg", "highway": "tertiary", "lanes": "1" }, "geometry": { "type": "LineString", "coordinates": [ [ 72.8223857, 18.9249062 ], [ 72.822186, 18.9249904 ] ] } },
{ "type": "Feature", "properties": { "name": "Jamnalal Bajaj Road", "highway": "tertiary", "lanes": "1" }, "geometry": { "type": "LineString", "coordinates": [ [ 72.8223857, 18.9249062 ], [ 72.8223315, 18.9248435 ], [ 72.8221488, 18.9246326 ], [ 72.8219921, 18.9244519 ], [ 72.8218811, 18.9243279 ], [ 72.8216757, 18.9241064 ], [ 72.821441, 18.9238476 ], [ 72.8213337, 18.9238426 ], [ 72.8212409, 18.9238936 ] ] } },
{ "type": "Feature", "properties": { "name": "Unnamed Road", "highway": "residential", "lanes": "1" }, "geometry": { "type": "LineString", "coordinates": [ [ 72.8301819, 18.9234041 ], [ 72.8299239, 18.9237286 ] ] } },
{ "type": "Feature", "properties": { "name": "Marine Drive Promenade", "highway": "pedestrian", "lanes": "1" }, "geometry": { "type": "LineString", "coordinates": [ [ 72.8180579, 18.9254317 ], [ 72.8196637, 18.9272393 ], [ 72.8199271, 18.9275082 ], [ 72.8208662, 18.9286373 ], [ 72.821597, 18.9296846 ], [ 72.8221789, 18.9306954 ], [ 72.8224721, 18.931283 ], [ 72.8228337, 18.9320976 ], [ 72.8231701, 18.9329605 ], [ 72.823435, 18.9338037 ], [ 72.8234892, 18.9337855 ], [ 72.8235421, 18.9337677 ], [ 72.8235316, 18.9337316 ], [ 72.8234698, 18.9335114 ], [ 72.8234528, 18.9334594 ], [ 72.8232757, 18.9329357 ], [ 72.8229557, 18.9320714 ], [ 72.8228042, 18.9317315 ], [ 72.8227186, 18.9315392 ], [ 72.8225837, 18.9312365 ], [ 72.8221714, 18.9304074 ], [ 72.8216937, 18.9296261 ], [ 72.8216506, 18.9295505 ], [ 72.8211936, 18.9288673 ], [ 72.8209585, 18.9285505 ], [ 72.8195089, 18.9268555 ], [ 72.8184686, 18.9256955 ], [ 72.8184061, 18.9257391 ], [ 72.8180891, 18.9254055 ], [ 72.8180579, 18.9254317 ] ] } },
{ "type": "Feature", "properties": { "name": "Unnamed Road", "highway": "service", "lanes": "1" }, "geometry": { "type": "LineString", "coordinates": [ [ 72.8276133, 18.9317666 ], [ 72.8274589, 18.9317657 ], [ 72.8273945, 18.9317332 ] ] } },
{ "type": "Feature", "properties": { "name": "Unnamed Road", "highway": "residential", "lanes": "1" }, "geometry": { "type": "LineString", "coordinates": [ [ 72.8277408, 18.9297226 ], [ 72.8276833, 18.9285221 ] ] } },
{ "type": "Feature", "properties": { "name": "Unnamed Road", "highway": "service", "lanes": "1" }, "geometry": { "type": "LineString", "coordinates": [ [ 72.8273493, 18.93044 ], [ 72.8272452, 18.9304453 ], [ 72.8269814, 18.9304589 ], [ 72.8268919, 18.930483 ], [ 72.8268054, 18.9305204 ], [ 72.8266954, 18.9305864 ], [ 72.826516, 18.9307262 ], [ 72.8264436, 18.9307871 ] ] } },
{ "type": "Feature", "properties": { "name": "Unnamed Road", "highway": "service", "lanes": "1" }, "geometry": { "type": "LineString", "coordinates": [ [ 72.8319807, 18.9224856 ], [ 72.8326791, 18.9221905 ] ] } },
{ "type": "Feature", "properties": { "name": "Unnamed Road", "highway": "service", "lanes": "1" }, "geometry": { "type": "LineString", "coordinates": [ [ 72.8276253, 18.9265755 ], [ 72.82763, 18.9266411 ], [ 72.8276493, 18.9269136 ] ] } },
{ "type": "Feature", "properties": { "name": "Unnamed Road", "highway": "service", "lanes": "1" }, "geometry": { "type": "LineString", "coordinates": [ [ 72.8281408, 18.9275249 ], [ 72.8280848, 18.9275283 ] ] } },
{ "type": "Feature", "properties": { "name": "Unnamed Road", "highway": "tertiary", "lanes": "3" }, "geometry": { "type": "LineString", "coordinates": [ [ 72.8334761, 18.9238193 ], [ 72.8330942, 18.9242794 ], [ 72.8326881, 18.9248291 ], [ 72.8325514, 18.9249467 ], [ 72.8325073, 18.9249809 ], [ 72.8323965, 18.9250867 ] ] } },
{ "type": "Feature", "properties": { "name": "Madame Cama Road", "highway": "primary", "lanes": "1" }, "geometry": { "type": "LineString", "coordinates": [ [ 72.832034, 18.9254141 ], [ 72.8318612, 18.9254294 ], [ 72.831803, 18.92544 ], [ 72.8315856, 18.9254765 ], [ 72.8308296, 18.925628 ], [ 72.8301195, 18.9257703 ], [ 72.829771, 18.9258869 ], [ 72.8293512, 18.9261099 ], [ 72.8292749, 18.9261505 ], [ 72.829038, 18.926235 ], [ 72.8288095, 18.9262696 ], [ 72.8285431, 18.9263099 ] ] } },
{ "type": "Feature", "properties": { "name": "Karmaveer Bhaurao Patil Road", "highway": "primary", "lanes": "6" }, "geometry": { "type": "LineString", "coordinates": [ [ 72.8296817, 18.9287208 ], [ 72.8296851, 18.929318 ], [ 72.8296827, 18.9295899 ], [ 72.8296835, 18.9301574 ], [ 72.8297642, 18.9307598 ], [ 72.8298923, 18.9317167 ], [ 72.8298993, 18.9317687 ] ] } },
{ "type": "Feature", "properties": { "name": "Mahatma Gandhi Road", "highway": "primary", "lanes": "1" }, "geometry": { "type": "LineString", "coordinates": [ [ 72.8313585, 18.9310832 ], [ 72.8313056, 18.9309555 ] ] } },
{ "type": "Feature", "properties": { "name": "Mahatma Gandhi Road", "highway": "primary", "lanes": "1" }, "geometry": { "type": "LineString", "coordinates": [ [ 72.8312451, 18.9325369 ], [ 72.8312544, 18.9323884 ], [ 72.8312745, 18.9321969 ], [ 72.8313121, 18.9319398 ] ] } },
{ "type": "Feature", "properties": { "name": "Madame Cama Road", "highway": "primary", "lanes": "1" }, "geometry": { "type": "LineString", "coordinates": [ [ 72.8230904, 18.9289139 ], [ 72.8242777, 18.9282511 ] ] } },
{ "type": "Feature", "properties": { "name": "Jamnalal Bajaj Road", "highway": "tertiary", "lanes": "1" }, "geometry": { "type": "LineString", "coordinates": [ [ 72.822186, 18.9249904 ], [ 72.8222635, 18.9250809 ] ] } },
{ "type": "Feature", "properties": { "name": "Unnamed Road", "highway": "tertiary", "lanes": "1" }, "geometry": { "type": "LineString", "coordinates": [ [ 72.8313554, 18.9283345 ], [ 72.8314561, 18.928281 ] ] } },
{ "type": "Feature", "properties": { "name": "Rajendra Venkateshwara Rao Marg", "highway": "tertiary", "lanes": "1" }, "geometry": { "type": "LineString", "coordinates": [ [ 72.8268035, 18.9229322 ], [ 72.8266816, 18.9229439 ], [ 72.8265379, 18.9230423 ], [ 72.82542, 18.9238817 ] ] } },
{ "type": "Feature", "properties": { "name": "General Jagannath Bhosale Marg", "highway": "secondary", "lanes": "2" }, "geometry": { "type": "LineString", "coordinates": [ [ 72.8262521, 18.9210507 ], [ 72.8263486, 18.9213838 ], [ 72.8263849, 18.9215676 ], [ 72.8265639, 18.9222641 ], [ 72.8266816, 18.9229439 ], [ 72.8268546, 18.9242911 ], [ 72.8268724, 18.9247241 ], [ 72.826914, 18.9254291 ], [ 72.8269303, 18.9257061 ], [ 72.8269335, 18.9262363 ], [ 72.8270167, 18.9263482 ] ] } },
{ "type": "Feature", "properties": { "name": "Hasmukhbhai T. Parekh Road", "highway": "tertiary", "lanes": "1" }, "geometry": { "type": "LineString", "coordinates": [ [ 72.8260221, 18.9302885 ], [ 72.8258163, 18.9300347 ], [ 72.8256313, 18.9297954 ], [ 72.8255115, 18.9296405 ] ] } },
{ "type": "Feature", "properties": { "name": "Unnamed Road", "highway": "residential", "lanes": "1" }, "geometry": { "type": "LineString", "coordinates": [ [ 72.8292209, 18.9220045 ], [ 72.8293992, 18.9222529 ], [ 72.8296608, 18.9226644 ] ] } },
{ "type": "Feature", "properties": { "name": "Unnamed Road", "highway": "primary_link", "lanes": "1" }, "geometry": { "type": "LineString", "coordinates": [ [ 72.8315656, 18.9256036 ], [ 72.8316198, 18.925655 ], [ 72.8316867, 18.9257413 ], [ 72.83174, 18.9258502 ] ] } },
{ "type": "Feature", "properties": { "name": "Unnamed Road", "highway": "residential", "lanes": "1" }, "geometry": { "type": "LineString", "coordinates": [ [ 72.8232693, 18.9308957 ], [ 72.8240048, 18.9306123 ], [ 72.8242184, 18.9305189 ], [ 72.8247821, 18.9302723 ], [ 72.8249303, 18.9302222 ], [ 72.8249892, 18.9302008 ], [ 72.8250536, 18.9302046 ], [ 72.8254075, 18.9306465 ] ] } },
{ "type": "Feature", "properties": { "name": "Unnamed Road", "highway": "residential", "lanes": "1" }, "geometry": { "type": "LineString", "coordinates": [ [ 72.8237535, 18.9296491 ], [ 72.8238389, 18.9297111 ], [ 72.824197, 18.9302863 ] ] } },
{ "type": "Feature", "properties": { "name": "Unnamed Road", "highway": "service", "lanes": "1" }, "geometry": { "type": "LineString", "coordinates": [ [ 72.8296851, 18.929318 ], [ 72.8298554, 18.9293166 ], [ 72.8299331, 18.9293147 ], [ 72.8300204, 18.9294386 ], [ 72.8302533, 18.9294799 ], [ 72.8304061, 18.9294317 ], [ 72.8304425, 18.9293423 ], [ 72.8304279, 18.9292459 ], [ 72.83037, 18.9292246 ], [ 72.830297, 18.9291977 ], [ 72.8300641, 18.9291839 ], [ 72.8299331, 18.9293147 ] ] } },
{ "type": "Feature", "properties": { "name": "Unnamed Road", "highway": "service", "lanes": "1" }, "geometry": { "type": "LineString", "coordinates": [ [ 72.8300641, 18.9291839 ], [ 72.8300786, 18.9287021 ], [ 72.8302096, 18.9286676 ], [ 72.8303783, 18.9286939 ] ] } },
{ "type": "Feature", "properties": { "name": "Unnamed Road", "highway": "service", "lanes": "1" }, "geometry": { "type": "LineString", "coordinates": [ [ 72.8303783, 18.9286939 ], [ 72.8303867, 18.9288029 ], [ 72.83037, 18.9292246 ] ] } },
{ "type": "Feature", "properties": { "name": "Unnamed Road", "highway": "service", "lanes": "1" }, "geometry": { "type": "LineString", "coordinates": [ [ 72.8303867, 18.9288029 ], [ 72.8305063, 18.9288066 ], [ 72.8307221, 18.9288133 ], [ 72.8309259, 18.9288196 ] ] } },
{ "type": "Feature", "properties": { "name": "Unnamed Road", "highway": "service", "lanes": "1" }, "geometry": { "type": "LineString", "coordinates": [ [ 72.8309007, 18.9298969 ], [ 72.8307491, 18.9299057 ], [ 72.8305106, 18.9299103 ], [ 72.8305084, 18.929342 ], [ 72.8305063, 18.9288066 ] ] } },
{ "type": "Feature", "properties": { "name": "Unnamed Road", "highway": "service", "lanes": "1" }, "geometry": { "type": "LineString", "coordinates": [ [ 72.8307491, 18.9299057 ], [ 72.8307221, 18.9288133 ] ] } },
{ "type": "Feature", "properties": { "name": "Unnamed Road", "highway": "service", "lanes": "1" }, "geometry": { "type": "LineString", "coordinates": [ [ 72.8304425, 18.9293423 ], [ 72.8305084, 18.929342 ] ] } },
{ "type": "Feature", "properties": { "name": "Unnamed Road", "highway": "footway", "lanes": "1" }, "geometry": { "type": "LineString", "coordinates": [ [ 72.8184196, 18.9257651 ], [ 72.8196514, 18.9271278 ], [ 72.8210271, 18.9287222 ], [ 72.8224016, 18.9310192 ], [ 72.8226564, 18.9315644 ], [ 72.8227445, 18.9317529 ], [ 72.8229541, 18.9322015 ], [ 72.8234169, 18.9335239 ], [ 72.8234631, 18.933664 ], [ 72.82348, 18.9337429 ], [ 72.8234892, 18.9337855 ], [ 72.8234924, 18.9338005 ], [ 72.8238148, 18.9352979 ], [ 72.8238662, 18.9356211 ], [ 72.8239224, 18.9360162 ], [ 72.8239817, 18.9366058 ], [ 72.8239945, 18.9369562 ], [ 72.8240004, 18.9371159 ], [ 72.8240198, 18.938207 ], [ 72.8239096, 18.9396367 ], [ 72.8236574, 18.9410473 ], [ 72.8234305, 18.9417691 ] ] } },
{ "type": "Feature", "properties": { "name": "Jamshedji Tata Road", "highway": "tertiary", "lanes": "1" }, "geometry": { "type": "LineString", "coordinates": [ [ 72.824804, 18.9291796 ], [ 72.8248506, 18.9291948 ], [ 72.8248999, 18.9291943 ], [ 72.8249198, 18.9291873 ], [ 72.8249461, 18.9291781 ], [ 72.8249839, 18.9291482 ], [ 72.8250089, 18.929108 ], [ 72.8250181, 18.9290622 ], [ 72.825012, 18.9290204 ], [ 72.8249933, 18.9289762 ], [ 72.824962, 18.9289518 ], [ 72.8249229, 18.9289315 ], [ 72.8248792, 18.9289234 ], [ 72.8248349, 18.9289283 ], [ 72.8247943, 18.9289457 ], [ 72.824785, 18.928954 ], [ 72.8247584, 18.9289776 ], [ 72.8247358, 18.929019 ], [ 72.8247293, 18.9290652 ], [ 72.8247396, 18.9291108 ], [ 72.8247579, 18.9291388 ], [ 72.8247655, 18.9291505 ], [ 72.824804, 18.9291796 ] ] } },
{ "type": "Feature", "properties": { "name": "David Sassoon Library Marg", "highway": "residential", "lanes": "1" }, "geometry": { "type": "LineString", "coordinates": [ [ 72.8306276, 18.9285153 ], [ 72.8306265, 18.9275699 ], [ 72.8313582, 18.9275521 ] ] } },
{ "type": "Feature", "properties": { "name": "Unnamed Road", "highway": "secondary_link", "lanes": "1" }, "geometry": { "type": "LineString", "coordinates": [ [ 72.8298953, 18.9284804 ], [ 72.8297872, 18.9284533 ], [ 72.8297282, 18.9283974 ], [ 72.8296969, 18.9283507 ] ] } },
{ "type": "Feature", "properties": { "name": "Karmaveer Bhaurao Patil Road", "highway": "secondary", "lanes": "1" }, "geometry": { "type": "LineString", "coordinates": [ [ 72.82972, 18.926971 ], [ 72.8297268, 18.9268234 ], [ 72.8297349, 18.9267123 ], [ 72.8297836, 18.9260449 ], [ 72.829771, 18.9258869 ] ] } },
{ "type": "Feature", "properties": { "name": "Karmaveer Bhaurao Patil Road", "highway": "secondary", "lanes": "1" }, "geometry": { "type": "LineString", "coordinates": [ [ 72.8296969, 18.9283507 ], [ 72.8297133, 18.928007 ], [ 72.8297286, 18.9271653 ], [ 72.82972, 18.926971 ] ] } },
{ "type": "Feature", "properties": { "name": "Unnamed Road", "highway": "secondary_link", "lanes": "1" }, "geometry": { "type": "LineString", "coordinates": [ [ 72.8298993, 18.9317687 ], [ 72.8298068, 18.9320732 ], [ 72.8297961, 18.9320896 ], [ 72.829733, 18.9323078 ], [ 72.8296445, 18.9324651 ], [ 72.8293985, 18.932746 ] ] } },
{ "type": "Feature", "properties": { "name": "Unnamed Road", "highway": "service", "lanes": "1" }, "geometry": { "type": "LineString", "coordinates": [ [ 72.8234599, 18.9313778 ], [ 72.8234177, 18.9312925 ], [ 72.8232538, 18.9309314 ] ] } },
{ "type": "Feature", "properties": { "name": "Maharshi Karve Road", "highway": "secondary", "lanes": "1" }, "geometry": { "type": "LineString", "coordinates": [ [ 72.8282503, 18.9296301 ], [ 72.8282523, 18.9295231 ], [ 72.8281827, 18.9284987 ] ] } },
{ "type": "Feature", "properties": { "name": "Unnamed Road", "highway": "primary_link", "lanes": "1" }, "geometry": { "type": "LineString", "coordinates": [ [ 72.8285431, 18.9263099 ], [ 72.8283584, 18.9262504 ], [ 72.8282538, 18.9262047 ], [ 72.8281599, 18.9261286 ], [ 72.8281215, 18.9260977 ] ] } },
{ "type": "Feature", "properties": { "name": "Unnamed Road", "highway": "service", "lanes": "1" }, "geometry": { "type": "LineString", "coordinates": [ [ 72.8258163, 18.9300347 ], [ 72.8260506, 18.9298654 ], [ 72.8269315, 18.929399 ], [ 72.8271139, 18.9293254 ], [ 72.8272587, 18.9292722 ], [ 72.8275135, 18.9291732 ] ] } },
{ "type": "Feature", "properties": { "name": "Unnamed Road", "highway": "service", "lanes": "1" }, "geometry": { "type": "LineString", "coordinates": [ [ 72.8251868, 18.930215 ], [ 72.8255516, 18.9299322 ] ] } },
{ "type": "Feature", "properties": { "name": "Unnamed Road", "highway": "service", "lanes": "1" }, "geometry": { "type": "LineString", "coordinates": [ [ 72.826353, 18.9286195 ], [ 72.8272185, 18.928138 ], [ 72.8273231, 18.9281076 ], [ 72.827433, 18.9281 ], [ 72.8275428, 18.9280977 ] ] } },
{ "type": "Feature", "properties": { "name": "Kaikhushru Dubash Marg", "highway": "tertiary", "lanes": "1" }, "geometry": { "type": "LineString", "coordinates": [ [ 72.8320216, 18.9279282 ], [ 72.8319383, 18.9278269 ] ] } },
{ "type": "Feature", "properties": { "name": "Unnamed Road", "highway": "service", "lanes": "1" }, "geometry": { "type": "LineString", "coordinates": [ [ 72.8305293, 18.9267131 ], [ 72.829823, 18.926713 ], [ 72.8297349, 18.9267123 ] ] } },
{ "type": "Feature", "properties": { "name": "Unnamed Road", "highway": "service", "lanes": "1" }, "geometry": { "type": "LineString", "coordinates": [ [ 72.8275491, 18.925404 ], [ 72.8280127, 18.9253952 ] ] } },
{ "type": "Feature", "properties": { "name": "Barrister Rajni Patel Marg", "highway": "tertiary", "lanes": "2" }, "geometry": { "type": "LineString", "coordinates": [ [ 72.8217046, 18.9275545 ], [ 72.8218633, 18.9272155 ], [ 72.8220187, 18.926962 ], [ 72.822066, 18.9268849 ], [ 72.8221262, 18.9268087 ], [ 72.822733, 18.9261454 ], [ 72.8230253, 18.9259725 ], [ 72.8230305, 18.9259695 ] ] } },
{ "type": "Feature", "properties": { "name": "Barrister Rajni Patel Marg", "highway": "tertiary", "lanes": "1" }, "geometry": { "type": "LineString", "coordinates": [ [ 72.8231283, 18.9259105 ], [ 72.823338, 18.9258257 ], [ 72.823751, 18.9256781 ], [ 72.824162, 18.9255671 ], [ 72.8244712, 18.925502 ], [ 72.8247216, 18.9254867 ], [ 72.8251524, 18.9255471 ], [ 72.8252654, 18.925555 ] ] } },
{ "type": "Feature", "properties": { "name": "Unnamed Road", "highway": "service", "lanes": "1" }, "geometry": { "type": "LineString", "coordinates": [ [ 72.8263849, 18.9215676 ], [ 72.8262886, 18.9215867 ], [ 72.8256714, 18.9217326 ], [ 72.825535, 18.9219513 ], [ 72.8256335, 18.9222488 ], [ 72.8259367, 18.9224173 ], [ 72.8264318, 18.9222934 ], [ 72.8265639, 18.9222641 ] ] } },
{ "type": "Feature", "properties": { "name": "Unnamed Road", "highway": "service", "lanes": "1" }, "geometry": { "type": "LineString", "coordinates": [ [ 72.8247428, 18.9244429 ], [ 72.8246955, 18.9244799 ], [ 72.8246729, 18.9244973 ], [ 72.8241212, 18.9249208 ], [ 72.8240213, 18.924972 ], [ 72.8239775, 18.9249673 ], [ 72.8238548, 18.9248252 ], [ 72.8238548, 18.9247885 ], [ 72.8238773, 18.92474 ], [ 72.8244567, 18.9242545 ], [ 72.8244782, 18.9242365 ], [ 72.8245251, 18.9241972 ] ] } },
{ "type": "Feature", "properties": { "name": "Unnamed Road", "highway": "service", "lanes": "1" }, "geometry": { "type": "LineString", "coordinates": [ [ 72.8216757, 18.9241064 ], [ 72.8217588, 18.9240276 ], [ 72.8224587, 18.9235112 ], [ 72.8225342, 18.9234798 ], [ 72.822576, 18.923497 ], [ 72.8226667, 18.9235951 ], [ 72.8226537, 18.9236664 ], [ 72.8226145, 18.9237287 ], [ 72.8225197, 18.9238374 ], [ 72.8223434, 18.9239844 ], [ 72.8219565, 18.9242717 ], [ 72.8218811, 18.9243279 ] ] } },
{ "type": "Feature", "properties": { "name": "Unnamed Road", "highway": "residential", "lanes": "1" }, "geometry": { "type": "LineString", "coordinates": [ [ 72.8219921, 18.9244519 ], [ 72.822069, 18.9243863 ], [ 72.8221336, 18.9243304 ], [ 72.8227476, 18.9238432 ], [ 72.8227737, 18.9238323 ], [ 72.8228002, 18.9238329 ], [ 72.8228379, 18.9238475 ], [ 72.8229082, 18.9239369 ], [ 72.8229401, 18.923997 ], [ 72.8229384, 18.9240296 ], [ 72.8229363, 18.9240574 ], [ 72.8229172, 18.9241 ], [ 72.8228804, 18.9241387 ], [ 72.822299, 18.9245175 ], [ 72.8222142, 18.9245802 ], [ 72.8221488, 18.9246326 ] ] } },
{ "type": "Feature", "properties": { "name": "Unnamed Road", "highway": "service", "lanes": "1" }, "geometry": { "type": "LineString", "coordinates": [ [ 72.8225199, 18.9250745 ], [ 72.8225797, 18.925019 ], [ 72.8228462, 18.9247933 ], [ 72.8230843, 18.9246134 ], [ 72.8232044, 18.9244809 ], [ 72.8232384, 18.9243863 ], [ 72.8232084, 18.9242916 ], [ 72.8231724, 18.9242443 ], [ 72.8230743, 18.9242443 ], [ 72.8230303, 18.9242518 ], [ 72.8228682, 18.9243484 ], [ 72.822642, 18.9245548 ], [ 72.8223983, 18.9247714 ], [ 72.8223315, 18.9248435 ] ] } },
{ "type": "Feature", "properties": { "name": "Unnamed Road", "highway": "service", "lanes": "1" }, "geometry": { "type": "LineString", "coordinates": [ [ 72.8233523, 18.9228186 ], [ 72.8232898, 18.9228546 ], [ 72.8228139, 18.9231727 ], [ 72.8227107, 18.9232817 ], [ 72.8226864, 18.9233793 ], [ 72.8227562, 18.9234683 ], [ 72.8228591, 18.9235785 ], [ 72.8229456, 18.9236712 ], [ 72.8230535, 18.9237868 ], [ 72.8231718, 18.9238757 ], [ 72.8233113, 18.9238786 ], [ 72.8234205, 18.9238126 ], [ 72.8238065, 18.9234774 ], [ 72.8238674, 18.9234245 ] ] } },
{ "type": "Feature", "properties": { "name": "Unnamed Road", "highway": "service", "lanes": "1" }, "geometry": { "type": "LineString", "coordinates": [ [ 72.8228591, 18.9235785 ], [ 72.8231292, 18.9233887 ], [ 72.8235143, 18.9231181 ], [ 72.8235732, 18.9230767 ] ] } },
{ "type": "Feature", "properties": { "name": "Unnamed Road", "highway": "service", "lanes": "1" }, "geometry": { "type": "LineString", "coordinates": [ [ 72.8238065, 18.9234774 ], [ 72.8236814, 18.9233133 ], [ 72.8236025, 18.9232444 ], [ 72.823551, 18.9232014 ], [ 72.8234782, 18.9232215 ], [ 72.8232021, 18.9234547 ], [ 72.8229456, 18.9236712 ] ] } },
{ "type": "Feature", "properties": { "name": "Unnamed Road", "highway": "service", "lanes": "1" }, "geometry": { "type": "LineString", "coordinates": [ [ 72.8231292, 18.9233887 ], [ 72.8232021, 18.9234547 ] ] } },
{ "type": "Feature", "properties": { "name": "Unnamed Road", "highway": "service", "lanes": "1" }, "geometry": { "type": "LineString", "coordinates": [ [ 72.824239, 18.9237276 ], [ 72.82433, 18.9236504 ], [ 72.8244209, 18.9235731 ], [ 72.8250692, 18.9230227 ], [ 72.8253798, 18.9233799 ], [ 72.8255843, 18.9232422 ] ] } },
{ "type": "Feature", "properties": { "name": "Unnamed Road", "highway": "service", "lanes": "1" }, "geometry": { "type": "LineString", "coordinates": [ [ 72.8244209, 18.9235731 ], [ 72.8247978, 18.923949 ] ] } },
{ "type": "Feature", "properties": { "name": "Unnamed Road", "highway": "primary_link", "lanes": "1" }, "geometry": { "type": "LineString", "coordinates": [ [ 72.8230927, 18.9318427 ], [ 72.8230905, 18.9317299 ], [ 72.8231093, 18.931644 ], [ 72.8231232, 18.9316171 ] ] } },
{ "type": "Feature", "properties": { "name": "Unnamed Road", "highway": "primary_link", "lanes": "1" }, "geometry": { "type": "LineString", "coordinates": [ [ 72.8232336, 18.9314631 ], [ 72.8230763, 18.9314498 ], [ 72.8230147, 18.9314195 ], [ 72.8229855, 18.9314052 ], [ 72.8228492, 18.9313078 ] ] } },
{ "type": "Feature", "properties": { "name": "Vinayak K Shah Marg", "highway": "tertiary", "lanes": "1" }, "geometry": { "type": "LineString", "coordinates": [ [ 72.8222635, 18.9250809 ], [ 72.8217538, 18.9254721 ], [ 72.8216554, 18.9255476 ], [ 72.8211959, 18.9259002 ] ] } },
{ "type": "Feature", "properties": { "name": "Jamnalal Bajaj Road", "highway": "tertiary", "lanes": "1" }, "geometry": { "type": "LineString", "coordinates": [ [ 72.8230785, 18.9258342 ], [ 72.8228511, 18.9255182 ], [ 72.8227215, 18.9253445 ], [ 72.8225533, 18.9251192 ], [ 72.8225199, 18.9250745 ], [ 72.8223857, 18.9249062 ] ] } },
{ "type": "Feature", "properties": { "name": "Vinayak K Shah Marg", "highway": "tertiary", "lanes": "1" }, "geometry": { "type": "LineString", "coordinates": [ [ 72.8223857, 18.9249062 ], [ 72.8222635, 18.9250809 ] ] } },
{ "type": "Feature", "properties": { "name": "Jamnalal Bajaj Road", "highway": "tertiary", "lanes": "1" }, "geometry": { "type": "LineString", "coordinates": [ [ 72.8230305, 18.9259695 ], [ 72.8229732, 18.9259012 ] ] } },
{ "type": "Feature", "properties": { "name": "Vinayak K Shah Marg", "highway": "tertiary", "lanes": "1" }, "geometry": { "type": "LineString", "coordinates": [ [ 72.822186, 18.9249904 ], [ 72.8217334, 18.9253378 ], [ 72.8216226, 18.9254228 ], [ 72.8211183, 18.9258098 ], [ 72.8208858, 18.9259882 ], [ 72.8205205, 18.9262685 ] ] } },
{ "type": "Feature", "properties": { "name": "Marine Drive", "highway": "primary", "lanes": "3" }, "geometry": { "type": "LineString", "coordinates": [ [ 72.8223783, 18.9303526 ], [ 72.822165, 18.9299864 ], [ 72.8220696, 18.9298207 ] ] } },
{ "type": "Feature", "properties": { "name": "JTS Malani Marg", "highway": "residential", "lanes": "1" }, "geometry": { "type": "LineString", "coordinates": [ [ 72.8273945, 18.9317332 ], [ 72.8273987, 18.9319129 ] ] } },
{ "type": "Feature", "properties": { "name": "JTS Malani Marg", "highway": "residential", "lanes": "1" }, "geometry": { "type": "LineString", "coordinates": [ [ 72.8273493, 18.93044 ], [ 72.8273467, 18.9309004 ], [ 72.8273907, 18.9314427 ], [ 72.8273983, 18.9315768 ], [ 72.8273945, 18.9317332 ] ] } },
{ "type": "Feature", "properties": { "name": "Madame Cama Road", "highway": "primary", "lanes": "1" }, "geometry": { "type": "LineString", "coordinates": [ [ 72.8259816, 18.9271457 ], [ 72.8230443, 18.9288448 ] ] } },
{ "type": "Feature", "properties": { "name": "Maharshi Karve Road", "highway": "secondary", "lanes": "4" }, "geometry": { "type": "LineString", "coordinates": [ [ 72.8280343, 18.9263905 ], [ 72.828042, 18.9265476 ] ] } },
{ "type": "Feature", "properties": { "name": "Madame Cama Road", "highway": "primary", "lanes": "1" }, "geometry": { "type": "LineString", "coordinates": [ [ 72.8292197, 18.9263055 ], [ 72.8293739, 18.9262442 ], [ 72.8297836, 18.9260449 ], [ 72.8301487, 18.9259118 ], [ 72.8315656, 18.9256036 ] ] } },
{ "type": "Feature", "properties": { "name": "Unnamed Road", "highway": "primary", "lanes": "1" }, "geometry": { "type": "LineString", "coordinates": [ [ 72.8313585, 18.9310832 ], [ 72.8314094, 18.9309476 ], [ 72.8314082, 18.9307601 ], [ 72.8314077, 18.930683 ], [ 72.8314036, 18.9305172 ], [ 72.8313996, 18.9303556 ], [ 72.8314032, 18.930194 ], [ 72.8314088, 18.9295071 ], [ 72.8314327, 18.929102 ], [ 72.8314511, 18.9286913 ], [ 72.8314525, 18.928638 ], [ 72.8314543, 18.928565 ], [ 72.8314551, 18.9284335 ], [ 72.8314561, 18.928281 ], [ 72.8314562, 18.927535 ], [ 72.8314486, 18.9271282 ], [ 72.8314527, 18.9268237 ], [ 72.8314623, 18.9267062 ], [ 72.831551, 18.9264095 ], [ 72.8318338, 18.9260131 ] ] } },
{ "type": "Feature", "properties": { "name": "Unnamed Road", "highway": "primary", "lanes": "1" }, "geometry": { "type": "LineString", "coordinates": [ [ 72.8313121, 18.9319398 ], [ 72.8313252, 18.9316983 ], [ 72.8313333, 18.9315493 ], [ 72.8313541, 18.9311638 ], [ 72.8313585, 18.9310832 ] ] } },
{ "type": "Feature", "properties": { "name": "Esplanade Avenue", "highway": "primary", "lanes": "1" }, "geometry": { "type": "LineString", "coordinates": [ [ 72.8313056, 18.9309555 ], [ 72.8313025, 18.9305186 ], [ 72.8313002, 18.9301872 ], [ 72.8313406, 18.9285534 ] ] } },
{ "type": "Feature", "properties": { "name": "Unnamed Road", "highway": "primary", "lanes": "1" }, "geometry": { "type": "LineString", "coordinates": [ [ 72.8318338, 18.9260131 ], [ 72.8318998, 18.9259174 ], [ 72.8319227, 18.9258996 ], [ 72.8320616, 18.9257914 ], [ 72.8323245, 18.9256025 ] ] } },
{ "type": "Feature", "properties": { "name": "Unnamed Road", "highway": "service", "lanes": "1" }, "geometry": { "type": "LineString", "coordinates": [ [ 72.8248193, 18.9308729 ], [ 72.824886, 18.930932 ], [ 72.8249419, 18.9310099 ], [ 72.8249864, 18.9311715 ], [ 72.8250275, 18.9311998 ], [ 72.8250989, 18.9312299 ], [ 72.825165, 18.9312224 ], [ 72.825206, 18.9312044 ], [ 72.8252328, 18.9311497 ], [ 72.8252129, 18.9309861 ], [ 72.8251398, 18.9308171 ], [ 72.8251082, 18.9307654 ] ] } },
{ "type": "Feature", "properties": { "name": "Jamshedji Tata Road", "highway": "tertiary", "lanes": "1" }, "geometry": { "type": "LineString", "coordinates": [ [ 72.8249198, 18.9291873 ], [ 72.8251442, 18.9294472 ], [ 72.8253714, 18.9297177 ], [ 72.8255107, 18.9298835 ], [ 72.8255516, 18.9299322 ], [ 72.8259262, 18.930366 ] ] } },
{ "type": "Feature", "properties": { "name": "Unnamed Road", "highway": "tertiary", "lanes": "1" }, "geometry": { "type": "LineString", "coordinates": [ [ 72.8278459, 18.9324818 ], [ 72.8274526, 18.9319792 ], [ 72.8273987, 18.9319129 ], [ 72.8269324, 18.9313677 ], [ 72.8267954, 18.9312074 ], [ 72.8264436, 18.9307871 ], [ 72.8261923, 18.9304962 ] ] } },
{ "type": "Feature", "properties": { "name": "Jeevan Bima Road", "highway": "tertiary", "lanes": "1" }, "geometry": { "type": "LineString", "coordinates": [ [ 72.8230443, 18.9288448 ], [ 72.8230904, 18.9289139 ] ] } },
{ "type": "Feature", "properties": { "name": "HT Parekh Road", "highway": "tertiary", "lanes": "1" }, "geometry": { "type": "LineString", "coordinates": [ [ 72.8281185, 18.9285018 ], [ 72.8281827, 18.9284987 ] ] } },
{ "type": "Feature", "properties": { "name": "Maharshi Karve Road", "highway": "secondary", "lanes": "4" }, "geometry": { "type": "LineString", "coordinates": [ [ 72.8280495, 18.9267202 ], [ 72.828059, 18.926937 ], [ 72.8280848, 18.9275283 ] ] } },
{ "type": "Feature", "properties": { "name": "Maharshi Karve Road", "highway": "secondary", "lanes": "1" }, "geometry": { "type": "LineString", "coordinates": [ [ 72.8281798, 18.932781 ], [ 72.8282422, 18.9322791 ], [ 72.8283268, 18.9320997 ], [ 72.8283359, 18.9319634 ], [ 72.8283345, 18.931661 ], [ 72.8282503, 18.9296301 ] ] } },
{ "type": "Feature", "properties": { "name": "Unnamed Road", "highway": "service", "lanes": "1" }, "geometry": { "type": "LineString", "coordinates": [ [ 72.8276762, 18.930439 ], [ 72.8274018, 18.9304384 ], [ 72.8273493, 18.93044 ] ] } },
{ "type": "Feature", "properties": { "name": "JTS Malani Marg", "highway": "residential", "lanes": "1" }, "geometry": { "type": "LineString", "coordinates": [ [ 72.8273518, 18.9298565 ], [ 72.8273493, 18.93044 ] ] } },
{ "type": "Feature", "properties": { "name": "Dinshaw Wachha Road", "highway": "tertiary", "lanes": "1" }, "geometry": { "type": "LineString", "coordinates": [ [ 72.8282503, 18.9296301 ], [ 72.8281582, 18.9296322 ], [ 72.8277408, 18.9297226 ], [ 72.8273518, 18.9298565 ], [ 72.8271003, 18.9299641 ], [ 72.8267448, 18.9301161 ], [ 72.8262006, 18.9303732 ] ] } },
{ "type": "Feature", "properties": { "name": "Unnamed Road", "highway": "service", "lanes": "1" }, "geometry": { "type": "LineString", "coordinates": [ [ 72.82775, 18.9300631 ], [ 72.8277417, 18.9298127 ], [ 72.8277408, 18.9297226 ] ] } },
{ "type": "Feature", "properties": { "name": "Unnamed Road", "highway": "service", "lanes": "1" }, "geometry": { "type": "LineString", "coordinates": [ [ 72.8313466, 18.9266773 ], [ 72.8311724, 18.9267065 ], [ 72.8310727, 18.9267224 ], [ 72.8306818, 18.926715 ] ] } },
{ "type": "Feature", "properties": { "name": "Unnamed Road", "highway": "service", "lanes": "1" }, "geometry": { "type": "LineString", "coordinates": [ [ 72.8280848, 18.9275283 ], [ 72.8279954, 18.9275321 ], [ 72.8279059, 18.9275358 ], [ 72.8276868, 18.9275403 ] ] } },
{ "type": "Feature", "properties": { "name": "Maharshi Karve Road", "highway": "secondary", "lanes": "4" }, "geometry": { "type": "LineString", "coordinates": [ [ 72.8280848, 18.9275283 ], [ 72.828096, 18.9278507 ], [ 72.8280974, 18.9278923 ], [ 72.8281068, 18.9281629 ], [ 72.8281185, 18.9285018 ], [ 72.8281582, 18.9296322 ], [ 72.8282309, 18.9317835 ], [ 72.8282258, 18.9318976 ], [ 72.8282235, 18.9320818 ], [ 72.8282032, 18.9321636 ], [ 72.8281897, 18.9322514 ] ] } },
{ "type": "Feature", "properties": { "name": "Unnamed Road", "highway": "service", "lanes": "1" }, "geometry": { "type": "LineString", "coordinates": [ [ 72.8280974, 18.9278923 ], [ 72.8280471, 18.927893 ], [ 72.8277126, 18.9278978 ], [ 72.8277115, 18.9281768 ], [ 72.8280429, 18.9281651 ], [ 72.8281068, 18.9281629 ] ] } },
{ "type": "Feature", "properties": { "name": "Maharshi Karve Road", "highway": "secondary", "lanes": "1" }, "geometry": { "type": "LineString", "coordinates": [ [ 72.8281408, 18.9275249 ], [ 72.8281323, 18.9269641 ], [ 72.8281276, 18.9265318 ] ] } },
{ "type": "Feature", "properties": { "name": "Maharshi Karve Road", "highway": "secondary", "lanes": "1" }, "geometry": { "type": "LineString", "coordinates": [ [ 72.8281827, 18.9284987 ], [ 72.8281408, 18.9275249 ] ] } },
{ "type": "Feature", "properties": { "name": "Madame Cama Road", "highway": "primary", "lanes": "1" }, "geometry": { "type": "LineString", "coordinates": [ [ 72.8219277, 18.9295743 ], [ 72.821997, 18.9295378 ], [ 72.8223555, 18.9293486 ], [ 72.8224752, 18.9292855 ], [ 72.8226316, 18.929195 ], [ 72.8226532, 18.9291825 ], [ 72.8229367, 18.9290184 ], [ 72.8230904, 18.9289139 ] ] } },
{ "type": "Feature", "properties": { "name": "Madame Cama Road", "highway": "primary", "lanes": "1" }, "geometry": { "type": "LineString", "coordinates": [ [ 72.8230443, 18.9288448 ], [ 72.8228369, 18.9289278 ], [ 72.8227594, 18.9289728 ], [ 72.8224081, 18.9291767 ], [ 72.822048, 18.9293859 ], [ 72.8219358, 18.9294509 ], [ 72.8218884, 18.9294784 ], [ 72.8218744, 18.9294865 ] ] } },
{ "type": "Feature", "properties": { "name": "Madame Cama Road", "highway": "primary", "lanes": "1" }, "geometry": { "type": "LineString", "coordinates": [ [ 72.8269694, 18.9267074 ], [ 72.827029, 18.9266777 ], [ 72.8270885, 18.926648 ] ] } },
{ "type": "Feature", "properties": { "name": "Madame Cama Road", "highway": "primary", "lanes": "1" }, "geometry": { "type": "LineString", "coordinates": [ [ 72.8255127, 18.9275189 ], [ 72.8261841, 18.9271586 ], [ 72.8266666, 18.9268997 ], [ 72.8268287, 18.9267849 ], [ 72.8269694, 18.9267074 ] ] } },
{ "type": "Feature", "properties": { "name": "Madame Cama Road", "highway": "primary", "lanes": "1" }, "geometry": { "type": "LineString", "coordinates": [ [ 72.8280343, 18.9263905 ], [ 72.8275685, 18.9264097 ], [ 72.8275216, 18.9264116 ], [ 72.8272712, 18.9264242 ] ] } },
{ "type": "Feature", "properties": { "name": "Madame Cama Road", "highway": "primary", "lanes": "1" }, "geometry": { "type": "LineString", "coordinates": [ [ 72.8268237, 18.9265786 ], [ 72.8267265, 18.9266655 ], [ 72.8264842, 18.9268873 ], [ 72.8261332, 18.9270678 ], [ 72.8259816, 18.9271457 ] ] } },
{ "type": "Feature", "properties": { "name": "Madame Cama Road", "highway": "primary", "lanes": "1" }, "geometry": { "type": "LineString", "coordinates": [ [ 72.8269144, 18.9265124 ], [ 72.8268237, 18.9265786 ] ] } },
{ "type": "Feature", "properties": { "name": "Madame Cama Road", "highway": "primary", "lanes": "1" }, "geometry": { "type": "LineString", "coordinates": [ [ 72.8273642, 18.9265803 ], [ 72.8276253, 18.9265755 ], [ 72.8276858, 18.9265714 ], [ 72.828042, 18.9265476 ] ] } },
{ "type": "Feature", "properties": { "name": "Rajendra Venkateshwara Rao Marg", "highway": "tertiary", "lanes": "1" }, "geometry": { "type": "LineString", "coordinates": [ [ 72.8248234, 18.9243721 ], [ 72.8247428, 18.9244429 ] ] } },
{ "type": "Feature", "properties": { "name": "Unnamed Road", "highway": "residential", "lanes": "1" }, "geometry": { "type": "LineString", "coordinates": [ [ 72.8270282, 18.9254264 ], [ 72.8270553, 18.9254238 ], [ 72.8274252, 18.9254136 ], [ 72.8274694, 18.9254383 ], [ 72.8274782, 18.9255103 ], [ 72.8274747, 18.9256509 ], [ 72.8274676, 18.925681 ], [ 72.8274057, 18.925686 ], [ 72.8270719, 18.9257032 ], [ 72.8270484, 18.925703 ] ] } },
{ "type": "Feature", "properties": { "name": "Madame Cama Road", "highway": "primary", "lanes": "1" }, "geometry": { "type": "LineString", "coordinates": [ [ 72.8285431, 18.9263099 ], [ 72.8282427, 18.9263575 ] ] } },
{ "type": "Feature", "properties": { "name": "Madame Cama Road", "highway": "primary", "lanes": "1" }, "geometry": { "type": "LineString", "coordinates": [ [ 72.828042, 18.9265476 ], [ 72.8281276, 18.9265318 ] ] } },
{ "type": "Feature", "properties": { "name": "Free Press Journal Road", "highway": "tertiary", "lanes": "1" }, "geometry": { "type": "LineString", "coordinates": [ [ 72.8268237, 18.9265786 ], [ 72.8269694, 18.9267074 ] ] } },
{ "type": "Feature", "properties": { "name": "Mandlik Road", "highway": "residential", "lanes": "1" }, "geometry": { "type": "LineString", "coordinates": [ [ 72.8314532, 18.9223975 ], [ 72.8317086, 18.9222918 ], [ 72.8319753, 18.922181 ], [ 72.8325622, 18.9219371 ] ] } },
{ "type": "Feature", "properties": { "name": "Unnamed Road", "highway": "service", "lanes": "1" }, "geometry": { "type": "LineString", "coordinates": [ [ 72.8246232, 18.9297214 ], [ 72.8243816, 18.9292702 ] ] } },
{ "type": "Feature", "properties": { "name": "Unnamed Road", "highway": "service", "lanes": "1" }, "geometry": { "type": "LineString", "coordinates": [ [ 72.8246833, 18.9297935 ], [ 72.8251442, 18.9294472 ] ] } },
{ "type": "Feature", "properties": { "name": "Unnamed Road", "highway": "service", "lanes": "1" }, "geometry": { "type": "LineString", "coordinates": [ [ 72.8228511, 18.9255182 ], [ 72.822885, 18.9254924 ], [ 72.8229683, 18.9254332 ], [ 72.8234399, 18.9250902 ], [ 72.8235732, 18.9250024 ] ] } },
{ "type": "Feature", "properties": { "name": "Unnamed Road", "highway": "service", "lanes": "1" }, "geometry": { "type": "LineString", "coordinates": [ [ 72.8229683, 18.9254332 ], [ 72.8230541, 18.9255373 ], [ 72.8231494, 18.9255931 ], [ 72.823271, 18.9255656 ], [ 72.8233957, 18.9255085 ], [ 72.8234965, 18.9254665 ], [ 72.8236687, 18.9254002 ], [ 72.8237008, 18.9253878 ], [ 72.8237906, 18.9253508 ], [ 72.8238554, 18.925199 ], [ 72.8238286, 18.9251251 ], [ 72.8237102, 18.9249898 ] ] } },
{ "type": "Feature", "properties": { "name": "Unnamed Road", "highway": "service", "lanes": "1" }, "geometry": { "type": "LineString", "coordinates": [ [ 72.824212, 18.923832 ], [ 72.8241519, 18.9238737 ], [ 72.8234932, 18.9243664 ], [ 72.8234869, 18.9244454 ], [ 72.8235848, 18.9245823 ], [ 72.8236881, 18.924636 ], [ 72.8237894, 18.9245752 ], [ 72.824366, 18.9241337 ], [ 72.8244274, 18.9240867 ] ] } },
{ "type": "Feature", "properties": { "name": "Unnamed Road", "highway": "service", "lanes": "1" }, "geometry": { "type": "LineString", "coordinates": [ [ 72.8270772, 18.9318085 ], [ 72.8270274, 18.9318394 ], [ 72.8267415, 18.9320531 ], [ 72.8267381, 18.9320862 ], [ 72.8268649, 18.9322402 ], [ 72.8269015, 18.9322428 ], [ 72.8271911, 18.9320115 ], [ 72.8272297, 18.9319836 ] ] } },
{ "type": "Feature", "properties": { "name": "Unnamed Road", "highway": "service", "lanes": "1" }, "geometry": { "type": "LineString", "coordinates": [ [ 72.8269795, 18.9309416 ], [ 72.8270303, 18.9309075 ], [ 72.827137, 18.930906 ], [ 72.8272674, 18.9309025 ], [ 72.8273467, 18.9309004 ] ] } },
{ "type": "Feature", "properties": { "name": "Unnamed Road", "highway": "residential", "lanes": "1" }, "geometry": { "type": "LineString", "coordinates": [ [ 72.823912, 18.9306994 ], [ 72.8239216, 18.930674 ], [ 72.824488, 18.930448 ] ] } },
{ "type": "Feature", "properties": { "name": "Unnamed Road", "highway": "residential", "lanes": "1" }, "geometry": { "type": "LineString", "coordinates": [ [ 72.823912, 18.9306994 ], [ 72.8240881, 18.9310803 ], [ 72.8241142, 18.931135 ] ] } },
{ "type": "Feature", "properties": { "name": "Unnamed Road", "highway": "service", "lanes": "1" }, "geometry": { "type": "LineString", "coordinates": [ [ 72.8235614, 18.9308153 ], [ 72.8237317, 18.9311851 ], [ 72.8237672, 18.931263 ] ] } },
{ "type": "Feature", "properties": { "name": "Unnamed Road", "highway": "residential", "lanes": "1" }, "geometry": { "type": "LineString", "coordinates": [ [ 72.824488, 18.930448 ], [ 72.8245247, 18.9304691 ], [ 72.8247105, 18.9308148 ], [ 72.8247467, 18.9308999 ] ] } },
{ "type": "Feature", "properties": { "name": "Unnamed Road", "highway": "service", "lanes": "1" }, "geometry": { "type": "LineString", "coordinates": [ [ 72.8227994, 18.9301387 ], [ 72.8228867, 18.930295 ], [ 72.8230331, 18.9305498 ] ] } },
{ "type": "Feature", "properties": { "name": "Unnamed Road", "highway": "service", "lanes": "1" }, "geometry": { "type": "LineString", "coordinates": [ [ 72.8240259, 18.9311645 ], [ 72.8240639, 18.9312254 ], [ 72.8241311, 18.9313331 ], [ 72.8243451, 18.9312826 ], [ 72.8246497, 18.931151 ], [ 72.8246202, 18.9310147 ], [ 72.8246066, 18.9309518 ] ] } },
{ "type": "Feature", "properties": { "name": "Unnamed Road", "highway": "service", "lanes": "1" }, "geometry": { "type": "LineString", "coordinates": [ [ 72.8241512, 18.9237601 ], [ 72.824087, 18.9238099 ], [ 72.8235569, 18.9242208 ], [ 72.823484, 18.9242443 ], [ 72.8234098, 18.924238 ], [ 72.823274, 18.9241068 ], [ 72.8232622, 18.9240512 ], [ 72.8232908, 18.9239802 ], [ 72.8238657, 18.9235392 ], [ 72.8239256, 18.9234933 ] ] } },
{ "type": "Feature", "properties": { "name": "Jagannath Bhosle Road", "highway": "secondary", "lanes": "1" }, "geometry": { "type": "LineString", "coordinates": [ [ 72.8270585, 18.9264383 ], [ 72.8271623, 18.9266152 ] ] } },
{ "type": "Feature", "properties": { "name": "Madame Cama Road", "highway": "primary", "lanes": "1" }, "geometry": { "type": "LineString", "coordinates": [ [ 72.8272712, 18.9264242 ], [ 72.8270585, 18.9264383 ] ] } },
{ "type": "Feature", "properties": { "name": "Free Press Journal Road", "highway": "tertiary", "lanes": "1" }, "geometry": { "type": "LineString", "coordinates": [ [ 72.8270885, 18.926648 ], [ 72.8269144, 18.9265124 ] ] } },
{ "type": "Feature", "properties": { "name": "Madame Cama Road", "highway": "primary", "lanes": "1" }, "geometry": { "type": "LineString", "coordinates": [ [ 72.8270885, 18.926648 ], [ 72.8271623, 18.9266152 ] ] } },
{ "type": "Feature", "properties": { "name": "Madame Cama Road", "highway": "primary", "lanes": "1" }, "geometry": { "type": "LineString", "coordinates": [ [ 72.8271623, 18.9266152 ], [ 72.8271974, 18.9266091 ] ] } },
{ "type": "Feature", "properties": { "name": "Jagannath Bhosle Road", "highway": "secondary", "lanes": "1" }, "geometry": { "type": "LineString", "coordinates": [ [ 72.8270167, 18.9263482 ], [ 72.8270585, 18.9264383 ] ] } },
{ "type": "Feature", "properties": { "name": "Madame Cama Road", "highway": "primary", "lanes": "1" }, "geometry": { "type": "LineString", "coordinates": [ [ 72.8270585, 18.9264383 ], [ 72.8269744, 18.9264743 ], [ 72.8269144, 18.9265124 ] ] } },
{ "type": "Feature", "properties": { "name": "Unnamed Road", "highway": "service", "lanes": "1" }, "geometry": { "type": "LineString", "coordinates": [ [ 72.826257, 18.9272746 ], [ 72.8262847, 18.9273187 ], [ 72.8264859, 18.9275774 ] ] } },
{ "type": "Feature", "properties": { "name": "Unnamed Road", "highway": "service", "lanes": "1" }, "geometry": { "type": "LineString", "coordinates": [ [ 72.8276696, 18.9282039 ], [ 72.8276837, 18.9284549 ], [ 72.8276833, 18.9285221 ] ] } },
{ "type": "Feature", "properties": { "name": "Unnamed Road", "highway": "service", "lanes": "1" }, "geometry": { "type": "LineString", "coordinates": [ [ 72.8276868, 18.9275403 ], [ 72.8277038, 18.9278612 ], [ 72.8280494, 18.927852 ], [ 72.828096, 18.9278507 ] ] } },
{ "type": "Feature", "properties": { "name": "Unnamed Road", "highway": "service", "lanes": "1" }, "geometry": { "type": "LineString", "coordinates": [ [ 72.8271974, 18.9266091 ], [ 72.8272505, 18.9267049 ], [ 72.827279, 18.9267563 ], [ 72.8275251, 18.9272002 ], [ 72.82755, 18.927319 ], [ 72.8275206, 18.9273852 ], [ 72.8274844, 18.9274709 ], [ 72.8275664, 18.9279501 ] ] } },
{ "type": "Feature", "properties": { "name": "Unnamed Road", "highway": "service", "lanes": "1" }, "geometry": { "type": "LineString", "coordinates": [ [ 72.8262847, 18.9273187 ], [ 72.8266651, 18.9271132 ], [ 72.826675, 18.9270716 ], [ 72.8266861, 18.9270088 ], [ 72.8267499, 18.9269504 ], [ 72.8268225, 18.9269348 ], [ 72.8269045, 18.9269615 ], [ 72.827279, 18.9267563 ] ] } },
{ "type": "Feature", "properties": { "name": "Vidhan Bhavan Road", "highway": "unclassified", "lanes": "1" }, "geometry": { "type": "LineString", "coordinates": [ [ 72.8227743, 18.927933 ], [ 72.8227317, 18.9280597 ], [ 72.8226876, 18.9281906 ], [ 72.8226666, 18.9283048 ], [ 72.8226511, 18.9283939 ], [ 72.8226368, 18.9286329 ], [ 72.8227594, 18.9289728 ] ] } },
{ "type": "Feature", "properties": { "name": "Unnamed Road", "highway": "unclassified", "lanes": "1" }, "geometry": { "type": "LineString", "coordinates": [ [ 72.8236295, 18.9267867 ], [ 72.8234481, 18.9270232 ], [ 72.8231791, 18.9273001 ], [ 72.8231029, 18.9273919 ], [ 72.8230652, 18.9274482 ], [ 72.8229187, 18.9276641 ], [ 72.8227743, 18.927933 ] ] } },
{ "type": "Feature", "properties": { "name": "Unnamed Road", "highway": "service", "lanes": "1" }, "geometry": { "type": "LineString", "coordinates": [ [ 72.8237675, 18.9269176 ], [ 72.8237385, 18.9267774 ], [ 72.8232119, 18.9260369 ], [ 72.8231283, 18.9259105 ] ] } },
{ "type": "Feature", "properties": { "name": "Hamam Street", "highway": "residential", "lanes": "1" }, "geometry": { "type": "LineString", "coordinates": [ [ 72.8326794, 18.9302127 ], [ 72.8320712, 18.9301448 ] ] } },
{ "type": "Feature", "properties": { "name": "Unnamed Road", "highway": "service", "lanes": "1" }, "geometry": { "type": "LineString", "coordinates": [ [ 72.8282309, 18.9317835 ], [ 72.8280757, 18.9317796 ], [ 72.8278969, 18.9317788 ] ] } },
{ "type": "Feature", "properties": { "name": "Road No 3", "highway": "tertiary", "lanes": "1" }, "geometry": { "type": "LineString", "coordinates": [ [ 72.8255115, 18.9296405 ], [ 72.8254922, 18.92962 ], [ 72.8252903, 18.9294061 ], [ 72.8250089, 18.929108 ] ] } },
{ "type": "Feature", "properties": { "name": "Unnamed Road", "highway": "service", "lanes": "1" }, "geometry": { "type": "LineString", "coordinates": [ [ 72.8235614, 18.9308153 ], [ 72.8238121, 18.930705 ], [ 72.8238415, 18.9307089 ], [ 72.8240381, 18.9310892 ], [ 72.8240647, 18.9311524 ] ] } },
{ "type": "Feature", "properties": { "name": "Unnamed Road", "highway": "service", "lanes": "1" }, "geometry": { "type": "LineString", "coordinates": [ [ 72.8232538, 18.9309314 ], [ 72.8235298, 18.9308395 ], [ 72.8237026, 18.9311984 ], [ 72.8237379, 18.931274 ] ] } },
{ "type": "Feature", "properties": { "name": "Unnamed Road", "highway": "service", "lanes": "1" }, "geometry": { "type": "LineString", "coordinates": [ [ 72.8225978, 18.9307979 ], [ 72.822639, 18.9307759 ], [ 72.8229719, 18.9306122 ] ] } },
{ "type": "Feature", "properties": { "name": "Unnamed Road", "highway": "service", "lanes": "1" }, "geometry": { "type": "LineString", "coordinates": [ [ 72.8315726, 18.9311972 ], [ 72.8315594, 18.9313476 ] ] } },
{ "type": "Feature", "properties": { "name": "Unnamed Road", "highway": "service", "lanes": "1" }, "geometry": { "type": "LineString", "coordinates": [ [ 72.8315594, 18.9313476 ], [ 72.8315396, 18.9314082 ], [ 72.8315232, 18.9314732 ], [ 72.831515, 18.9315547 ], [ 72.8314946, 18.9316812 ], [ 72.8314911, 18.931752 ] ] } },
{ "type": "Feature", "properties": { "name": "Unnamed Road", "highway": "service", "lanes": "1" }, "geometry": { "type": "LineString", "coordinates": [ [ 72.8314911, 18.931752 ], [ 72.8316257, 18.931627 ] ] } },
{ "type": "Feature", "properties": { "name": "Unnamed Road", "highway": "service", "lanes": "1" }, "geometry": { "type": "LineString", "coordinates": [ [ 72.8316257, 18.931627 ], [ 72.8316374, 18.9314775 ], [ 72.8315594, 18.9313476 ] ] } },
{ "type": "Feature", "properties": { "name": "Wellington Circus", "highway": "primary", "lanes": "3" }, "geometry": { "type": "LineString", "coordinates": [ [ 72.8323415, 18.925074 ], [ 72.8322849, 18.9250721 ], [ 72.832229, 18.925081 ], [ 72.8321761, 18.9251002 ], [ 72.832112, 18.9251425 ], [ 72.8320626, 18.9251998 ], [ 72.8320319, 18.9252677 ], [ 72.8320221, 18.9253411 ], [ 72.832034, 18.9254141 ], [ 72.8320499, 18.9254528 ], [ 72.832072, 18.9254887 ], [ 72.8320929, 18.925514 ], [ 72.8321592, 18.9255658 ], [ 72.8322388, 18.9255963 ], [ 72.8323245, 18.9256025 ], [ 72.8324144, 18.9255816 ], [ 72.8324922, 18.9255342 ], [ 72.8325495, 18.9254654 ], [ 72.8325801, 18.9253828 ], [ 72.8325842, 18.9253415 ], [ 72.8325814, 18.9253002 ], [ 72.8325605, 18.9252306 ], [ 72.8325206, 18.9251689 ], [ 72.8324645, 18.9251198 ], [ 72.8323965, 18.9250867 ], [ 72.8323415, 18.925074 ] ] } },
{ "type": "Feature", "properties": { "name": "Madame Cama Road", "highway": "primary", "lanes": "1" }, "geometry": { "type": "LineString", "coordinates": [ [ 72.8281215, 18.9263767 ], [ 72.8280343, 18.9263905 ] ] } },
{ "type": "Feature", "properties": { "name": "Maharshi Karve Road", "highway": "tertiary", "lanes": "1" }, "geometry": { "type": "LineString", "coordinates": [ [ 72.8281215, 18.9263767 ], [ 72.8281215, 18.9260977 ], [ 72.8281084, 18.9258125 ], [ 72.828092, 18.9254564 ], [ 72.8280227, 18.9234504 ], [ 72.8279662, 18.9218173 ] ] } },
{ "type": "Feature", "properties": { "name": "Madame Cama Road", "highway": "primary", "lanes": "1" }, "geometry": { "type": "LineString", "coordinates": [ [ 72.8286377, 18.9264374 ], [ 72.8291106, 18.9263264 ], [ 72.8292197, 18.9263055 ] ] } },
{ "type": "Feature", "properties": { "name": "Madame Cama Road", "highway": "primary", "lanes": "1" }, "geometry": { "type": "LineString", "coordinates": [ [ 72.8242777, 18.9282511 ], [ 72.8255127, 18.9275189 ] ] } },
{ "type": "Feature", "properties": { "name": "Esplanade Avenue", "highway": "primary", "lanes": "3" }, "geometry": { "type": "LineString", "coordinates": [ [ 72.8320929, 18.925514 ], [ 72.8319232, 18.9256021 ], [ 72.8318616, 18.925642 ], [ 72.8317785, 18.9257843 ], [ 72.83174, 18.9258502 ] ] } },
{ "type": "Feature", "properties": { "name": "Madame Cama Road", "highway": "primary", "lanes": "1" }, "geometry": { "type": "LineString", "coordinates": [ [ 72.8315656, 18.9256036 ], [ 72.8316344, 18.925596 ], [ 72.8317768, 18.9255838 ], [ 72.8318227, 18.9255713 ], [ 72.8319038, 18.9255491 ], [ 72.832072, 18.9254887 ] ] } },
{ "type": "Feature", "properties": { "name": "Free Press Journal Road", "highway": "tertiary", "lanes": "1" }, "geometry": { "type": "LineString", "coordinates": [ [ 72.8248234, 18.9243721 ], [ 72.824239, 18.9237276 ], [ 72.8234264, 18.9227691 ], [ 72.823384, 18.922794 ], [ 72.8233523, 18.9228186 ] ] } },
{ "type": "Feature", "properties": { "name": "Maharshi Karve Road", "highway": "secondary", "lanes": "1" }, "geometry": { "type": "LineString", "coordinates": [ [ 72.8281276, 18.9265318 ], [ 72.8281215, 18.9263767 ] ] } },
{ "type": "Feature", "properties": { "name": "Madame Cama Road", "highway": "primary", "lanes": "1" }, "geometry": { "type": "LineString", "coordinates": [ [ 72.8281276, 18.9265318 ], [ 72.8286377, 18.9264374 ] ] } },
{ "type": "Feature", "properties": { "name": "Roychand Avenue", "highway": "primary", "lanes": "6" }, "geometry": { "type": "LineString", "coordinates": [ [ 72.8298993, 18.9317687 ], [ 72.8299136, 18.9320428 ], [ 72.82996, 18.932307 ], [ 72.8299965, 18.9325216 ] ] } },
{ "type": "Feature", "properties": { "name": "Jamnalal Bajaj Road", "highway": "tertiary", "lanes": "1" }, "geometry": { "type": "LineString", "coordinates": [ [ 72.8229732, 18.9259012 ], [ 72.8226079, 18.9254315 ], [ 72.8224012, 18.9251657 ], [ 72.8222635, 18.9250809 ] ] } },
{ "type": "Feature", "properties": { "name": "Jamnalal Bajaj Road", "highway": "tertiary", "lanes": "1" }, "geometry": { "type": "LineString", "coordinates": [ [ 72.8231283, 18.9259105 ], [ 72.8230785, 18.9258342 ] ] } },
{ "type": "Feature", "properties": { "name": "Barrister Rajni Patel Marg", "highway": "tertiary", "lanes": "1" }, "geometry": { "type": "LineString", "coordinates": [ [ 72.8230785, 18.9258342 ], [ 72.8230344, 18.9258623 ], [ 72.8229732, 18.9259012 ] ] } },
{ "type": "Feature", "properties": { "name": "Nanabhai Moos Marg (Upper Colaba Road)", "highway": "secondary", "lanes": "2" }, "geometry": { "type": "LineString", "coordinates": [ [ 72.8323965, 18.9250867 ], [ 72.8323256, 18.9249367 ], [ 72.8322818, 18.9248239 ], [ 72.8321271, 18.9242436 ] ] } },
{ "type": "Feature", "properties": { "name": "Marine Drive", "highway": "primary", "lanes": "3" }, "geometry": { "type": "LineString", "coordinates": [ [ 72.8228492, 18.9313078 ], [ 72.8227489, 18.9311044 ], [ 72.8225978, 18.9307979 ], [ 72.8223783, 18.9303526 ] ] } },
{ "type": "Feature", "properties": { "name": "Dinshaw Wachha Road", "highway": "tertiary", "lanes": "1" }, "geometry": { "type": "LineString", "coordinates": [ [ 72.8232336, 18.9314631 ], [ 72.8230368, 18.9315363 ], [ 72.8229659, 18.9315627 ] ] } },
{ "type": "Feature", "properties": { "name": "Rajendra Venkateshwara Rao Marg", "highway": "tertiary", "lanes": "1" }, "geometry": { "type": "LineString", "coordinates": [ [ 72.82542, 18.9238817 ], [ 72.8248234, 18.9243721 ] ] } },
{ "type": "Feature", "properties": { "name": "Babubahi M. Chinai Road", "highway": "service", "lanes": "1" }, "geometry": { "type": "LineString", "coordinates": [ [ 72.8238385, 18.9293596 ], [ 72.823819, 18.929475 ] ] } },
{ "type": "Feature", "properties": { "name": "Babubahi M. Chinai Road", "highway": "service", "lanes": "1" }, "geometry": { "type": "LineString", "coordinates": [ [ 72.823819, 18.929475 ], [ 72.8238087, 18.929557 ] ] } },
{ "type": "Feature", "properties": { "name": "Unnamed Road", "highway": "residential", "lanes": "1" }, "geometry": { "type": "LineString", "coordinates": [ [ 72.8273907, 18.9314427 ], [ 72.8274172, 18.9314415 ], [ 72.8276662, 18.9314323 ] ] } },
{ "type": "Feature", "properties": { "name": "Free Press Journal Road", "highway": "tertiary", "lanes": "1" }, "geometry": { "type": "LineString", "coordinates": [ [ 72.8247428, 18.9244429 ], [ 72.8250917, 18.9248345 ], [ 72.8252275, 18.9250125 ], [ 72.8253424, 18.9252484 ] ] } },
{ "type": "Feature", "properties": { "name": "Free Press Journal Road", "highway": "tertiary", "lanes": "1" }, "geometry": { "type": "LineString", "coordinates": [ [ 72.8255629, 18.9252461 ], [ 72.8253719, 18.9249577 ], [ 72.8248234, 18.9243721 ] ] } },
{ "type": "Feature", "properties": { "name": "Free Press Journal Road", "highway": "tertiary", "lanes": "1" }, "geometry": { "type": "LineString", "coordinates": [ [ 72.8254531, 18.9252191 ], [ 72.825408, 18.9252237 ], [ 72.8253648, 18.9252367 ], [ 72.8253424, 18.9252484 ], [ 72.8253251, 18.9252574 ], [ 72.8252913, 18.9252845 ], [ 72.8252637, 18.9253172 ], [ 72.8252433, 18.9253544 ], [ 72.8252308, 18.9253946 ], [ 72.8252268, 18.9254363 ], [ 72.8252314, 18.925478 ], [ 72.8252444, 18.9255181 ], [ 72.8252654, 18.925555 ], [ 72.8252935, 18.9255874 ], [ 72.8253277, 18.925614 ], [ 72.8253666, 18.9256339 ], [ 72.825409, 18.9256463 ], [ 72.825453, 18.9256507 ], [ 72.8254971, 18.9256469 ], [ 72.8255396, 18.9256352 ], [ 72.8255536, 18.9256284 ], [ 72.825579, 18.925616 ], [ 72.8256136, 18.9255899 ], [ 72.8256423, 18.9255579 ], [ 72.8256639, 18.9255213 ], [ 72.8256778, 18.9254805 ], [ 72.825683, 18.9254379 ], [ 72.8256791, 18.9253952 ], [ 72.8256664, 18.925354 ], [ 72.8256453, 18.9253161 ], [ 72.8256167, 18.9252828 ], [ 72.8255817, 18.9252555 ], [ 72.8255629, 18.9252461 ], [ 72.8255417, 18.9252354 ], [ 72.8254982, 18.9252231 ], [ 72.8254531, 18.9252191 ] ] } },
{ "type": "Feature", "properties": { "name": "Free Press Journal Road", "highway": "tertiary", "lanes": "1" }, "geometry": { "type": "LineString", "coordinates": [ [ 72.8269144, 18.9265124 ], [ 72.8268614, 18.9264726 ], [ 72.8265067, 18.9262217 ], [ 72.8262424, 18.9260222 ], [ 72.8260302, 18.9258372 ], [ 72.8256791, 18.9253952 ] ] } },
{ "type": "Feature", "properties": { "name": "Barrister Rajni Patel Marg", "highway": "tertiary", "lanes": "1" }, "geometry": { "type": "LineString", "coordinates": [ [ 72.8230305, 18.9259695 ], [ 72.8231283, 18.9259105 ] ] } },
{ "type": "Feature", "properties": { "name": "Unnamed Road", "highway": "service", "lanes": "1" }, "geometry": { "type": "LineString", "coordinates": [ [ 72.8283502, 18.9220853 ], [ 72.8283932, 18.922026 ], [ 72.8284568, 18.9218926 ], [ 72.8283738, 18.9218237 ], [ 72.8283368, 18.9217473 ], [ 72.8283466, 18.9216887 ], [ 72.8283707, 18.9216415 ], [ 72.8283921, 18.9216121 ], [ 72.8284514, 18.9215772 ], [ 72.8285675, 18.9215824 ], [ 72.8288067, 18.9217573 ], [ 72.828868, 18.9218156 ], [ 72.8288646, 18.9219374 ], [ 72.8287298, 18.9220259 ], [ 72.8286236, 18.9220036 ], [ 72.8285547, 18.9219382 ], [ 72.8284568, 18.9218926 ] ] } },
{ "type": "Feature", "properties": { "name": "Unnamed Road", "highway": "footway", "lanes": "1" }, "geometry": { "type": "LineString", "coordinates": [ [ 72.8328253, 18.9264244 ], [ 72.8329381, 18.9265513 ] ] } },
{ "type": "Feature", "properties": { "name": "Unnamed Road", "highway": "footway", "lanes": "1" }, "geometry": { "type": "LineString", "coordinates": [ [ 72.8329416, 18.9260653 ], [ 72.8327567, 18.926331 ] ] } },
{ "type": "Feature", "properties": { "name": "Unnamed Road", "highway": "footway", "lanes": "1" }, "geometry": { "type": "LineString", "coordinates": [ [ 72.8330239, 18.9264905 ], [ 72.8329381, 18.9265513 ], [ 72.8329086, 18.9265691 ], [ 72.8328806, 18.926539 ], [ 72.8325755, 18.9267831 ], [ 72.8323192, 18.926977 ] ] } },
{ "type": "Feature", "properties": { "name": "Unnamed Road", "highway": "footway", "lanes": "1" }, "geometry": { "type": "LineString", "coordinates": [ [ 72.8325755, 18.9267831 ], [ 72.8325365, 18.9267349 ] ] } },
{ "type": "Feature", "properties": { "name": "Unnamed Road", "highway": "footway", "lanes": "1" }, "geometry": { "type": "LineString", "coordinates": [ [ 72.8329086, 18.9265691 ], [ 72.8330199, 18.9266833 ], [ 72.8331032, 18.9267186 ], [ 72.8331932, 18.9268225 ], [ 72.8332529, 18.9269006 ] ] } },
{ "type": "Feature", "properties": { "name": "Unnamed Road", "highway": "service", "lanes": "1" }, "geometry": { "type": "LineString", "coordinates": [ [ 72.8327567, 18.926331 ], [ 72.8328253, 18.9264244 ] ] } },
{ "type": "Feature", "properties": { "name": "Jamnalal Bajaj Road", "highway": "tertiary", "lanes": "1" }, "geometry": { "type": "LineString", "coordinates": [ [ 72.8212409, 18.9238936 ], [ 72.8212889, 18.9239493 ], [ 72.8215237, 18.9242218 ], [ 72.8215715, 18.9242772 ], [ 72.8217819, 18.9245215 ], [ 72.8218781, 18.9246422 ], [ 72.822186, 18.9249904 ] ] } },
{ "type": "Feature", "properties": { "name": "BEST Marg", "highway": "tertiary", "lanes": "6" }, "geometry": { "type": "LineString", "coordinates": [ [ 72.831058, 18.9219274 ], [ 72.829915, 18.9225291 ], [ 72.8297071, 18.9226396 ], [ 72.8296608, 18.9226644 ], [ 72.8294226, 18.9228355 ] ] } },
{ "type": "Feature", "properties": { "name": "Unnamed Road", "highway": "service", "lanes": "1" }, "geometry": { "type": "LineString", "coordinates": [ [ 72.8221262, 18.9268087 ], [ 72.8226449, 18.9271463 ], [ 72.8226885, 18.9270693 ], [ 72.8227356, 18.9270018 ], [ 72.8228404, 18.926897 ], [ 72.822968, 18.9267528 ], [ 72.8231162, 18.9266138 ], [ 72.8232346, 18.9264972 ] ] } },
{ "type": "Feature", "properties": { "name": "Unnamed Road", "highway": "service", "lanes": "1" }, "geometry": { "type": "LineString", "coordinates": [ [ 72.8265378, 18.9276336 ], [ 72.8265273, 18.9276098 ], [ 72.8265094, 18.9275904 ], [ 72.8264859, 18.9275774 ], [ 72.8264592, 18.9275722 ], [ 72.8264322, 18.9275753 ], [ 72.8264065, 18.927587 ], [ 72.8263864, 18.9276063 ], [ 72.8263743, 18.9276307 ], [ 72.8263714, 18.9276576 ], [ 72.8263782, 18.9276838 ], [ 72.8263939, 18.9277064 ], [ 72.8264166, 18.9277228 ], [ 72.8264438, 18.927731 ], [ 72.826471, 18.9277305 ], [ 72.8264966, 18.9277217 ], [ 72.826518, 18.9277058 ], [ 72.8265329, 18.9276842 ], [ 72.8265397, 18.9276593 ], [ 72.8265378, 18.9276336 ] ] } },
{ "type": "Feature", "properties": { "name": "Unnamed Road", "highway": "service", "lanes": "1" }, "geometry": { "type": "LineString", "coordinates": [ [ 72.8261778, 18.9282021 ], [ 72.8264336, 18.9280949 ], [ 72.8266235, 18.9280272 ], [ 72.8266958, 18.9280015 ], [ 72.8267201, 18.9279788 ], [ 72.8267239, 18.9279225 ], [ 72.8267165, 18.9278701 ], [ 72.8266913, 18.9278254 ], [ 72.8265378, 18.9276336 ] ] } },
{ "type": "Feature", "properties": { "name": "Unnamed Road", "highway": "service", "lanes": "1" }, "geometry": { "type": "LineString", "coordinates": [ [ 72.8264438, 18.927731 ], [ 72.8266235, 18.9280272 ] ] } },
{ "type": "Feature", "properties": { "name": "Unnamed Road", "highway": "service", "lanes": "1" }, "geometry": { "type": "LineString", "coordinates": [ [ 72.8263714, 18.9276576 ], [ 72.8260773, 18.9278027 ] ] } },
{ "type": "Feature", "properties": { "name": "Unnamed Road", "highway": "service", "lanes": "1" }, "geometry": { "type": "LineString", "coordinates": [ [ 72.8261841, 18.9271586 ], [ 72.826257, 18.9272746 ] ] } },
{ "type": "Feature", "properties": { "name": "Unnamed Road", "highway": "service", "lanes": "1" }, "geometry": { "type": "LineString", "coordinates": [ [ 72.8260356, 18.9282852 ], [ 72.8261778, 18.9282021 ] ] } },
{ "type": "Feature", "properties": { "name": "Unnamed Road", "highway": "residential", "lanes": "1" }, "geometry": { "type": "LineString", "coordinates": [ [ 72.8268546, 18.9242911 ], [ 72.8267249, 18.9242847 ], [ 72.8265825, 18.9242703 ], [ 72.8265275, 18.9242784 ], [ 72.8265106, 18.9243159 ], [ 72.8264952, 18.9246529 ], [ 72.8265104, 18.9246946 ], [ 72.8265508, 18.9247231 ], [ 72.8267522, 18.9247237 ], [ 72.8268724, 18.9247241 ] ] } },
{ "type": "Feature", "properties": { "name": "Unnamed Road", "highway": "service", "lanes": "1" }, "geometry": { "type": "LineString", "coordinates": [ [ 72.831515, 18.9315547 ], [ 72.8313333, 18.9315493 ] ] } },
{ "type": "Feature", "properties": { "name": "Crown Street", "highway": "residential", "lanes": "1" }, "geometry": { "type": "LineString", "coordinates": [ [ 72.8319283, 18.9307064 ], [ 72.8317819, 18.9314776 ] ] } },
{ "type": "Feature", "properties": { "name": "Crown Street", "highway": "tertiary", "lanes": "1" }, "geometry": { "type": "LineString", "coordinates": [ [ 72.8317819, 18.9314776 ], [ 72.8317041, 18.9316971 ] ] } },
{ "type": "Feature", "properties": { "name": "Unnamed Road", "highway": "residential", "lanes": "1" }, "geometry": { "type": "LineString", "coordinates": [ [ 72.8270484, 18.925703 ], [ 72.8269303, 18.9257061 ] ] } },
{ "type": "Feature", "properties": { "name": "Unnamed Road", "highway": "residential", "lanes": "1" }, "geometry": { "type": "LineString", "coordinates": [ [ 72.8270282, 18.9254264 ], [ 72.826914, 18.9254291 ] ] } },
{ "type": "Feature", "properties": { "name": "Unnamed Road", "highway": "residential", "lanes": "1" }, "geometry": { "type": "LineString", "coordinates": [ [ 72.8268724, 18.9247241 ], [ 72.8269938, 18.9247234 ] ] } },
{ "type": "Feature", "properties": { "name": "Unnamed Road", "highway": "residential", "lanes": "1" }, "geometry": { "type": "LineString", "coordinates": [ [ 72.8268546, 18.9242911 ], [ 72.8269728, 18.9242841 ] ] } },
{ "type": "Feature", "properties": { "name": "Maharshi Karve Road", "highway": "secondary", "lanes": "4" }, "geometry": { "type": "LineString", "coordinates": [ [ 72.828042, 18.9265476 ], [ 72.8280495, 18.9267202 ] ] } },
{ "type": "Feature", "properties": { "name": "JTS Malani Marg", "highway": "residential", "lanes": "1" }, "geometry": { "type": "LineString", "coordinates": [ [ 72.8272709, 18.9320309 ], [ 72.8273987, 18.9319129 ] ] } },
{ "type": "Feature", "properties": { "name": "Jamshedji Tata Road", "highway": "tertiary", "lanes": "1" }, "geometry": { "type": "LineString", "coordinates": [ [ 72.8259443, 18.9303364 ], [ 72.8259262, 18.930366 ], [ 72.8259204, 18.9303756 ], [ 72.8259106, 18.9304198 ], [ 72.8259158, 18.9304648 ], [ 72.8259223, 18.9304781 ], [ 72.8259356, 18.9305059 ], [ 72.825968, 18.9305392 ], [ 72.8260097, 18.9305613 ], [ 72.8260566, 18.9305699 ], [ 72.8261041, 18.9305644 ], [ 72.8261473, 18.9305451 ], [ 72.826182, 18.930514 ], [ 72.8261923, 18.9304962 ], [ 72.8262045, 18.930475 ], [ 72.8262133, 18.9304313 ], [ 72.8262075, 18.9303872 ], [ 72.8262006, 18.9303732 ], [ 72.8261877, 18.9303469 ], [ 72.8261558, 18.9303143 ], [ 72.8261148, 18.9302925 ], [ 72.8260688, 18.9302836 ], [ 72.8260221, 18.9302885 ], [ 72.8259792, 18.9303067 ], [ 72.8259443, 18.9303364 ] ] } },
{ "type": "Feature", "properties": { "name": "B.K. Boman Behram Road", "highway": "residential", "lanes": "2" }, "geometry": { "type": "LineString", "coordinates": [ [ 72.8330804, 18.9230594 ], [ 72.8330527, 18.9229994 ], [ 72.8328032, 18.9224596 ], [ 72.8326791, 18.9221905 ], [ 72.8325622, 18.9219371 ], [ 72.8323225, 18.9214176 ], [ 72.832299, 18.9213666 ] ] } },
{ "type": "Feature", "properties": { "name": "Unnamed Road", "highway": "footway", "lanes": "1" }, "geometry": { "type": "LineString", "coordinates": [ [ 72.8294762, 18.9296015 ], [ 72.8294779, 18.9294247 ], [ 72.8294779, 18.9290414 ], [ 72.8294905, 18.9276209 ], [ 72.829503, 18.9271752 ], [ 72.8294748, 18.9269642 ], [ 72.8294273, 18.9268047 ], [ 72.8293234, 18.9266938 ], [ 72.8291914, 18.9266091 ], [ 72.8290243, 18.9265391 ], [ 72.8288103, 18.9265203 ], [ 72.8285531, 18.9265815 ], [ 72.8283888, 18.9266966 ], [ 72.8282842, 18.9268739 ], [ 72.8282501, 18.9269925 ], [ 72.8282549, 18.9272527 ], [ 72.828323, 18.9296272 ], [ 72.8283511, 18.9314513 ], [ 72.828373, 18.9319832 ], [ 72.8284412, 18.932134 ], [ 72.8285604, 18.9322457 ], [ 72.828732, 18.9323217 ], [ 72.8288671, 18.9323493 ], [ 72.8291032, 18.9323689 ], [ 72.82927, 18.9323677 ], [ 72.8294684, 18.9323217 ], [ 72.8295974, 18.9322169 ], [ 72.8296436, 18.93202 ], [ 72.8295986, 18.9314179 ], [ 72.8294915, 18.9299225 ], [ 72.8294762, 18.9296015 ] ] } },
{ "type": "Feature", "properties": { "name": "Marine Drive", "highway": "primary", "lanes": "3" }, "geometry": { "type": "LineString", "coordinates": [ [ 72.8229659, 18.9315627 ], [ 72.8229182, 18.9314585 ], [ 72.8228492, 18.9313078 ] ] } },
{ "type": "Feature", "properties": { "name": "Dinshaw Wachha Road", "highway": "tertiary", "lanes": "1" }, "geometry": { "type": "LineString", "coordinates": [ [ 72.8229659, 18.9315627 ], [ 72.8228443, 18.9316104 ] ] } },
{ "type": "Feature", "properties": { "name": "Marine Drive", "highway": "primary", "lanes": "3" }, "geometry": { "type": "LineString", "coordinates": [ [ 72.8229499, 18.9318422 ], [ 72.823096, 18.9321633 ], [ 72.8233048, 18.9327243 ], [ 72.8234562, 18.9332227 ] ] } },
{ "type": "Feature", "properties": { "name": "Marine Drive", "highway": "primary", "lanes": "3" }, "geometry": { "type": "LineString", "coordinates": [ [ 72.8226569, 18.9312171 ], [ 72.8227861, 18.9314883 ], [ 72.8227956, 18.9315081 ], [ 72.8228443, 18.9316104 ] ] } },
{ "type": "Feature", "properties": { "name": "Marine Drive", "highway": "primary", "lanes": "3" }, "geometry": { "type": "LineString", "coordinates": [ [ 72.8220696, 18.9298207 ], [ 72.8219394, 18.9295946 ], [ 72.8219277, 18.9295743 ] ] } },
{ "type": "Feature", "properties": { "name": "Marine Drive", "highway": "primary", "lanes": "3" }, "geometry": { "type": "LineString", "coordinates": [ [ 72.8230927, 18.9318427 ], [ 72.8230091, 18.931658 ], [ 72.8229659, 18.9315627 ] ] } },
{ "type": "Feature", "properties": { "name": "Marine Drive", "highway": "primary", "lanes": "3" }, "geometry": { "type": "LineString", "coordinates": [ [ 72.823208, 18.9321156 ], [ 72.8230997, 18.9318593 ], [ 72.8230927, 18.9318427 ] ] } },
{ "type": "Feature", "properties": { "name": "Unnamed Road", "highway": "service", "lanes": "1" }, "geometry": { "type": "LineString", "coordinates": [ [ 72.8279245, 18.9229785 ], [ 72.8278377, 18.9229791 ], [ 72.8274449, 18.9229819 ] ] } },
{ "type": "Feature", "properties": { "name": "Unnamed Road", "highway": "service", "lanes": "1" }, "geometry": { "type": "LineString", "coordinates": [ [ 72.8308296, 18.925628 ], [ 72.8308171, 18.9255735 ], [ 72.830764, 18.9253411 ], [ 72.830738, 18.9252178 ] ] } },
{ "type": "Feature", "properties": { "name": "Unnamed Road", "highway": "footway", "lanes": "1" }, "geometry": { "type": "LineString", "coordinates": [ [ 72.8230147, 18.9314195 ], [ 72.8229902, 18.9314294 ], [ 72.8229182, 18.9314585 ], [ 72.8227956, 18.9315081 ], [ 72.8227186, 18.9315392 ], [ 72.8226564, 18.9315644 ] ] } },
{ "type": "Feature", "properties": { "name": "Unnamed Road", "highway": "footway", "lanes": "1" }, "geometry": { "type": "LineString", "coordinates": [ [ 72.8231232, 18.9316171 ], [ 72.8230789, 18.931633 ], [ 72.8230091, 18.931658 ], [ 72.8228862, 18.9317021 ], [ 72.8228042, 18.9317315 ], [ 72.8227445, 18.9317529 ] ] } },
{ "type": "Feature", "properties": { "name": "Unnamed Road", "highway": "footway", "lanes": "1" }, "geometry": { "type": "LineString", "coordinates": [ [ 72.8230789, 18.931633 ], [ 72.8230368, 18.9315363 ], [ 72.8229902, 18.9314294 ] ] } },
{ "type": "Feature", "properties": { "name": "Unnamed Road", "highway": "service", "lanes": "1" }, "geometry": { "type": "LineString", "coordinates": [ [ 72.8231791, 18.9273001 ], [ 72.8230754, 18.9271957 ] ] } },
{ "type": "Feature", "properties": { "name": "Jeevan Bima Road", "highway": "tertiary", "lanes": "1" }, "geometry": { "type": "LineString", "coordinates": [ [ 72.8256079, 18.9282027 ], [ 72.8256186, 18.9279459 ], [ 72.8255994, 18.9277501 ], [ 72.825594, 18.9276957 ], [ 72.8255127, 18.9275189 ] ] } },
{ "type": "Feature", "properties": { "name": "Madame Cama Road", "highway": "primary", "lanes": "1" }, "geometry": { "type": "LineString", "coordinates": [ [ 72.8282427, 18.9263575 ], [ 72.8281215, 18.9263767 ] ] } },
{ "type": "Feature", "properties": { "name": "Unnamed Road", "highway": "residential", "lanes": "1" }, "geometry": { "type": "LineString", "coordinates": [ [ 72.8318052, 18.923605 ], [ 72.8314489, 18.9237101 ], [ 72.8314255, 18.9237303 ], [ 72.8314201, 18.9237618 ], [ 72.8314125, 18.9238368 ] ] } },
{ "type": "Feature", "properties": { "name": "Unnamed Road", "highway": "residential", "lanes": "1" }, "geometry": { "type": "LineString", "coordinates": [ [ 72.8314684, 18.9236029 ], [ 72.8313977, 18.9234202 ] ] } },
{ "type": "Feature", "properties": { "name": "Unnamed Road", "highway": "service", "lanes": "1" }, "geometry": { "type": "LineString", "coordinates": [ [ 72.8294493, 18.9238817 ], [ 72.8295096, 18.9238788 ], [ 72.82957, 18.9238759 ], [ 72.8295782, 18.923959 ], [ 72.8296002, 18.9239773 ], [ 72.8298993, 18.9239564 ], [ 72.8299307, 18.9239405 ], [ 72.8299226, 18.9237868 ], [ 72.8298981, 18.9237577 ], [ 72.8295694, 18.9237695 ], [ 72.8295598, 18.9237936 ], [ 72.82957, 18.9238759 ] ] } },
{ "type": "Feature", "properties": { "name": "Unnamed Road", "highway": "service", "lanes": "1" }, "geometry": { "type": "LineString", "coordinates": [ [ 72.8280227, 18.9234504 ], [ 72.828125, 18.9234479 ], [ 72.8282421, 18.9234422 ], [ 72.8284861, 18.9234331 ], [ 72.8285022, 18.9234406 ], [ 72.8285121, 18.9234554 ], [ 72.8285256, 18.923729 ] ] } },
{ "type": "Feature", "properties": { "name": "Unnamed Road", "highway": "service", "lanes": "1" }, "geometry": { "type": "LineString", "coordinates": [ [ 72.8282421, 18.9234422 ], [ 72.8282511, 18.9237012 ], [ 72.8282574, 18.9237225 ], [ 72.8282758, 18.9237361 ], [ 72.8285256, 18.923729 ], [ 72.8292272, 18.9237244 ], [ 72.8293416, 18.9237222 ], [ 72.8294365, 18.923723 ] ] } },
{ "type": "Feature", "properties": { "name": "Unnamed Road", "highway": "service", "lanes": "1" }, "geometry": { "type": "LineString", "coordinates": [ [ 72.8292557, 18.9244238 ], [ 72.8292272, 18.9237244 ] ] } },
{ "type": "Feature", "properties": { "name": "Unnamed Road", "highway": "residential", "lanes": "1" }, "geometry": { "type": "LineString", "coordinates": [ [ 72.8275685, 18.9264097 ], [ 72.8275557, 18.9260161 ], [ 72.8275607, 18.9259971 ], [ 72.8275778, 18.925991 ], [ 72.8280309, 18.9259889 ] ] } },
{ "type": "Feature", "properties": { "name": "Unnamed Road", "highway": "footway", "lanes": "1" }, "geometry": { "type": "LineString", "coordinates": [ [ 72.828717, 18.9258854 ], [ 72.8287158, 18.925903 ], [ 72.8287147, 18.9259203 ], [ 72.8287248, 18.9259539 ], [ 72.8287461, 18.9259825 ], [ 72.8287763, 18.9260027 ], [ 72.8288118, 18.9260123 ], [ 72.8288472, 18.9260106 ], [ 72.8288801, 18.9259983 ], [ 72.8289072, 18.9259768 ], [ 72.8289256, 18.9259481 ], [ 72.8289335, 18.9259155 ], [ 72.8289299, 18.9258821 ], [ 72.8289153, 18.9258516 ], [ 72.8288912, 18.9258271 ], [ 72.8288601, 18.9258111 ], [ 72.8288252, 18.9258053 ], [ 72.8287887, 18.9258107 ], [ 72.8287562, 18.9258273 ], [ 72.8287314, 18.9258532 ], [ 72.828717, 18.9258854 ] ] } },
{ "type": "Feature", "properties": { "name": "Unnamed Road", "highway": "footway", "lanes": "1" }, "geometry": { "type": "LineString", "coordinates": [ [ 72.8288118, 18.9260123 ], [ 72.8288095, 18.9262696 ] ] } },
{ "type": "Feature", "properties": { "name": "Unnamed Road", "highway": "footway", "lanes": "1" }, "geometry": { "type": "LineString", "coordinates": [ [ 72.8287158, 18.925903 ], [ 72.8284704, 18.9259098 ], [ 72.8282518, 18.9258371 ], [ 72.8281475, 18.9258133 ], [ 72.8281084, 18.9258125 ] ] } },
{ "type": "Feature", "properties": { "name": "Unnamed Road", "highway": "footway", "lanes": "1" }, "geometry": { "type": "LineString", "coordinates": [ [ 72.8288252, 18.9258053 ], [ 72.8288288, 18.9255492 ], [ 72.8288392, 18.9254026 ], [ 72.8288501, 18.9252485 ] ] } },
{ "type": "Feature", "properties": { "name": "Unnamed Road", "highway": "footway", "lanes": "1" }, "geometry": { "type": "LineString", "coordinates": [ [ 72.8289153, 18.9258516 ], [ 72.829116, 18.9257292 ], [ 72.8293595, 18.9255807 ], [ 72.8293668, 18.9255506 ], [ 72.8293417, 18.9255136 ], [ 72.8293237, 18.9254617 ], [ 72.8293152, 18.9254114 ], [ 72.8292874, 18.9254021 ], [ 72.829198, 18.9254022 ], [ 72.8290265, 18.9254024 ], [ 72.8288879, 18.9254026 ], [ 72.8288392, 18.9254026 ] ] } },
{ "type": "Feature", "properties": { "name": "Unnamed Road", "highway": "footway", "lanes": "1" }, "geometry": { "type": "LineString", "coordinates": [ [ 72.829116, 18.9257292 ], [ 72.8290757, 18.9256823 ], [ 72.8291811, 18.9255659 ], [ 72.8291926, 18.9255344 ], [ 72.829198, 18.9254022 ], [ 72.8292032, 18.9252967 ] ] } },
{ "type": "Feature", "properties": { "name": "Unnamed Road", "highway": "footway", "lanes": "1" }, "geometry": { "type": "LineString", "coordinates": [ [ 72.8293152, 18.9254114 ], [ 72.8293362, 18.9254096 ], [ 72.8293548, 18.9253981 ], [ 72.8293514, 18.9253177 ], [ 72.8293264, 18.9253046 ], [ 72.8292032, 18.9252967 ], [ 72.8290369, 18.9253006 ], [ 72.8288977, 18.9253038 ], [ 72.8288896, 18.9253221 ], [ 72.8288879, 18.9254026 ] ] } },
{ "type": "Feature", "properties": { "name": "Unnamed Road", "highway": "footway", "lanes": "1" }, "geometry": { "type": "LineString", "coordinates": [ [ 72.8290757, 18.9256823 ], [ 72.8290223, 18.9256161 ], [ 72.8290265, 18.9254024 ], [ 72.8290369, 18.9253006 ] ] } },
{ "type": "Feature", "properties": { "name": "Kaikhushru Dubash Marg", "highway": "tertiary", "lanes": "1" }, "geometry": { "type": "LineString", "coordinates": [ [ 72.8314561, 18.928281 ], [ 72.8317434, 18.9280825 ], [ 72.8320216, 18.9279282 ], [ 72.8322109, 18.9277922 ], [ 72.8322192, 18.927785 ], [ 72.83225, 18.9277162 ] ] } },
{ "type": "Feature", "properties": { "name": "Kaikhushru Dubash Marg", "highway": "tertiary", "lanes": "1" }, "geometry": { "type": "LineString", "coordinates": [ [ 72.83225, 18.9277162 ], [ 72.8319383, 18.9278269 ], [ 72.8314562, 18.927535 ] ] } },
{ "type": "Feature", "properties": { "name": "Homi Modi Street 2nd Cross Lane", "highway": "residential", "lanes": "1" }, "geometry": { "type": "LineString", "coordinates": [ [ 72.8326794, 18.9302127 ], [ 72.8326796, 18.9307758 ] ] } },
{ "type": "Feature", "properties": { "name": "Mupanna P Shetty Marg", "highway": "residential", "lanes": "1" }, "geometry": { "type": "LineString", "coordinates": [ [ 72.8319283, 18.9307064 ], [ 72.8326796, 18.9307758 ] ] } },
{ "type": "Feature", "properties": { "name": "Nathalal M. Parikh Road", "highway": "tertiary", "lanes": "3" }, "geometry": { "type": "LineString", "coordinates": [ [ 72.8268953, 18.92107 ], [ 72.8278729, 18.921752 ], [ 72.8279662, 18.9218173 ], [ 72.8283502, 18.9220853 ], [ 72.8294226, 18.9228355 ] ] } },
{ "type": "Feature", "properties": { "name": "Unnamed Road", "highway": "service", "lanes": "1" }, "geometry": { "type": "LineString", "coordinates": [ [ 72.8223865, 18.9278312 ], [ 72.8223962, 18.9278035 ], [ 72.8224282, 18.9277121 ], [ 72.8224073, 18.9276854 ], [ 72.8224024, 18.9276526 ], [ 72.8226501, 18.9272 ], [ 72.8226864, 18.9271858 ], [ 72.822923, 18.9273253 ], [ 72.822929, 18.9273609 ], [ 72.8229127, 18.9273899 ], [ 72.8226902, 18.9277949 ], [ 72.8226613, 18.9278046 ], [ 72.8224282, 18.9277121 ] ] } },
{ "type": "Feature", "properties": { "name": "Unnamed Road", "highway": "service", "lanes": "1" }, "geometry": { "type": "LineString", "coordinates": [ [ 72.8229127, 18.9273899 ], [ 72.8229293, 18.9273968 ], [ 72.8230652, 18.9274482 ] ] } },
{ "type": "Feature", "properties": { "name": "Unnamed Road", "highway": "service", "lanes": "1" }, "geometry": { "type": "LineString", "coordinates": [ [ 72.8220187, 18.926962 ], [ 72.8219582, 18.9269009 ], [ 72.8219418, 18.9268843 ] ] } },
{ "type": "Feature", "properties": { "name": "Unnamed Road", "highway": "service", "lanes": "1" }, "geometry": { "type": "LineString", "coordinates": [ [ 72.8215722, 18.9283167 ], [ 72.8216562, 18.9283227 ], [ 72.8225456, 18.9283864 ], [ 72.8226511, 18.9283939 ] ] } },
{ "type": "Feature", "properties": { "name": "Unnamed Road", "highway": "steps", "lanes": "1" }, "geometry": { "type": "LineString", "coordinates": [ [ 72.8226666, 18.9283048 ], [ 72.8225777, 18.928296 ], [ 72.8224991, 18.9282872 ] ] } },
{ "type": "Feature", "properties": { "name": "Unnamed Road", "highway": "service", "lanes": "1" }, "geometry": { "type": "LineString", "coordinates": [ [ 72.8225679, 18.9280122 ], [ 72.822629, 18.9280299 ], [ 72.8227317, 18.9280597 ] ] } },
{ "type": "Feature", "properties": { "name": "Unnamed Road", "highway": "service", "lanes": "1" }, "geometry": { "type": "LineString", "coordinates": [ [ 72.8226876, 18.9281906 ], [ 72.8226209, 18.9281803 ], [ 72.8226107, 18.9281788 ], [ 72.8225561, 18.9281701 ], [ 72.8225679, 18.9280122 ], [ 72.8225409, 18.9279946 ] ] } },
{ "type": "Feature", "properties": { "name": "Unnamed Road", "highway": "service", "lanes": "1" }, "geometry": { "type": "LineString", "coordinates": [ [ 72.8225561, 18.9281701 ], [ 72.822552, 18.9282335 ] ] } },
{ "type": "Feature", "properties": { "name": "Unnamed Road", "highway": "primary_link", "lanes": "1" }, "geometry": { "type": "LineString", "coordinates": [ [ 72.8313025, 18.9305186 ], [ 72.8314036, 18.9305172 ] ] } },
{ "type": "Feature", "properties": { "name": "Unnamed Road", "highway": "primary_link", "lanes": "1" }, "geometry": { "type": "LineString", "coordinates": [ [ 72.8313406, 18.9285534 ], [ 72.8314525, 18.928638 ] ] } },
{ "type": "Feature", "properties": { "name": "Unnamed Road", "highway": "primary_link", "lanes": "1" }, "geometry": { "type": "LineString", "coordinates": [ [ 72.8313486, 18.9284243 ], [ 72.8314551, 18.9284335 ] ] } },
{ "type": "Feature", "properties": { "name": "Unnamed Road", "highway": "primary_link", "lanes": "1" }, "geometry": { "type": "LineString", "coordinates": [ [ 72.831562, 18.9311692 ], [ 72.8315357, 18.9311685 ], [ 72.8313541, 18.9311638 ] ] } },
{ "type": "Feature", "properties": { "name": "Unnamed Road", "highway": "tertiary_link", "lanes": "1" }, "geometry": { "type": "LineString", "coordinates": [ [ 72.8255107, 18.9298835 ], [ 72.8256313, 18.9297954 ] ] } },
{ "type": "Feature", "properties": { "name": "Unnamed Road", "highway": "tertiary_link", "lanes": "1" }, "geometry": { "type": "LineString", "coordinates": [ [ 72.8253714, 18.9297177 ], [ 72.8254922, 18.92962 ] ] } },
{ "type": "Feature", "properties": { "name": "Unnamed Road", "highway": "tertiary_link", "lanes": "1" }, "geometry": { "type": "LineString", "coordinates": [ [ 72.8268095, 18.9314663 ], [ 72.8269324, 18.9313677 ] ] } },
{ "type": "Feature", "properties": { "name": "Unnamed Road", "highway": "service", "lanes": "1" }, "geometry": { "type": "LineString", "coordinates": [ [ 72.8234512, 18.9298069 ], [ 72.8235411, 18.9299675 ], [ 72.8236888, 18.9302316 ], [ 72.8236845, 18.9302722 ], [ 72.8234099, 18.9304072 ] ] } },
{ "type": "Feature", "properties": { "name": "Unnamed Road", "highway": "service", "lanes": "1" }, "geometry": { "type": "LineString", "coordinates": [ [ 72.8230848, 18.9299974 ], [ 72.8231792, 18.9301646 ], [ 72.8233229, 18.9304193 ] ] } },
{ "type": "Feature", "properties": { "name": "Unnamed Road", "highway": "residential", "lanes": "1" }, "geometry": { "type": "LineString", "coordinates": [ [ 72.8242184, 18.9305189 ], [ 72.8242063, 18.9304986 ], [ 72.8241957, 18.9304843 ], [ 72.8240566, 18.9302721 ], [ 72.8240321, 18.9302617 ], [ 72.8238176, 18.9303765 ], [ 72.823809, 18.9304071 ], [ 72.8239422, 18.930601 ], [ 72.8239627, 18.930601 ], [ 72.8241957, 18.9304843 ] ] } },
{ "type": "Feature", "properties": { "name": "Unnamed Road", "highway": "service", "lanes": "1" }, "geometry": { "type": "LineString", "coordinates": [ [ 72.8271003, 18.9299641 ], [ 72.8270698, 18.929887 ], [ 72.8269558, 18.9296431 ] ] } },
{ "type": "Feature", "properties": { "name": "Marine Drive", "highway": "primary", "lanes": "3" }, "geometry": { "type": "LineString", "coordinates": [ [ 72.8228443, 18.9316104 ], [ 72.8228862, 18.9317021 ], [ 72.8229499, 18.9318422 ] ] } },
{ "type": "Feature", "properties": { "name": "Unnamed Road", "highway": "primary_link", "lanes": "1" }, "geometry": { "type": "LineString", "coordinates": [ [ 72.8231232, 18.9316171 ], [ 72.8231553, 18.9315547 ], [ 72.8232336, 18.9314631 ] ] } },
{ "type": "Feature", "properties": { "name": "Dinshaw Wachha Road", "highway": "tertiary", "lanes": "1" }, "geometry": { "type": "LineString", "coordinates": [ [ 72.8234599, 18.9313778 ], [ 72.8232517, 18.9314563 ], [ 72.8232336, 18.9314631 ] ] } },
{ "type": "Feature", "properties": { "name": "Unnamed Road", "highway": "service", "lanes": "1" }, "geometry": { "type": "LineString", "coordinates": [ [ 72.8301365, 18.9311938 ], [ 72.8301804, 18.9314451 ], [ 72.8301807, 18.9315104 ], [ 72.8301701, 18.9315612 ], [ 72.8301493, 18.9316022 ], [ 72.8301081, 18.9316416 ], [ 72.8300774, 18.9316664 ], [ 72.8300406, 18.9316862 ], [ 72.8298923, 18.9317167 ] ] } },
{ "type": "Feature", "properties": { "name": "Unnamed Road", "highway": "service", "lanes": "1" }, "geometry": { "type": "LineString", "coordinates": [ [ 72.8297642, 18.9307598 ], [ 72.8298993, 18.9307922 ], [ 72.8300015, 18.9308373 ], [ 72.8300576, 18.9308912 ], [ 72.830086, 18.9309481 ], [ 72.8301228, 18.931103 ] ] } },
{ "type": "Feature", "properties": { "name": "Unnamed Road", "highway": "service", "lanes": "1" }, "geometry": { "type": "LineString", "coordinates": [ [ 72.8301228, 18.931103 ], [ 72.8301365, 18.9311938 ] ] } },
{ "type": "Feature", "properties": { "name": "Unnamed Road", "highway": "residential", "lanes": "1" }, "geometry": { "type": "LineString", "coordinates": [ [ 72.8223555, 18.9293486 ], [ 72.8224324, 18.9294829 ], [ 72.822443, 18.9295014 ], [ 72.822609, 18.9297912 ], [ 72.8226329, 18.9298026 ], [ 72.8228904, 18.9296729 ], [ 72.8228941, 18.9296538 ], [ 72.8227189, 18.9293476 ], [ 72.8227072, 18.9293271 ], [ 72.8226316, 18.929195 ] ] } },
{ "type": "Feature", "properties": { "name": "Unnamed Road", "highway": "residential", "lanes": "1" }, "geometry": { "type": "LineString", "coordinates": [ [ 72.822443, 18.9295014 ], [ 72.8227189, 18.9293476 ] ] } },
{ "type": "Feature", "properties": { "name": "Unnamed Road", "highway": "service", "lanes": "1" }, "geometry": { "type": "LineString", "coordinates": [ [ 72.8246729, 18.9244973 ], [ 72.8244567, 18.9242545 ] ] } },
{ "type": "Feature", "properties": { "name": "Unnamed Road", "highway": "service", "lanes": "1" }, "geometry": { "type": "LineString", "coordinates": [ [ 72.828059, 18.926937 ], [ 72.8280422, 18.926921 ], [ 72.828028, 18.9269146 ], [ 72.8279936, 18.9269095 ], [ 72.8277291, 18.9269084 ], [ 72.8277151, 18.9269001 ], [ 72.8276975, 18.9268775 ], [ 72.82769, 18.9266806 ], [ 72.8276858, 18.9265714 ] ] } },
{ "type": "Feature", "properties": { "name": "Unnamed Road", "highway": "residential", "lanes": "1" }, "geometry": { "type": "LineString", "coordinates": [ [ 72.8221336, 18.9243304 ], [ 72.822299, 18.9245175 ] ] } },
{ "type": "Feature", "properties": { "name": "Unnamed Road", "highway": "service", "lanes": "1" }, "geometry": { "type": "LineString", "coordinates": [ [ 72.8217538, 18.9254721 ], [ 72.8217725, 18.9254934 ], [ 72.8218236, 18.9255514 ], [ 72.8220414, 18.9257986 ], [ 72.8220677, 18.9258117 ], [ 72.8221153, 18.9258117 ], [ 72.8224799, 18.9255282 ], [ 72.8225263, 18.9254931 ], [ 72.8226079, 18.9254315 ] ] } },
{ "type": "Feature", "properties": { "name": "Unnamed Road", "highway": "service", "lanes": "1" }, "geometry": { "type": "LineString", "coordinates": [ [ 72.8224799, 18.9255282 ], [ 72.8222503, 18.9252563 ], [ 72.8222202, 18.9252472 ], [ 72.8221773, 18.9252634 ], [ 72.8218236, 18.9255514 ] ] } },
{ "type": "Feature", "properties": { "name": "Unnamed Road", "highway": "residential", "lanes": "1" }, "geometry": { "type": "LineString", "coordinates": [ [ 72.8227215, 18.9253445 ], [ 72.8227926, 18.9252952 ], [ 72.8234311, 18.9248403 ], [ 72.8234515, 18.9247871 ], [ 72.82346, 18.9247231 ], [ 72.8233827, 18.9245919 ], [ 72.8233382, 18.9245679 ], [ 72.8232594, 18.9245598 ], [ 72.8231768, 18.9245889 ], [ 72.8225894, 18.9250886 ], [ 72.8225533, 18.9251192 ] ] } },
{ "type": "Feature", "properties": { "name": "Unnamed Road", "highway": "service", "lanes": "1" }, "geometry": { "type": "LineString", "coordinates": [ [ 72.8252903, 18.9294061 ], [ 72.8253772, 18.9293229 ], [ 72.8253929, 18.9293101 ], [ 72.8256914, 18.9290659 ] ] } },
{ "type": "Feature", "properties": { "name": "Unnamed Road", "highway": "service", "lanes": "1" }, "geometry": { "type": "LineString", "coordinates": [ [ 72.8253929, 18.9293101 ], [ 72.8254607, 18.9293958 ], [ 72.8254984, 18.9294162 ], [ 72.825546, 18.9294291 ], [ 72.8255896, 18.9294308 ], [ 72.8256381, 18.9294199 ], [ 72.8256893, 18.9293884 ], [ 72.8258132, 18.9293054 ], [ 72.8258525, 18.9293559 ], [ 72.8258917, 18.9294064 ] ] } },
{ "type": "Feature", "properties": { "name": "Unnamed Road", "highway": "service", "lanes": "1" }, "geometry": { "type": "LineString", "coordinates": [ [ 72.8256893, 18.9293884 ], [ 72.8257245, 18.9294379 ], [ 72.8257597, 18.9294874 ] ] } },
{ "type": "Feature", "properties": { "name": "Unnamed Road", "highway": "service", "lanes": "1" }, "geometry": { "type": "LineString", "coordinates": [ [ 72.8255896, 18.9294308 ], [ 72.8255966, 18.9295071 ], [ 72.8256035, 18.9295834 ] ] } },
{ "type": "Feature", "properties": { "name": "Madame Cama Road", "highway": "primary", "lanes": "1" }, "geometry": { "type": "LineString", "coordinates": [ [ 72.8271974, 18.9266091 ], [ 72.8273642, 18.9265803 ] ] } },
{ "type": "Feature", "properties": { "name": "Unnamed Road", "highway": "footway", "lanes": "1" }, "geometry": { "type": "LineString", "coordinates": [ [ 72.8327421, 18.9252196 ], [ 72.8327914, 18.9253911 ] ] } },
{ "type": "Feature", "properties": { "name": "Unnamed Road", "highway": "footway", "lanes": "1" }, "geometry": { "type": "LineString", "coordinates": [ [ 72.8326137, 18.9251765 ], [ 72.8326773, 18.9251952 ], [ 72.8327421, 18.9252196 ] ] } },
{ "type": "Feature", "properties": { "name": "Unnamed Road", "highway": "footway", "lanes": "1" }, "geometry": { "type": "LineString", "coordinates": [ [ 72.8325299, 18.9250452 ], [ 72.8326137, 18.9251765 ] ] } },
{ "type": "Feature", "properties": { "name": "Unnamed Road", "highway": "footway", "lanes": "1" }, "geometry": { "type": "LineString", "coordinates": [ [ 72.8321862, 18.924983 ], [ 72.8322867, 18.9249543 ] ] } },
{ "type": "Feature", "properties": { "name": "Unnamed Road", "highway": "footway", "lanes": "1" }, "geometry": { "type": "LineString", "coordinates": [ [ 72.8320525, 18.9249932 ], [ 72.8321523, 18.9249863 ], [ 72.8321862, 18.924983 ] ] } },
{ "type": "Feature", "properties": { "name": "Unnamed Road", "highway": "footway", "lanes": "1" }, "geometry": { "type": "LineString", "coordinates": [ [ 72.8317755, 18.925389 ], [ 72.831913, 18.9253243 ], [ 72.8319687, 18.9251727 ], [ 72.832031, 18.9250547 ], [ 72.8320525, 18.9249932 ], [ 72.8320236, 18.9249234 ] ] } },
{ "type": "Feature", "properties": { "name": "Unnamed Road", "highway": "footway", "lanes": "1" }, "geometry": { "type": "LineString", "coordinates": [ [ 72.8318466, 18.925497 ], [ 72.8318612, 18.9254294 ], [ 72.831913, 18.9253243 ] ] } },
{ "type": "Feature", "properties": { "name": "Unnamed Road", "highway": "footway", "lanes": "1" }, "geometry": { "type": "LineString", "coordinates": [ [ 72.8316186, 18.9257544 ], [ 72.8316867, 18.9257413 ], [ 72.8317253, 18.9257372 ], [ 72.8318037, 18.925625 ], [ 72.8318227, 18.9255713 ], [ 72.8318313, 18.9255467 ] ] } },
{ "type": "Feature", "properties": { "name": "Unnamed Road", "highway": "footway", "lanes": "1" }, "geometry": { "type": "LineString", "coordinates": [ [ 72.831841, 18.9258329 ], [ 72.8318937, 18.9258731 ] ] } },
{ "type": "Feature", "properties": { "name": "Unnamed Road", "highway": "footway", "lanes": "1" }, "geometry": { "type": "LineString", "coordinates": [ [ 72.8318937, 18.9258731 ], [ 72.8319227, 18.9258996 ], [ 72.8319667, 18.9259396 ], [ 72.8319755, 18.9259487 ], [ 72.8320357, 18.9260309 ] ] } },
{ "type": "Feature", "properties": { "name": "Unnamed Road", "highway": "footway", "lanes": "1" }, "geometry": { "type": "LineString", "coordinates": [ [ 72.8318949, 18.9261134 ], [ 72.8320357, 18.9260309 ], [ 72.8322986, 18.9259231 ], [ 72.8325467, 18.925866 ], [ 72.8328659, 18.9258673 ], [ 72.8331046, 18.9259015 ] ] } },
{ "type": "Feature", "properties": { "name": "Unnamed Road", "highway": "footway", "lanes": "1" }, "geometry": { "type": "LineString", "coordinates": [ [ 72.8317253, 18.9257372 ], [ 72.8317785, 18.9257843 ], [ 72.831841, 18.9258329 ] ] } },
{ "type": "Feature", "properties": { "name": "Unnamed Road", "highway": "footway", "lanes": "1" }, "geometry": { "type": "LineString", "coordinates": [ [ 72.8322867, 18.9249543 ], [ 72.8323256, 18.9249367 ], [ 72.8324562, 18.9248797 ], [ 72.8325073, 18.9249809 ], [ 72.8325299, 18.9250452 ] ] } },
{ "type": "Feature", "properties": { "name": "Unnamed Road", "highway": "service", "lanes": "1" }, "geometry": { "type": "LineString", "coordinates": [ [ 72.832519, 18.9260236 ], [ 72.8325372, 18.9259197 ], [ 72.8325467, 18.925866 ] ] } },
{ "type": "Feature", "properties": { "name": "Unnamed Road", "highway": "footway", "lanes": "1" }, "geometry": { "type": "LineString", "coordinates": [ [ 72.8326554, 18.9254845 ], [ 72.8327166, 18.9254422 ], [ 72.8327914, 18.9253911 ] ] } },
{ "type": "Feature", "properties": { "name": "Unnamed Road", "highway": "footway", "lanes": "1" }, "geometry": { "type": "LineString", "coordinates": [ [ 72.8326033, 18.9255908 ], [ 72.8326554, 18.9254845 ] ] } },
{ "type": "Feature", "properties": { "name": "Unnamed Road", "highway": "footway", "lanes": "1" }, "geometry": { "type": "LineString", "coordinates": [ [ 72.8325467, 18.925866 ], [ 72.8325706, 18.9257229 ], [ 72.8325878, 18.925646 ], [ 72.8326033, 18.9255908 ] ] } },
{ "type": "Feature", "properties": { "name": "Unnamed Road", "highway": "pedestrian", "lanes": "1" }, "geometry": { "type": "LineString", "coordinates": [ [ 72.83234, 18.9264098 ], [ 72.8323206, 18.9263957 ], [ 72.8322971, 18.9263897 ], [ 72.8322728, 18.9263926 ], [ 72.8322517, 18.9264041 ], [ 72.8322367, 18.9264224 ], [ 72.8322304, 18.9264447 ], [ 72.8322335, 18.9264676 ], [ 72.8322456, 18.9264876 ], [ 72.832265, 18.9265018 ], [ 72.8322885, 18.9265078 ], [ 72.8323128, 18.9265048 ], [ 72.8323339, 18.9264933 ], [ 72.8323488, 18.926475 ], [ 72.8323552, 18.9264528 ], [ 72.8323521, 18.9264298 ], [ 72.83234, 18.9264098 ] ] } },
{ "type": "Feature", "properties": { "name": "Unnamed Road", "highway": "pedestrian", "lanes": "1" }, "geometry": { "type": "LineString", "coordinates": [ [ 72.8320752, 18.9261894 ], [ 72.8322517, 18.9264041 ] ] } },
{ "type": "Feature", "properties": { "name": "Unnamed Road", "highway": "pedestrian", "lanes": "1" }, "geometry": { "type": "LineString", "coordinates": [ [ 72.8327003, 18.9261411 ], [ 72.83234, 18.9264098 ] ] } }
]
}
